2026-04-06 11:00:03 [restartedMain] INFO  c.e.carservice.CarServiceApplication - Starting CarServiceApplication using Java 25.0.2 with PID 3356 (D:\Java\carService\target\classes started by Dzmitry in D:\Java\carService)
2026-04-06 11:00:03 [restartedMain] DEBUG c.e.carservice.CarServiceApplication - Running with Spring Boot v4.0.3, Spring v7.0.5
2026-04-06 11:00:03 [restartedMain] INFO  c.e.carservice.CarServiceApplication - The following 1 profile is active: "local"
2026-04-06 11:00:03 [restartedMain] INFO  o.s.b.d.e.DevToolsPropertyDefaultsPostProcessor - Devtools property defaults active! Set 'spring.devtools.add-properties' to 'false' to disable
2026-04-06 11:00:03 [restartedMain] INFO  o.s.b.d.e.DevToolsPropertyDefaultsPostProcessor - For additional web related logging consider setting the 'logging.level.web' property to 'DEBUG'
2026-04-06 11:00:03 [background-preinit] INFO  o.h.validator.internal.util.Version - HV000001: Hibernate Validator 9.0.1.Final
2026-04-06 11:00:04 [restartedMain] INFO  o.s.d.r.c.RepositoryConfigurationDelegate - Bootstrapping Spring Data JPA repositories in DEFAULT mode.
2026-04-06 11:00:04 [restartedMain] INFO  o.s.d.r.c.RepositoryConfigurationDelegate - Finished Spring Data repository scanning in 17 ms. Found 0 JPA repository interfaces.
2026-04-06 11:00:04 [restartedMain] INFO  o.s.boot.tomcat.TomcatWebServer - Tomcat initialized with port 8080 (http)
2026-04-06 11:00:04 [restartedMain] INFO  o.a.coyote.http11.Http11NioProtocol - Initializing ProtocolHandler ["http-nio-8080"]
2026-04-06 11:00:04 [restartedMain] INFO  o.a.catalina.core.StandardService - Starting service [Tomcat]
2026-04-06 11:00:04 [restartedMain] INFO  o.a.catalina.core.StandardEngine - Starting Servlet engine: [Apache Tomcat/11.0.18]
2026-04-06 11:00:04 [restartedMain] INFO  o.s.b.w.c.s.WebApplicationContextInitializer - Root WebApplicationContext: initialization completed in 1694 ms
2026-04-06 11:00:05 [restartedMain] INFO  org.hibernate.orm.jpa - HHH008540: Processing PersistenceUnitInfo [name: default]
2026-04-06 11:00:05 [restartedMain] INFO  org.hibernate.orm.core - HHH000001: Hibernate ORM core version 7.2.4.Final
2026-04-06 11:00:06 [restartedMain] INFO  o.s.o.j.p.SpringPersistenceUnitInfo - No LoadTimeWeaver setup: ignoring JPA class transformer
2026-04-06 11:00:06 [restartedMain] INFO  com.zaxxer.hikari.HikariDataSource - HikariPool-1 - Starting...
2026-04-06 11:00:07 [restartedMain] INFO  com.zaxxer.hikari.pool.HikariPool - HikariPool-1 - Added connection org.postgresql.jdbc.PgConnection@529bfe81
2026-04-06 11:00:07 [restartedMain] INFO  com.zaxxer.hikari.HikariDataSource - HikariPool-1 - Start completed.
2026-04-06 11:00:07 [restartedMain] INFO  o.hibernate.orm.connections.pooling - HHH10001005: Database info:
	Database JDBC URL [jdbc:postgresql://localhost:5432/carservice]
	Database driver: PostgreSQL JDBC Driver
	Database dialect: PostgreSQLDialect
	Database version: 18.3
	Default catalog/schema: carservice/public
	Autocommit mode: undefined/unknown
	Isolation level: READ_COMMITTED [default READ_COMMITTED]
	JDBC fetch size: none
	Pool: DataSourceConnectionProvider
	Minimum pool size: undefined/unknown
	Maximum pool size: undefined/unknown
2026-04-06 11:00:08 [restartedMain] INFO  org.hibernate.orm.core - HHH000489: No JTA platform available (set 'hibernate.transaction.jta.platform' to enable JTA platform integration)
2026-04-06 11:00:08 [restartedMain] INFO  o.s.o.j.LocalContainerEntityManagerFactoryBean - Initialized JPA EntityManagerFactory for persistence unit 'default'
2026-04-06 11:00:08 [restartedMain] WARN  o.s.b.j.a.JpaBaseConfiguration$JpaWebConfiguration - spring.jpa.open-in-view is enabled by default. Therefore, database queries may be performed during view rendering. Explicitly configure spring.jpa.open-in-view to disable this warning
2026-04-06 11:00:08 [restartedMain] INFO  o.a.coyote.http11.Http11NioProtocol - Starting ProtocolHandler ["http-nio-8080"]
2026-04-06 11:00:08 [restartedMain] INFO  o.s.boot.tomcat.TomcatWebServer - Tomcat started on port 8080 (http) with context path '/'
2026-04-06 11:00:08 [restartedMain] INFO  c.e.carservice.CarServiceApplication - Started CarServiceApplication in 6.451 seconds (process running for 7.787)
2026-04-06 11:00:20 [SpringApplicationShutdownHook] INFO  o.s.boot.tomcat.GracefulShutdown - Commencing graceful shutdown. Waiting for active requests to complete
2026-04-06 11:00:20 [tomcat-shutdown] INFO  o.s.boot.tomcat.GracefulShutdown - Graceful shutdown complete
2026-04-06 11:00:20 [SpringApplicationShutdownHook] INFO  o.s.o.j.LocalContainerEntityManagerFactoryBean - Closing JPA EntityManagerFactory for persistence unit 'default'
2026-04-06 11:00:20 [SpringApplicationShutdownHook] INFO  com.zaxxer.hikari.HikariDataSource - HikariPool-1 - Shutdown initiated...
2026-04-06 11:00:20 [SpringApplicationShutdownHook] INFO  com.zaxxer.hikari.HikariDataSource - HikariPool-1 - Shutdown completed.
2026-04-06 11:00:29 [restartedMain] INFO  c.e.carservice.CarServiceApplication - Starting CarServiceApplication using Java 25.0.2 with PID 27392 (D:\Java\carService\target\classes started by Dzmitry in D:\Java\carService)
2026-04-06 11:00:29 [restartedMain] DEBUG c.e.carservice.CarServiceApplication - Running with Spring Boot v4.0.3, Spring v7.0.5
2026-04-06 11:00:29 [restartedMain] INFO  c.e.carservice.CarServiceApplication - The following 1 profile is active: "local"
2026-04-06 11:00:29 [restartedMain] INFO  o.s.b.d.e.DevToolsPropertyDefaultsPostProcessor - Devtools property defaults active! Set 'spring.devtools.add-properties' to 'false' to disable
2026-04-06 11:00:29 [restartedMain] INFO  o.s.b.d.e.DevToolsPropertyDefaultsPostProcessor - For additional web related logging consider setting the 'logging.level.web' property to 'DEBUG'
2026-04-06 11:00:29 [background-preinit] INFO  o.h.validator.internal.util.Version - HV000001: Hibernate Validator 9.0.1.Final
2026-04-06 11:00:30 [restartedMain] INFO  o.s.d.r.c.RepositoryConfigurationDelegate - Bootstrapping Spring Data JPA repositories in DEFAULT mode.
2026-04-06 11:00:30 [restartedMain] INFO  o.s.d.r.c.RepositoryConfigurationDelegate - Finished Spring Data repository scanning in 111 ms. Found 7 JPA repository interfaces.
2026-04-06 11:00:31 [restartedMain] INFO  o.s.boot.tomcat.TomcatWebServer - Tomcat initialized with port 8080 (http)
2026-04-06 11:00:31 [restartedMain] INFO  o.a.coyote.http11.Http11NioProtocol - Initializing ProtocolHandler ["http-nio-8080"]
2026-04-06 11:00:31 [restartedMain] INFO  o.a.catalina.core.StandardService - Starting service [Tomcat]
2026-04-06 11:00:31 [restartedMain] INFO  o.a.catalina.core.StandardEngine - Starting Servlet engine: [Apache Tomcat/11.0.18]
2026-04-06 11:00:31 [restartedMain] INFO  o.s.b.w.c.s.WebApplicationContextInitializer - Root WebApplicationContext: initialization completed in 1697 ms
2026-04-06 11:00:31 [restartedMain] INFO  org.hibernate.orm.jpa - HHH008540: Processing PersistenceUnitInfo [name: default]
2026-04-06 11:00:31 [restartedMain] INFO  org.hibernate.orm.core - HHH000001: Hibernate ORM core version 7.2.4.Final
2026-04-06 11:00:32 [restartedMain] INFO  o.s.o.j.p.SpringPersistenceUnitInfo - No LoadTimeWeaver setup: ignoring JPA class transformer
2026-04-06 11:00:32 [restartedMain] INFO  com.zaxxer.hikari.HikariDataSource - HikariPool-1 - Starting...
2026-04-06 11:00:32 [restartedMain] INFO  com.zaxxer.hikari.pool.HikariPool - HikariPool-1 - Added connection org.postgresql.jdbc.PgConnection@2a40c17e
2026-04-06 11:00:32 [restartedMain] INFO  com.zaxxer.hikari.HikariDataSource - HikariPool-1 - Start completed.
2026-04-06 11:00:32 [restartedMain] INFO  o.hibernate.orm.connections.pooling - HHH10001005: Database info:
	Database JDBC URL [jdbc:postgresql://localhost:5432/carservice]
	Database driver: PostgreSQL JDBC Driver
	Database dialect: PostgreSQLDialect
	Database version: 18.3
	Default catalog/schema: carservice/public
	Autocommit mode: undefined/unknown
	Isolation level: READ_COMMITTED [default READ_COMMITTED]
	JDBC fetch size: none
	Pool: DataSourceConnectionProvider
	Minimum pool size: undefined/unknown
	Maximum pool size: undefined/unknown
2026-04-06 11:00:33 [restartedMain] INFO  org.hibernate.orm.core - HHH000489: No JTA platform available (set 'hibernate.transaction.jta.platform' to enable JTA platform integration)
2026-04-06 11:00:34 [restartedMain] INFO  o.s.o.j.LocalContainerEntityManagerFactoryBean - Initialized JPA EntityManagerFactory for persistence unit 'default'
2026-04-06 11:00:34 [restartedMain] INFO  o.s.d.j.r.q.QueryEnhancerFactories - Hibernate is in classpath; If applicable, HQL parser will be used.
2026-04-06 11:00:36 [restartedMain] WARN  o.s.b.j.a.JpaBaseConfiguration$JpaWebConfiguration - spring.jpa.open-in-view is enabled by default. Therefore, database queries may be performed during view rendering. Explicitly configure spring.jpa.open-in-view to disable this warning
2026-04-06 11:00:36 [restartedMain] INFO  o.a.coyote.http11.Http11NioProtocol - Starting ProtocolHandler ["http-nio-8080"]
2026-04-06 11:00:36 [restartedMain] INFO  o.s.boot.tomcat.TomcatWebServer - Tomcat started on port 8080 (http) with context path '/'
2026-04-06 11:00:36 [restartedMain] INFO  c.e.carservice.CarServiceApplication - Started CarServiceApplication in 7.895 seconds (process running for 8.829)
2026-04-06 11:00:36 [restartedMain] INFO  c.e.c.config.DataInitializer - === Создание клиентов ===
2026-04-06 11:00:36 [restartedMain] INFO  c.e.c.config.DataInitializer - === Создание машин ===
2026-04-06 11:00:36 [restartedMain] INFO  c.e.c.config.DataInitializer - === Создание механиков ===
2026-04-06 11:00:36 [restartedMain] INFO  c.e.c.config.DataInitializer - === Создание услуг ===
2026-04-06 11:00:37 [restartedMain] INFO  c.e.c.config.DataInitializer - === Создание запчастей ===
2026-04-06 11:00:37 [restartedMain] INFO  c.e.c.config.DataInitializer - === Создание заказов ===
2026-04-06 11:00:37 [restartedMain] INFO  c.e.c.config.DataInitializer - Клиентов: 4
2026-04-06 11:00:37 [restartedMain] INFO  c.e.c.config.DataInitializer - Машин: 5
2026-04-06 11:00:37 [restartedMain] INFO  c.e.c.config.DataInitializer - Механиков: 4
2026-04-06 11:00:37 [restartedMain] INFO  c.e.c.config.DataInitializer - Услуг: 5
2026-04-06 11:00:37 [restartedMain] INFO  c.e.c.config.DataInitializer - Запчастей: 5
2026-04-06 11:00:37 [restartedMain] INFO  c.e.c.config.DataInitializer - Заказов: 4
2026-04-06 11:00:37 [restartedMain] INFO  c.e.c.service.impl.OrderServiceImpl - === Без оптимизации (N+1) ===
2026-04-06 11:00:37 [restartedMain] INFO  c.e.c.service.impl.OrderServiceImpl - Загружено 4 заказов без оптимизации
2026-04-06 11:00:37 [restartedMain] DEBUG c.e.c.service.impl.OrderServiceImpl - Order 1: client Петров
2026-04-06 11:00:37 [restartedMain] DEBUG c.e.c.service.impl.OrderServiceImpl - Order 2: client Сидорова
2026-04-06 11:00:37 [restartedMain] DEBUG c.e.c.service.impl.OrderServiceImpl - Order 3: client Новикова
2026-04-06 11:00:37 [restartedMain] DEBUG c.e.c.service.impl.OrderServiceImpl - Order 4: client Петров
2026-04-06 11:00:37 [restartedMain] INFO  c.e.c.service.impl.OrderServiceImpl - === Конец N+1 ===
2026-04-06 11:00:37 [restartedMain] INFO  c.e.c.service.impl.OrderServiceImpl - === С оптимизацией (один запрос) ===
2026-04-06 11:00:37 [restartedMain] INFO  c.e.c.service.impl.OrderServiceImpl - Загружено 4 заказов с оптимизацией
2026-04-06 11:00:37 [restartedMain] DEBUG c.e.c.service.impl.OrderServiceImpl - Order 1: client Петров
2026-04-06 11:00:37 [restartedMain] DEBUG c.e.c.service.impl.OrderServiceImpl - Order 2: client Сидорова
2026-04-06 11:00:37 [restartedMain] DEBUG c.e.c.service.impl.OrderServiceImpl - Order 3: client Новикова
2026-04-06 11:00:37 [restartedMain] DEBUG c.e.c.service.impl.OrderServiceImpl - Order 4: client Петров
2026-04-06 11:00:37 [restartedMain] INFO  c.e.c.service.impl.OrderServiceImpl - === Конец оптимизации ===
2026-04-06 11:00:37 [restartedMain] INFO  c.e.c.aspect.ServiceLoggingAspect - Method OrderServiceImpl.demonstrateNplus1Problem() executed in 78 ms
2026-04-06 11:00:37 [restartedMain] INFO  c.e.c.config.DataInitializer - === Используем машину с ID: 1 ===
2026-04-06 11:00:37 [restartedMain] INFO  c.e.c.config.DataInitializer - 
=== ТЕСТ 1: Без @Transactional ===
2026-04-06 11:00:37 [restartedMain] INFO  c.e.c.service.impl.OrderServiceImpl - === СОХРАНЕНИЕ БЕЗ @Transactional ===
2026-04-06 11:00:37 [restartedMain] INFO  c.e.c.service.impl.OrderServiceImpl - 1. Заказ сохранён, ID: 5
2026-04-06 11:00:37 [restartedMain] INFO  c.e.c.service.impl.OrderServiceImpl - 2. Имитируем ошибку...
2026-04-06 11:00:37 [restartedMain] ERROR c.e.c.config.DataInitializer - Ошибка: Ошибка после частичного сохранения! Заказ остался в БД.
2026-04-06 11:00:37 [restartedMain] INFO  c.e.c.config.DataInitializer - 
=== ТЕСТ 2: С @Transactional ===
2026-04-06 11:00:37 [restartedMain] INFO  c.e.c.service.impl.OrderServiceImpl - === СОХРАНЕНИЕ С @Transactional ===
2026-04-06 11:00:37 [restartedMain] INFO  c.e.c.service.impl.OrderServiceImpl - 1. Заказ сохранён, ID: 6
2026-04-06 11:00:37 [restartedMain] INFO  c.e.c.service.impl.OrderServiceImpl - 2. Услуги добавлены
2026-04-06 11:00:37 [restartedMain] INFO  c.e.c.service.impl.OrderServiceImpl - 3. Имитируем ошибку...
2026-04-06 11:00:37 [restartedMain] ERROR c.e.c.config.DataInitializer - Ошибка: Ошибка! Всё должно откатиться.
2026-04-06 11:06:35 [File Watcher] INFO  o.s.b.d.a.LocalDevToolsAutoConfiguration$RestartingClassPathChangeChangedEventListener - Restarting due to 1 class path change (0 additions, 1 deletion, 0 modifications)
2026-04-06 11:06:35 [Thread-1] INFO  o.s.boot.tomcat.GracefulShutdown - Commencing graceful shutdown. Waiting for active requests to complete
2026-04-06 11:06:35 [tomcat-shutdown] INFO  o.a.coyote.http11.Http11NioProtocol - Pausing ProtocolHandler ["http-nio-8080"]
2026-04-06 11:06:35 [tomcat-shutdown] INFO  o.s.boot.tomcat.GracefulShutdown - Graceful shutdown complete
2026-04-06 11:06:35 [Thread-1] INFO  o.a.coyote.http11.Http11NioProtocol - Stopping ProtocolHandler ["http-nio-8080"]
2026-04-06 11:06:35 [Thread-1] INFO  o.s.o.j.LocalContainerEntityManagerFactoryBean - Closing JPA EntityManagerFactory for persistence unit 'default'
2026-04-06 11:06:35 [Thread-1] INFO  com.zaxxer.hikari.HikariDataSource - HikariPool-1 - Shutdown initiated...
2026-04-06 11:06:35 [Thread-1] INFO  com.zaxxer.hikari.HikariDataSource - HikariPool-1 - Shutdown completed.
2026-04-06 11:06:36 [restartedMain] INFO  c.e.carservice.CarServiceApplication - Starting CarServiceApplication using Java 25.0.2 with PID 27392 (D:\Java\carService\target\classes started by Dzmitry in D:\Java\carService)
2026-04-06 11:06:36 [restartedMain] DEBUG c.e.carservice.CarServiceApplication - Running with Spring Boot v4.0.3, Spring v7.0.5
2026-04-06 11:06:36 [restartedMain] INFO  c.e.carservice.CarServiceApplication - The following 1 profile is active: "local"
2026-04-06 11:06:36 [restartedMain] INFO  o.s.d.r.c.RepositoryConfigurationDelegate - Bootstrapping Spring Data JPA repositories in DEFAULT mode.
2026-04-06 11:06:36 [restartedMain] INFO  o.s.d.r.c.RepositoryConfigurationDelegate - Finished Spring Data repository scanning in 44 ms. Found 7 JPA repository interfaces.
2026-04-06 11:06:36 [restartedMain] INFO  o.s.boot.tomcat.TomcatWebServer - Tomcat initialized with port 8080 (http)
2026-04-06 11:06:36 [restartedMain] INFO  o.a.coyote.http11.Http11NioProtocol - Initializing ProtocolHandler ["http-nio-8080"]
2026-04-06 11:06:36 [restartedMain] INFO  o.a.catalina.core.StandardService - Starting service [Tomcat]
2026-04-06 11:06:36 [restartedMain] INFO  o.a.catalina.core.StandardEngine - Starting Servlet engine: [Apache Tomcat/11.0.18]
2026-04-06 11:06:36 [restartedMain] INFO  o.s.b.w.c.s.WebApplicationContextInitializer - Root WebApplicationContext: initialization completed in 610 ms
2026-04-06 11:06:36 [restartedMain] INFO  org.hibernate.orm.jpa - HHH008540: Processing PersistenceUnitInfo [name: default]
2026-04-06 11:06:36 [restartedMain] INFO  o.s.o.j.p.SpringPersistenceUnitInfo - No LoadTimeWeaver setup: ignoring JPA class transformer
2026-04-06 11:06:36 [restartedMain] INFO  com.zaxxer.hikari.HikariDataSource - HikariPool-2 - Starting...
2026-04-06 11:06:36 [restartedMain] INFO  com.zaxxer.hikari.pool.HikariPool - HikariPool-2 - Added connection org.postgresql.jdbc.PgConnection@738922c8
2026-04-06 11:06:36 [restartedMain] INFO  com.zaxxer.hikari.HikariDataSource - HikariPool-2 - Start completed.
2026-04-06 11:06:37 [restartedMain] INFO  o.hibernate.orm.connections.pooling - HHH10001005: Database info:
	Database JDBC URL [jdbc:postgresql://localhost:5432/carservice]
	Database driver: PostgreSQL JDBC Driver
	Database dialect: PostgreSQLDialect
	Database version: 18.3
	Default catalog/schema: carservice/public
	Autocommit mode: undefined/unknown
	Isolation level: READ_COMMITTED [default READ_COMMITTED]
	JDBC fetch size: none
	Pool: DataSourceConnectionProvider
	Minimum pool size: undefined/unknown
	Maximum pool size: undefined/unknown
2026-04-06 11:06:37 [restartedMain] INFO  org.hibernate.orm.core - HHH000489: No JTA platform available (set 'hibernate.transaction.jta.platform' to enable JTA platform integration)
2026-04-06 11:06:37 [restartedMain] INFO  o.s.o.j.LocalContainerEntityManagerFactoryBean - Initialized JPA EntityManagerFactory for persistence unit 'default'
2026-04-06 11:06:38 [restartedMain] WARN  o.s.b.j.a.JpaBaseConfiguration$JpaWebConfiguration - spring.jpa.open-in-view is enabled by default. Therefore, database queries may be performed during view rendering. Explicitly configure spring.jpa.open-in-view to disable this warning
2026-04-06 11:06:38 [restartedMain] INFO  o.a.coyote.http11.Http11NioProtocol - Starting ProtocolHandler ["http-nio-8080"]
2026-04-06 11:06:38 [restartedMain] INFO  o.s.boot.tomcat.TomcatWebServer - Tomcat started on port 8080 (http) with context path '/'
2026-04-06 11:06:38 [restartedMain] INFO  c.e.carservice.CarServiceApplication - Started CarServiceApplication in 2.48 seconds (process running for 370.56)
2026-04-06 11:06:38 [restartedMain] INFO  c.e.c.config.DataInitializer - === Создание клиентов ===
2026-04-06 11:06:38 [restartedMain] INFO  c.e.c.config.DataInitializer - === Создание машин ===
2026-04-06 11:06:38 [restartedMain] INFO  c.e.c.config.DataInitializer - === Создание механиков ===
2026-04-06 11:06:38 [restartedMain] INFO  c.e.c.config.DataInitializer - === Создание услуг ===
2026-04-06 11:06:38 [restartedMain] INFO  c.e.c.config.DataInitializer - === Создание запчастей ===
2026-04-06 11:06:38 [restartedMain] INFO  c.e.c.config.DataInitializer - === Создание заказов ===
2026-04-06 11:06:38 [restartedMain] INFO  c.e.c.config.DataInitializer - Клиентов: 4
2026-04-06 11:06:38 [restartedMain] INFO  c.e.c.config.DataInitializer - Машин: 5
2026-04-06 11:06:38 [restartedMain] INFO  c.e.c.config.DataInitializer - Механиков: 4
2026-04-06 11:06:38 [restartedMain] INFO  c.e.c.config.DataInitializer - Услуг: 5
2026-04-06 11:06:38 [restartedMain] INFO  c.e.c.config.DataInitializer - Запчастей: 5
2026-04-06 11:06:38 [restartedMain] INFO  c.e.c.config.DataInitializer - Заказов: 4
2026-04-06 11:06:38 [restartedMain] INFO  c.e.c.service.impl.OrderServiceImpl - === Без оптимизации (N+1) ===
2026-04-06 11:06:38 [restartedMain] INFO  c.e.c.service.impl.OrderServiceImpl - Загружено 4 заказов без оптимизации
2026-04-06 11:06:38 [restartedMain] DEBUG c.e.c.service.impl.OrderServiceImpl - Order 1: client Петров
2026-04-06 11:06:38 [restartedMain] DEBUG c.e.c.service.impl.OrderServiceImpl - Order 2: client Сидорова
2026-04-06 11:06:38 [restartedMain] DEBUG c.e.c.service.impl.OrderServiceImpl - Order 3: client Новикова
2026-04-06 11:06:38 [restartedMain] DEBUG c.e.c.service.impl.OrderServiceImpl - Order 4: client Петров
2026-04-06 11:06:38 [restartedMain] INFO  c.e.c.service.impl.OrderServiceImpl - === Конец N+1 ===
2026-04-06 11:06:38 [restartedMain] INFO  c.e.c.service.impl.OrderServiceImpl - === С оптимизацией (один запрос) ===
2026-04-06 11:06:38 [restartedMain] INFO  c.e.c.service.impl.OrderServiceImpl - Загружено 4 заказов с оптимизацией
2026-04-06 11:06:38 [restartedMain] DEBUG c.e.c.service.impl.OrderServiceImpl - Order 1: client Петров
2026-04-06 11:06:38 [restartedMain] DEBUG c.e.c.service.impl.OrderServiceImpl - Order 2: client Сидорова
2026-04-06 11:06:38 [restartedMain] DEBUG c.e.c.service.impl.OrderServiceImpl - Order 3: client Новикова
2026-04-06 11:06:38 [restartedMain] DEBUG c.e.c.service.impl.OrderServiceImpl - Order 4: client Петров
2026-04-06 11:06:38 [restartedMain] INFO  c.e.c.service.impl.OrderServiceImpl - === Конец оптимизации ===
2026-04-06 11:06:38 [restartedMain] INFO  c.e.c.aspect.ServiceLoggingAspect - Method OrderServiceImpl.demonstrateNplus1Problem() executed in 28 ms
2026-04-06 11:06:38 [restartedMain] INFO  c.e.c.config.DataInitializer - === Используем машину с ID: 1 ===
2026-04-06 11:06:38 [restartedMain] INFO  c.e.c.config.DataInitializer - 
=== ТЕСТ 1: Без @Transactional ===
2026-04-06 11:06:38 [restartedMain] INFO  c.e.c.service.impl.OrderServiceImpl - === СОХРАНЕНИЕ БЕЗ @Transactional ===
2026-04-06 11:06:38 [restartedMain] INFO  c.e.c.service.impl.OrderServiceImpl - 1. Заказ сохранён, ID: 5
2026-04-06 11:06:38 [restartedMain] INFO  c.e.c.service.impl.OrderServiceImpl - 2. Имитируем ошибку...
2026-04-06 11:06:38 [restartedMain] ERROR c.e.c.config.DataInitializer - Ошибка: Ошибка после частичного сохранения! Заказ остался в БД.
2026-04-06 11:06:38 [restartedMain] INFO  c.e.c.config.DataInitializer - 
=== ТЕСТ 2: С @Transactional ===
2026-04-06 11:06:38 [restartedMain] INFO  c.e.c.service.impl.OrderServiceImpl - === СОХРАНЕНИЕ С @Transactional ===
2026-04-06 11:06:38 [restartedMain] INFO  c.e.c.service.impl.OrderServiceImpl - 1. Заказ сохранён, ID: 6
2026-04-06 11:06:38 [restartedMain] INFO  c.e.c.service.impl.OrderServiceImpl - 2. Услуги добавлены
2026-04-06 11:06:38 [restartedMain] INFO  c.e.c.service.impl.OrderServiceImpl - 3. Имитируем ошибку...
2026-04-06 11:06:38 [restartedMain] ERROR c.e.c.config.DataInitializer - Ошибка: Ошибка! Всё должно откатиться.
2026-04-06 11:06:38 [restartedMain] INFO  o.s.b.d.a.ConditionEvaluationDeltaLoggingListener - Condition evaluation unchanged
2026-04-06 11:06:39 [File Watcher] INFO  o.s.b.d.a.LocalDevToolsAutoConfiguration$RestartingClassPathChangeChangedEventListener - Restarting due to 1 class path change (1 addition, 0 deletions, 0 modifications)
2026-04-06 11:06:39 [Thread-5] INFO  o.s.boot.tomcat.GracefulShutdown - Commencing graceful shutdown. Waiting for active requests to complete
2026-04-06 11:06:39 [tomcat-shutdown] INFO  o.a.coyote.http11.Http11NioProtocol - Pausing ProtocolHandler ["http-nio-8080"]
2026-04-06 11:06:39 [tomcat-shutdown] INFO  o.s.boot.tomcat.GracefulShutdown - Graceful shutdown complete
2026-04-06 11:06:39 [Thread-5] INFO  o.a.coyote.http11.Http11NioProtocol - Stopping ProtocolHandler ["http-nio-8080"]
2026-04-06 11:06:39 [Thread-5] INFO  o.s.o.j.LocalContainerEntityManagerFactoryBean - Closing JPA EntityManagerFactory for persistence unit 'default'
2026-04-06 11:06:40 [Thread-5] INFO  com.zaxxer.hikari.HikariDataSource - HikariPool-2 - Shutdown initiated...
2026-04-06 11:06:40 [Thread-5] INFO  com.zaxxer.hikari.HikariDataSource - HikariPool-2 - Shutdown completed.
2026-04-06 11:06:40 [restartedMain] INFO  c.e.carservice.CarServiceApplication - Starting CarServiceApplication using Java 25.0.2 with PID 27392 (D:\Java\carService\target\classes started by Dzmitry in D:\Java\carService)
2026-04-06 11:06:40 [restartedMain] DEBUG c.e.carservice.CarServiceApplication - Running with Spring Boot v4.0.3, Spring v7.0.5
2026-04-06 11:06:40 [restartedMain] INFO  c.e.carservice.CarServiceApplication - The following 1 profile is active: "local"
2026-04-06 11:06:40 [restartedMain] INFO  o.s.d.r.c.RepositoryConfigurationDelegate - Bootstrapping Spring Data JPA repositories in DEFAULT mode.
2026-04-06 11:06:40 [restartedMain] INFO  o.s.d.r.c.RepositoryConfigurationDelegate - Finished Spring Data repository scanning in 33 ms. Found 7 JPA repository interfaces.
2026-04-06 11:06:40 [restartedMain] INFO  o.s.boot.tomcat.TomcatWebServer - Tomcat initialized with port 8080 (http)
2026-04-06 11:06:40 [restartedMain] INFO  o.a.coyote.http11.Http11NioProtocol - Initializing ProtocolHandler ["http-nio-8080"]
2026-04-06 11:06:40 [restartedMain] INFO  o.a.catalina.core.StandardService - Starting service [Tomcat]
2026-04-06 11:06:40 [restartedMain] INFO  o.a.catalina.core.StandardEngine - Starting Servlet engine: [Apache Tomcat/11.0.18]
2026-04-06 11:06:40 [restartedMain] INFO  o.s.b.w.c.s.WebApplicationContextInitializer - Root WebApplicationContext: initialization completed in 507 ms
2026-04-06 11:06:40 [restartedMain] INFO  org.hibernate.orm.jpa - HHH008540: Processing PersistenceUnitInfo [name: default]
2026-04-06 11:06:40 [restartedMain] INFO  o.s.o.j.p.SpringPersistenceUnitInfo - No LoadTimeWeaver setup: ignoring JPA class transformer
2026-04-06 11:06:40 [restartedMain] INFO  com.zaxxer.hikari.HikariDataSource - HikariPool-3 - Starting...
2026-04-06 11:06:40 [restartedMain] INFO  com.zaxxer.hikari.pool.HikariPool - HikariPool-3 - Added connection org.postgresql.jdbc.PgConnection@7fc32820
2026-04-06 11:06:40 [restartedMain] INFO  com.zaxxer.hikari.HikariDataSource - HikariPool-3 - Start completed.
2026-04-06 11:06:40 [restartedMain] INFO  o.hibernate.orm.connections.pooling - HHH10001005: Database info:
	Database JDBC URL [jdbc:postgresql://localhost:5432/carservice]
	Database driver: PostgreSQL JDBC Driver
	Database dialect: PostgreSQLDialect
	Database version: 18.3
	Default catalog/schema: carservice/public
	Autocommit mode: undefined/unknown
	Isolation level: READ_COMMITTED [default READ_COMMITTED]
	JDBC fetch size: none
	Pool: DataSourceConnectionProvider
	Minimum pool size: undefined/unknown
	Maximum pool size: undefined/unknown
2026-04-06 11:06:41 [restartedMain] INFO  org.hibernate.orm.core - HHH000489: No JTA platform available (set 'hibernate.transaction.jta.platform' to enable JTA platform integration)
2026-04-06 11:06:41 [restartedMain] INFO  o.s.o.j.LocalContainerEntityManagerFactoryBean - Initialized JPA EntityManagerFactory for persistence unit 'default'
2026-04-06 11:06:41 [restartedMain] WARN  o.s.b.j.a.JpaBaseConfiguration$JpaWebConfiguration - spring.jpa.open-in-view is enabled by default. Therefore, database queries may be performed during view rendering. Explicitly configure spring.jpa.open-in-view to disable this warning
2026-04-06 11:06:41 [restartedMain] INFO  o.a.coyote.http11.Http11NioProtocol - Starting ProtocolHandler ["http-nio-8080"]
2026-04-06 11:06:41 [restartedMain] INFO  o.s.boot.tomcat.TomcatWebServer - Tomcat started on port 8080 (http) with context path '/'
2026-04-06 11:06:41 [restartedMain] INFO  c.e.carservice.CarServiceApplication - Started CarServiceApplication in 1.806 seconds (process running for 373.929)
2026-04-06 11:06:41 [restartedMain] INFO  c.e.c.config.DataInitializer - === Создание клиентов ===
2026-04-06 11:06:41 [restartedMain] INFO  c.e.c.config.DataInitializer - === Создание машин ===
2026-04-06 11:06:41 [restartedMain] INFO  c.e.c.config.DataInitializer - === Создание механиков ===
2026-04-06 11:06:41 [restartedMain] INFO  c.e.c.config.DataInitializer - === Создание услуг ===
2026-04-06 11:06:42 [restartedMain] INFO  c.e.c.config.DataInitializer - === Создание запчастей ===
2026-04-06 11:06:42 [restartedMain] INFO  c.e.c.config.DataInitializer - === Создание заказов ===
2026-04-06 11:06:42 [restartedMain] INFO  c.e.c.config.DataInitializer - Клиентов: 4
2026-04-06 11:06:42 [restartedMain] INFO  c.e.c.config.DataInitializer - Машин: 5
2026-04-06 11:06:42 [restartedMain] INFO  c.e.c.config.DataInitializer - Механиков: 4
2026-04-06 11:06:42 [restartedMain] INFO  c.e.c.config.DataInitializer - Услуг: 5
2026-04-06 11:06:42 [restartedMain] INFO  c.e.c.config.DataInitializer - Запчастей: 5
2026-04-06 11:06:42 [restartedMain] INFO  c.e.c.config.DataInitializer - Заказов: 4
2026-04-06 11:06:42 [restartedMain] INFO  c.e.c.service.impl.OrderServiceImpl - === Без оптимизации (N+1) ===
2026-04-06 11:06:42 [restartedMain] INFO  c.e.c.service.impl.OrderServiceImpl - Загружено 4 заказов без оптимизации
2026-04-06 11:06:42 [restartedMain] DEBUG c.e.c.service.impl.OrderServiceImpl - Order 1: client Петров
2026-04-06 11:06:42 [restartedMain] DEBUG c.e.c.service.impl.OrderServiceImpl - Order 2: client Сидорова
2026-04-06 11:06:42 [restartedMain] DEBUG c.e.c.service.impl.OrderServiceImpl - Order 3: client Новикова
2026-04-06 11:06:42 [restartedMain] DEBUG c.e.c.service.impl.OrderServiceImpl - Order 4: client Петров
2026-04-06 11:06:42 [restartedMain] INFO  c.e.c.service.impl.OrderServiceImpl - === Конец N+1 ===
2026-04-06 11:06:42 [restartedMain] INFO  c.e.c.service.impl.OrderServiceImpl - === С оптимизацией (один запрос) ===
2026-04-06 11:06:42 [restartedMain] INFO  c.e.c.service.impl.OrderServiceImpl - Загружено 4 заказов с оптимизацией
2026-04-06 11:06:42 [restartedMain] DEBUG c.e.c.service.impl.OrderServiceImpl - Order 1: client Петров
2026-04-06 11:06:42 [restartedMain] DEBUG c.e.c.service.impl.OrderServiceImpl - Order 2: client Сидорова
2026-04-06 11:06:42 [restartedMain] DEBUG c.e.c.service.impl.OrderServiceImpl - Order 3: client Новикова
2026-04-06 11:06:42 [restartedMain] DEBUG c.e.c.service.impl.OrderServiceImpl - Order 4: client Петров
2026-04-06 11:06:42 [restartedMain] INFO  c.e.c.service.impl.OrderServiceImpl - === Конец оптимизации ===
2026-04-06 11:06:42 [restartedMain] INFO  c.e.c.aspect.ServiceLoggingAspect - Method OrderServiceImpl.demonstrateNplus1Problem() executed in 18 ms
2026-04-06 11:06:42 [restartedMain] INFO  c.e.c.config.DataInitializer - === Используем машину с ID: 1 ===
2026-04-06 11:06:42 [restartedMain] INFO  c.e.c.config.DataInitializer - 
=== ТЕСТ 1: Без @Transactional ===
2026-04-06 11:06:42 [restartedMain] INFO  c.e.c.service.impl.OrderServiceImpl - === СОХРАНЕНИЕ БЕЗ @Transactional ===
2026-04-06 11:06:42 [restartedMain] INFO  c.e.c.service.impl.OrderServiceImpl - 1. Заказ сохранён, ID: 5
2026-04-06 11:06:42 [restartedMain] INFO  c.e.c.service.impl.OrderServiceImpl - 2. Имитируем ошибку...
2026-04-06 11:06:42 [restartedMain] ERROR c.e.c.config.DataInitializer - Ошибка: Ошибка после частичного сохранения! Заказ остался в БД.
2026-04-06 11:06:42 [restartedMain] INFO  c.e.c.config.DataInitializer - 
=== ТЕСТ 2: С @Transactional ===
2026-04-06 11:06:42 [restartedMain] INFO  c.e.c.service.impl.OrderServiceImpl - === СОХРАНЕНИЕ С @Transactional ===
2026-04-06 11:06:42 [restartedMain] INFO  c.e.c.service.impl.OrderServiceImpl - 1. Заказ сохранён, ID: 6
2026-04-06 11:06:42 [restartedMain] INFO  c.e.c.service.impl.OrderServiceImpl - 2. Услуги добавлены
2026-04-06 11:06:42 [restartedMain] INFO  c.e.c.service.impl.OrderServiceImpl - 3. Имитируем ошибку...
2026-04-06 11:06:42 [restartedMain] ERROR c.e.c.config.DataInitializer - Ошибка: Ошибка! Всё должно откатиться.
2026-04-06 11:06:42 [restartedMain] INFO  o.s.b.d.a.ConditionEvaluationDeltaLoggingListener - Condition evaluation unchanged
2026-04-06 11:06:45 [File Watcher] INFO  o.s.b.d.a.LocalDevToolsAutoConfiguration$RestartingClassPathChangeChangedEventListener - Restarting due to 2 class path changes (0 additions, 2 deletions, 0 modifications)
2026-04-06 11:06:45 [Thread-9] INFO  o.s.boot.tomcat.GracefulShutdown - Commencing graceful shutdown. Waiting for active requests to complete
2026-04-06 11:06:45 [tomcat-shutdown] INFO  o.a.coyote.http11.Http11NioProtocol - Pausing ProtocolHandler ["http-nio-8080"]
2026-04-06 11:06:45 [tomcat-shutdown] INFO  o.s.boot.tomcat.GracefulShutdown - Graceful shutdown complete
2026-04-06 11:06:45 [Thread-9] INFO  o.a.coyote.http11.Http11NioProtocol - Stopping ProtocolHandler ["http-nio-8080"]
2026-04-06 11:06:45 [Thread-9] INFO  o.s.o.j.LocalContainerEntityManagerFactoryBean - Closing JPA EntityManagerFactory for persistence unit 'default'
2026-04-06 11:06:45 [Thread-9] INFO  com.zaxxer.hikari.HikariDataSource - HikariPool-3 - Shutdown initiated...
2026-04-06 11:06:45 [Thread-9] INFO  com.zaxxer.hikari.HikariDataSource - HikariPool-3 - Shutdown completed.
2026-04-06 11:06:45 [restartedMain] INFO  c.e.carservice.CarServiceApplication - Starting CarServiceApplication using Java 25.0.2 with PID 27392 (D:\Java\carService\target\classes started by Dzmitry in D:\Java\carService)
2026-04-06 11:06:45 [restartedMain] DEBUG c.e.carservice.CarServiceApplication - Running with Spring Boot v4.0.3, Spring v7.0.5
2026-04-06 11:06:45 [restartedMain] INFO  c.e.carservice.CarServiceApplication - The following 1 profile is active: "local"
2026-04-06 11:06:45 [restartedMain] INFO  o.s.d.r.c.RepositoryConfigurationDelegate - Bootstrapping Spring Data JPA repositories in DEFAULT mode.
2026-04-06 11:06:45 [restartedMain] INFO  o.s.d.r.c.RepositoryConfigurationDelegate - Finished Spring Data repository scanning in 39 ms. Found 7 JPA repository interfaces.
2026-04-06 11:06:46 [restartedMain] INFO  o.s.boot.tomcat.TomcatWebServer - Tomcat initialized with port 8080 (http)
2026-04-06 11:06:46 [restartedMain] INFO  o.a.coyote.http11.Http11NioProtocol - Initializing ProtocolHandler ["http-nio-8080"]
2026-04-06 11:06:46 [restartedMain] INFO  o.a.catalina.core.StandardService - Starting service [Tomcat]
2026-04-06 11:06:46 [restartedMain] INFO  o.a.catalina.core.StandardEngine - Starting Servlet engine: [Apache Tomcat/11.0.18]
2026-04-06 11:06:46 [restartedMain] INFO  o.s.b.w.c.s.WebApplicationContextInitializer - Root WebApplicationContext: initialization completed in 513 ms
2026-04-06 11:06:46 [restartedMain] INFO  org.hibernate.orm.jpa - HHH008540: Processing PersistenceUnitInfo [name: default]
2026-04-06 11:06:46 [restartedMain] INFO  o.s.o.j.p.SpringPersistenceUnitInfo - No LoadTimeWeaver setup: ignoring JPA class transformer
2026-04-06 11:06:46 [restartedMain] INFO  com.zaxxer.hikari.HikariDataSource - HikariPool-4 - Starting...
2026-04-06 11:06:46 [restartedMain] INFO  com.zaxxer.hikari.pool.HikariPool - HikariPool-4 - Added connection org.postgresql.jdbc.PgConnection@48697a43
2026-04-06 11:06:46 [restartedMain] INFO  com.zaxxer.hikari.HikariDataSource - HikariPool-4 - Start completed.
2026-04-06 11:06:46 [restartedMain] INFO  o.hibernate.orm.connections.pooling - HHH10001005: Database info:
	Database JDBC URL [jdbc:postgresql://localhost:5432/carservice]
	Database driver: PostgreSQL JDBC Driver
	Database dialect: PostgreSQLDialect
	Database version: 18.3
	Default catalog/schema: carservice/public
	Autocommit mode: undefined/unknown
	Isolation level: READ_COMMITTED [default READ_COMMITTED]
	JDBC fetch size: none
	Pool: DataSourceConnectionProvider
	Minimum pool size: undefined/unknown
	Maximum pool size: undefined/unknown
2026-04-06 11:06:46 [restartedMain] INFO  org.hibernate.orm.core - HHH000489: No JTA platform available (set 'hibernate.transaction.jta.platform' to enable JTA platform integration)
2026-04-06 11:06:46 [restartedMain] INFO  o.s.o.j.LocalContainerEntityManagerFactoryBean - Initialized JPA EntityManagerFactory for persistence unit 'default'
2026-04-06 11:06:47 [restartedMain] WARN  o.s.b.j.a.JpaBaseConfiguration$JpaWebConfiguration - spring.jpa.open-in-view is enabled by default. Therefore, database queries may be performed during view rendering. Explicitly configure spring.jpa.open-in-view to disable this warning
2026-04-06 11:06:47 [restartedMain] INFO  o.a.coyote.http11.Http11NioProtocol - Starting ProtocolHandler ["http-nio-8080"]
2026-04-06 11:06:47 [restartedMain] INFO  o.s.boot.tomcat.TomcatWebServer - Tomcat started on port 8080 (http) with context path '/'
2026-04-06 11:06:47 [restartedMain] INFO  c.e.carservice.CarServiceApplication - Started CarServiceApplication in 2.213 seconds (process running for 379.76)
2026-04-06 11:06:47 [restartedMain] INFO  c.e.c.config.DataInitializer - === Создание клиентов ===
2026-04-06 11:06:47 [restartedMain] INFO  c.e.c.config.DataInitializer - === Создание машин ===
2026-04-06 11:06:47 [restartedMain] INFO  c.e.c.config.DataInitializer - === Создание механиков ===
2026-04-06 11:06:47 [restartedMain] INFO  c.e.c.config.DataInitializer - === Создание услуг ===
2026-04-06 11:06:47 [restartedMain] INFO  c.e.c.config.DataInitializer - === Создание запчастей ===
2026-04-06 11:06:47 [restartedMain] INFO  c.e.c.config.DataInitializer - === Создание заказов ===
2026-04-06 11:06:47 [restartedMain] INFO  c.e.c.config.DataInitializer - Клиентов: 4
2026-04-06 11:06:47 [restartedMain] INFO  c.e.c.config.DataInitializer - Машин: 5
2026-04-06 11:06:47 [restartedMain] INFO  c.e.c.config.DataInitializer - Механиков: 4
2026-04-06 11:06:47 [restartedMain] INFO  c.e.c.config.DataInitializer - Услуг: 5
2026-04-06 11:06:47 [restartedMain] INFO  c.e.c.config.DataInitializer - Запчастей: 5
2026-04-06 11:06:47 [restartedMain] INFO  c.e.c.config.DataInitializer - Заказов: 4
2026-04-06 11:06:47 [restartedMain] INFO  c.e.c.service.impl.OrderServiceImpl - === Без оптимизации (N+1) ===
2026-04-06 11:06:47 [restartedMain] INFO  c.e.c.service.impl.OrderServiceImpl - Загружено 4 заказов без оптимизации
2026-04-06 11:06:47 [restartedMain] DEBUG c.e.c.service.impl.OrderServiceImpl - Order 1: client Петров
2026-04-06 11:06:47 [restartedMain] DEBUG c.e.c.service.impl.OrderServiceImpl - Order 2: client Сидорова
2026-04-06 11:06:47 [restartedMain] DEBUG c.e.c.service.impl.OrderServiceImpl - Order 3: client Новикова
2026-04-06 11:06:47 [restartedMain] DEBUG c.e.c.service.impl.OrderServiceImpl - Order 4: client Петров
2026-04-06 11:06:47 [restartedMain] INFO  c.e.c.service.impl.OrderServiceImpl - === Конец N+1 ===
2026-04-06 11:06:47 [restartedMain] INFO  c.e.c.service.impl.OrderServiceImpl - === С оптимизацией (один запрос) ===
2026-04-06 11:06:47 [restartedMain] INFO  c.e.c.service.impl.OrderServiceImpl - Загружено 4 заказов с оптимизацией
2026-04-06 11:06:47 [restartedMain] DEBUG c.e.c.service.impl.OrderServiceImpl - Order 1: client Петров
2026-04-06 11:06:47 [restartedMain] DEBUG c.e.c.service.impl.OrderServiceImpl - Order 2: client Сидорова
2026-04-06 11:06:47 [restartedMain] DEBUG c.e.c.service.impl.OrderServiceImpl - Order 3: client Новикова
2026-04-06 11:06:47 [restartedMain] DEBUG c.e.c.service.impl.OrderServiceImpl - Order 4: client Петров
2026-04-06 11:06:47 [restartedMain] INFO  c.e.c.service.impl.OrderServiceImpl - === Конец оптимизации ===
2026-04-06 11:06:47 [restartedMain] INFO  c.e.c.aspect.ServiceLoggingAspect - Method OrderServiceImpl.demonstrateNplus1Problem() executed in 25 ms
2026-04-06 11:06:47 [restartedMain] INFO  c.e.c.config.DataInitializer - === Используем машину с ID: 1 ===
2026-04-06 11:06:47 [restartedMain] INFO  c.e.c.config.DataInitializer - 
=== ТЕСТ 1: Без @Transactional ===
2026-04-06 11:06:47 [restartedMain] INFO  c.e.c.service.impl.OrderServiceImpl - === СОХРАНЕНИЕ БЕЗ @Transactional ===
2026-04-06 11:06:47 [restartedMain] INFO  c.e.c.service.impl.OrderServiceImpl - 1. Заказ сохранён, ID: 5
2026-04-06 11:06:47 [restartedMain] INFO  c.e.c.service.impl.OrderServiceImpl - 2. Имитируем ошибку...
2026-04-06 11:06:47 [restartedMain] ERROR c.e.c.config.DataInitializer - Ошибка: Ошибка после частичного сохранения! Заказ остался в БД.
2026-04-06 11:06:47 [restartedMain] INFO  c.e.c.config.DataInitializer - 
=== ТЕСТ 2: С @Transactional ===
2026-04-06 11:06:47 [restartedMain] INFO  c.e.c.service.impl.OrderServiceImpl - === СОХРАНЕНИЕ С @Transactional ===
2026-04-06 11:06:47 [restartedMain] INFO  c.e.c.service.impl.OrderServiceImpl - 1. Заказ сохранён, ID: 6
2026-04-06 11:06:47 [restartedMain] INFO  c.e.c.service.impl.OrderServiceImpl - 2. Услуги добавлены
2026-04-06 11:06:47 [restartedMain] INFO  c.e.c.service.impl.OrderServiceImpl - 3. Имитируем ошибку...
2026-04-06 11:06:47 [restartedMain] ERROR c.e.c.config.DataInitializer - Ошибка: Ошибка! Всё должно откатиться.
2026-04-06 11:06:47 [restartedMain] INFO  o.s.b.d.a.ConditionEvaluationDeltaLoggingListener - Condition evaluation unchanged
2026-04-06 11:06:49 [File Watcher] INFO  o.s.b.d.a.LocalDevToolsAutoConfiguration$RestartingClassPathChangeChangedEventListener - Restarting due to 2 class path changes (2 additions, 0 deletions, 0 modifications)
2026-04-06 11:06:49 [Thread-13] INFO  o.s.boot.tomcat.GracefulShutdown - Commencing graceful shutdown. Waiting for active requests to complete
2026-04-06 11:06:49 [tomcat-shutdown] INFO  o.a.coyote.http11.Http11NioProtocol - Pausing ProtocolHandler ["http-nio-8080"]
2026-04-06 11:06:49 [tomcat-shutdown] INFO  o.s.boot.tomcat.GracefulShutdown - Graceful shutdown complete
2026-04-06 11:06:49 [Thread-13] INFO  o.a.coyote.http11.Http11NioProtocol - Stopping ProtocolHandler ["http-nio-8080"]
2026-04-06 11:06:49 [Thread-13] INFO  o.s.o.j.LocalContainerEntityManagerFactoryBean - Closing JPA EntityManagerFactory for persistence unit 'default'
2026-04-06 11:06:49 [Thread-13] INFO  com.zaxxer.hikari.HikariDataSource - HikariPool-4 - Shutdown initiated...
2026-04-06 11:06:49 [Thread-13] INFO  com.zaxxer.hikari.HikariDataSource - HikariPool-4 - Shutdown completed.
2026-04-06 11:06:49 [restartedMain] INFO  c.e.carservice.CarServiceApplication - Starting CarServiceApplication using Java 25.0.2 with PID 27392 (D:\Java\carService\target\classes started by Dzmitry in D:\Java\carService)
2026-04-06 11:06:49 [restartedMain] DEBUG c.e.carservice.CarServiceApplication - Running with Spring Boot v4.0.3, Spring v7.0.5
2026-04-06 11:06:49 [restartedMain] INFO  c.e.carservice.CarServiceApplication - The following 1 profile is active: "local"
2026-04-06 11:06:49 [restartedMain] INFO  o.s.d.r.c.RepositoryConfigurationDelegate - Bootstrapping Spring Data JPA repositories in DEFAULT mode.
2026-04-06 11:06:49 [restartedMain] INFO  o.s.d.r.c.RepositoryConfigurationDelegate - Finished Spring Data repository scanning in 32 ms. Found 7 JPA repository interfaces.
2026-04-06 11:06:49 [restartedMain] INFO  o.s.boot.tomcat.TomcatWebServer - Tomcat initialized with port 8080 (http)
2026-04-06 11:06:49 [restartedMain] INFO  o.a.coyote.http11.Http11NioProtocol - Initializing ProtocolHandler ["http-nio-8080"]
2026-04-06 11:06:49 [restartedMain] INFO  o.a.catalina.core.StandardService - Starting service [Tomcat]
2026-04-06 11:06:49 [restartedMain] INFO  o.a.catalina.core.StandardEngine - Starting Servlet engine: [Apache Tomcat/11.0.18]
2026-04-06 11:06:50 [restartedMain] INFO  o.s.b.w.c.s.WebApplicationContextInitializer - Root WebApplicationContext: initialization completed in 505 ms
2026-04-06 11:06:50 [restartedMain] INFO  org.hibernate.orm.jpa - HHH008540: Processing PersistenceUnitInfo [name: default]
2026-04-06 11:06:50 [restartedMain] INFO  o.s.o.j.p.SpringPersistenceUnitInfo - No LoadTimeWeaver setup: ignoring JPA class transformer
2026-04-06 11:06:50 [restartedMain] INFO  com.zaxxer.hikari.HikariDataSource - HikariPool-5 - Starting...
2026-04-06 11:06:50 [restartedMain] INFO  com.zaxxer.hikari.pool.HikariPool - HikariPool-5 - Added connection org.postgresql.jdbc.PgConnection@45d2bbea
2026-04-06 11:06:50 [restartedMain] INFO  com.zaxxer.hikari.HikariDataSource - HikariPool-5 - Start completed.
2026-04-06 11:06:50 [restartedMain] INFO  o.hibernate.orm.connections.pooling - HHH10001005: Database info:
	Database JDBC URL [jdbc:postgresql://localhost:5432/carservice]
	Database driver: PostgreSQL JDBC Driver
	Database dialect: PostgreSQLDialect
	Database version: 18.3
	Default catalog/schema: carservice/public
	Autocommit mode: undefined/unknown
	Isolation level: READ_COMMITTED [default READ_COMMITTED]
	JDBC fetch size: none
	Pool: DataSourceConnectionProvider
	Minimum pool size: undefined/unknown
	Maximum pool size: undefined/unknown
2026-04-06 11:06:50 [restartedMain] INFO  org.hibernate.orm.core - HHH000489: No JTA platform available (set 'hibernate.transaction.jta.platform' to enable JTA platform integration)
2026-04-06 11:06:50 [restartedMain] INFO  o.s.o.j.LocalContainerEntityManagerFactoryBean - Initialized JPA EntityManagerFactory for persistence unit 'default'
2026-04-06 11:06:50 [restartedMain] WARN  o.s.b.j.a.JpaBaseConfiguration$JpaWebConfiguration - spring.jpa.open-in-view is enabled by default. Therefore, database queries may be performed during view rendering. Explicitly configure spring.jpa.open-in-view to disable this warning
2026-04-06 11:06:51 [restartedMain] INFO  o.a.coyote.http11.Http11NioProtocol - Starting ProtocolHandler ["http-nio-8080"]
2026-04-06 11:06:51 [restartedMain] INFO  o.s.boot.tomcat.TomcatWebServer - Tomcat started on port 8080 (http) with context path '/'
2026-04-06 11:06:51 [restartedMain] INFO  c.e.carservice.CarServiceApplication - Started CarServiceApplication in 1.779 seconds (process running for 383.201)
2026-04-06 11:06:51 [restartedMain] INFO  c.e.c.config.DataInitializer - === Создание клиентов ===
2026-04-06 11:06:51 [restartedMain] INFO  c.e.c.config.DataInitializer - === Создание машин ===
2026-04-06 11:06:51 [restartedMain] INFO  c.e.c.config.DataInitializer - === Создание механиков ===
2026-04-06 11:06:51 [restartedMain] INFO  c.e.c.config.DataInitializer - === Создание услуг ===
2026-04-06 11:06:51 [restartedMain] INFO  c.e.c.config.DataInitializer - === Создание запчастей ===
2026-04-06 11:06:51 [restartedMain] INFO  c.e.c.config.DataInitializer - === Создание заказов ===
2026-04-06 11:06:51 [restartedMain] INFO  c.e.c.config.DataInitializer - Клиентов: 4
2026-04-06 11:06:51 [restartedMain] INFO  c.e.c.config.DataInitializer - Машин: 5
2026-04-06 11:06:51 [restartedMain] INFO  c.e.c.config.DataInitializer - Механиков: 4
2026-04-06 11:06:51 [restartedMain] INFO  c.e.c.config.DataInitializer - Услуг: 5
2026-04-06 11:06:51 [restartedMain] INFO  c.e.c.config.DataInitializer - Запчастей: 5
2026-04-06 11:06:51 [restartedMain] INFO  c.e.c.config.DataInitializer - Заказов: 4
2026-04-06 11:06:51 [restartedMain] INFO  c.e.c.service.impl.OrderServiceImpl - === Без оптимизации (N+1) ===
2026-04-06 11:06:51 [restartedMain] INFO  c.e.c.service.impl.OrderServiceImpl - Загружено 4 заказов без оптимизации
2026-04-06 11:06:51 [restartedMain] DEBUG c.e.c.service.impl.OrderServiceImpl - Order 1: client Петров
2026-04-06 11:06:51 [restartedMain] DEBUG c.e.c.service.impl.OrderServiceImpl - Order 2: client Сидорова
2026-04-06 11:06:51 [restartedMain] DEBUG c.e.c.service.impl.OrderServiceImpl - Order 3: client Новикова
2026-04-06 11:06:51 [restartedMain] DEBUG c.e.c.service.impl.OrderServiceImpl - Order 4: client Петров
2026-04-06 11:06:51 [restartedMain] INFO  c.e.c.service.impl.OrderServiceImpl - === Конец N+1 ===
2026-04-06 11:06:51 [restartedMain] INFO  c.e.c.service.impl.OrderServiceImpl - === С оптимизацией (один запрос) ===
2026-04-06 11:06:51 [restartedMain] INFO  c.e.c.service.impl.OrderServiceImpl - Загружено 4 заказов с оптимизацией
2026-04-06 11:06:51 [restartedMain] DEBUG c.e.c.service.impl.OrderServiceImpl - Order 1: client Петров
2026-04-06 11:06:51 [restartedMain] DEBUG c.e.c.service.impl.OrderServiceImpl - Order 2: client Сидорова
2026-04-06 11:06:51 [restartedMain] DEBUG c.e.c.service.impl.OrderServiceImpl - Order 3: client Новикова
2026-04-06 11:06:51 [restartedMain] DEBUG c.e.c.service.impl.OrderServiceImpl - Order 4: client Петров
2026-04-06 11:06:51 [restartedMain] INFO  c.e.c.service.impl.OrderServiceImpl - === Конец оптимизации ===
2026-04-06 11:06:51 [restartedMain] INFO  c.e.c.aspect.ServiceLoggingAspect - Method OrderServiceImpl.demonstrateNplus1Problem() executed in 21 ms
2026-04-06 11:06:51 [restartedMain] INFO  c.e.c.config.DataInitializer - === Используем машину с ID: 1 ===
2026-04-06 11:06:51 [restartedMain] INFO  c.e.c.config.DataInitializer - 
=== ТЕСТ 1: Без @Transactional ===
2026-04-06 11:06:51 [restartedMain] INFO  c.e.c.service.impl.OrderServiceImpl - === СОХРАНЕНИЕ БЕЗ @Transactional ===
2026-04-06 11:06:51 [restartedMain] INFO  c.e.c.service.impl.OrderServiceImpl - 1. Заказ сохранён, ID: 5
2026-04-06 11:06:51 [restartedMain] INFO  c.e.c.service.impl.OrderServiceImpl - 2. Имитируем ошибку...
2026-04-06 11:06:51 [restartedMain] ERROR c.e.c.config.DataInitializer - Ошибка: Ошибка после частичного сохранения! Заказ остался в БД.
2026-04-06 11:06:51 [restartedMain] INFO  c.e.c.config.DataInitializer - 
=== ТЕСТ 2: С @Transactional ===
2026-04-06 11:06:51 [restartedMain] INFO  c.e.c.service.impl.OrderServiceImpl - === СОХРАНЕНИЕ С @Transactional ===
2026-04-06 11:06:51 [restartedMain] INFO  c.e.c.service.impl.OrderServiceImpl - 1. Заказ сохранён, ID: 6
2026-04-06 11:06:51 [restartedMain] INFO  c.e.c.service.impl.OrderServiceImpl - 2. Услуги добавлены
2026-04-06 11:06:51 [restartedMain] INFO  c.e.c.service.impl.OrderServiceImpl - 3. Имитируем ошибку...
2026-04-06 11:06:51 [restartedMain] ERROR c.e.c.config.DataInitializer - Ошибка: Ошибка! Всё должно откатиться.
2026-04-06 11:06:51 [restartedMain] INFO  o.s.b.d.a.ConditionEvaluationDeltaLoggingListener - Condition evaluation unchanged
2026-04-06 11:06:58 [File Watcher] INFO  o.s.b.d.a.LocalDevToolsAutoConfiguration$RestartingClassPathChangeChangedEventListener - Restarting due to 2 class path changes (0 additions, 2 deletions, 0 modifications)
2026-04-06 11:06:58 [Thread-17] INFO  o.s.boot.tomcat.GracefulShutdown - Commencing graceful shutdown. Waiting for active requests to complete
2026-04-06 11:06:58 [tomcat-shutdown] INFO  o.a.coyote.http11.Http11NioProtocol - Pausing ProtocolHandler ["http-nio-8080"]
2026-04-06 11:06:58 [tomcat-shutdown] INFO  o.s.boot.tomcat.GracefulShutdown - Graceful shutdown complete
2026-04-06 11:06:58 [Thread-17] INFO  o.a.coyote.http11.Http11NioProtocol - Stopping ProtocolHandler ["http-nio-8080"]
2026-04-06 11:06:58 [Thread-17] INFO  o.s.o.j.LocalContainerEntityManagerFactoryBean - Closing JPA EntityManagerFactory for persistence unit 'default'
2026-04-06 11:06:58 [Thread-17] INFO  com.zaxxer.hikari.HikariDataSource - HikariPool-5 - Shutdown initiated...
2026-04-06 11:06:58 [Thread-17] INFO  com.zaxxer.hikari.HikariDataSource - HikariPool-5 - Shutdown completed.
2026-04-06 11:06:58 [restartedMain] INFO  c.e.carservice.CarServiceApplication - Starting CarServiceApplication using Java 25.0.2 with PID 27392 (D:\Java\carService\target\classes started by Dzmitry in D:\Java\carService)
2026-04-06 11:06:58 [restartedMain] DEBUG c.e.carservice.CarServiceApplication - Running with Spring Boot v4.0.3, Spring v7.0.5
2026-04-06 11:06:58 [restartedMain] INFO  c.e.carservice.CarServiceApplication - The following 1 profile is active: "local"
2026-04-06 11:06:59 [restartedMain] INFO  o.s.d.r.c.RepositoryConfigurationDelegate - Bootstrapping Spring Data JPA repositories in DEFAULT mode.
2026-04-06 11:06:59 [restartedMain] INFO  o.s.d.r.c.RepositoryConfigurationDelegate - Finished Spring Data repository scanning in 39 ms. Found 7 JPA repository interfaces.
2026-04-06 11:06:59 [restartedMain] INFO  o.s.boot.tomcat.TomcatWebServer - Tomcat initialized with port 8080 (http)
2026-04-06 11:06:59 [restartedMain] INFO  o.a.coyote.http11.Http11NioProtocol - Initializing ProtocolHandler ["http-nio-8080"]
2026-04-06 11:06:59 [restartedMain] INFO  o.a.catalina.core.StandardService - Starting service [Tomcat]
2026-04-06 11:06:59 [restartedMain] INFO  o.a.catalina.core.StandardEngine - Starting Servlet engine: [Apache Tomcat/11.0.18]
2026-04-06 11:06:59 [restartedMain] INFO  o.s.b.w.c.s.WebApplicationContextInitializer - Root WebApplicationContext: initialization completed in 513 ms
2026-04-06 11:06:59 [restartedMain] INFO  org.hibernate.orm.jpa - HHH008540: Processing PersistenceUnitInfo [name: default]
2026-04-06 11:06:59 [restartedMain] INFO  o.s.o.j.p.SpringPersistenceUnitInfo - No LoadTimeWeaver setup: ignoring JPA class transformer
2026-04-06 11:06:59 [restartedMain] INFO  com.zaxxer.hikari.HikariDataSource - HikariPool-6 - Starting...
2026-04-06 11:06:59 [restartedMain] INFO  com.zaxxer.hikari.pool.HikariPool - HikariPool-6 - Added connection org.postgresql.jdbc.PgConnection@7166e063
2026-04-06 11:06:59 [restartedMain] INFO  com.zaxxer.hikari.HikariDataSource - HikariPool-6 - Start completed.
2026-04-06 11:06:59 [restartedMain] INFO  o.hibernate.orm.connections.pooling - HHH10001005: Database info:
	Database JDBC URL [jdbc:postgresql://localhost:5432/carservice]
	Database driver: PostgreSQL JDBC Driver
	Database dialect: PostgreSQLDialect
	Database version: 18.3
	Default catalog/schema: carservice/public
	Autocommit mode: undefined/unknown
	Isolation level: READ_COMMITTED [default READ_COMMITTED]
	JDBC fetch size: none
	Pool: DataSourceConnectionProvider
	Minimum pool size: undefined/unknown
	Maximum pool size: undefined/unknown
2026-04-06 11:06:59 [restartedMain] INFO  org.hibernate.orm.core - HHH000489: No JTA platform available (set 'hibernate.transaction.jta.platform' to enable JTA platform integration)
2026-04-06 11:07:00 [restartedMain] INFO  o.s.o.j.LocalContainerEntityManagerFactoryBean - Initialized JPA EntityManagerFactory for persistence unit 'default'
2026-04-06 11:07:00 [restartedMain] WARN  o.s.b.w.s.s.c.AnnotationConfigServletWebServerApplicationContext - Exception encountered during context initialization - cancelling refresh attempt: org.springframework.beans.factory.UnsatisfiedDependencyException: Error creating bean with name 'dataInitializer' defined in file [D:\Java\carService\target\classes\com\example\carservice\config\DataInitializer.class]: Unsatisfied dependency expressed through constructor parameter 6: Error creating bean with name 'orderServiceImpl': Lookup method resolution failed
2026-04-06 11:07:00 [restartedMain] INFO  o.s.o.j.LocalContainerEntityManagerFactoryBean - Closing JPA EntityManagerFactory for persistence unit 'default'
2026-04-06 11:07:00 [restartedMain] INFO  com.zaxxer.hikari.HikariDataSource - HikariPool-6 - Shutdown initiated...
2026-04-06 11:07:00 [restartedMain] INFO  com.zaxxer.hikari.HikariDataSource - HikariPool-6 - Shutdown completed.
2026-04-06 11:07:00 [restartedMain] INFO  o.a.catalina.core.StandardService - Stopping service [Tomcat]
2026-04-06 11:07:00 [restartedMain] INFO  o.s.b.a.l.ConditionEvaluationReportLogger - 

Error starting ApplicationContext. To display the condition evaluation report re-run your application with 'debug' enabled.
2026-04-06 11:07:00 [restartedMain] ERROR o.s.boot.SpringApplication - Application run failed
org.springframework.beans.factory.UnsatisfiedDependencyException: Error creating bean with name 'dataInitializer' defined in file [D:\Java\carService\target\classes\com\example\carservice\config\DataInitializer.class]: Unsatisfied dependency expressed through constructor parameter 6: Error creating bean with name 'orderServiceImpl': Lookup method resolution failed
	at org.springframework.beans.factory.support.ConstructorResolver.createArgumentArray(ConstructorResolver.java:804)
	at org.springframework.beans.factory.support.ConstructorResolver.autowireConstructor(ConstructorResolver.java:240)
	at org.springframework.beans.factory.support.AbstractAutowireCapableBeanFactory.autowireConstructor(AbstractAutowireCapableBeanFactory.java:1382)
	at org.springframework.beans.factory.support.AbstractAutowireCapableBeanFactory.createBeanInstance(AbstractAutowireCapableBeanFactory.java:1221)
	at org.springframework.beans.factory.support.AbstractAutowireCapableBeanFactory.doCreateBean(AbstractAutowireCapableBeanFactory.java:565)
	at org.springframework.beans.factory.support.AbstractAutowireCapableBeanFactory.createBean(AbstractAutowireCapableBeanFactory.java:525)
	at org.springframework.beans.factory.support.AbstractBeanFactory.lambda$doGetBean$0(AbstractBeanFactory.java:333)
	at org.springframework.beans.factory.support.DefaultSingletonBeanRegistry.getSingleton(DefaultSingletonBeanRegistry.java:371)
	at org.springframework.beans.factory.support.AbstractBeanFactory.doGetBean(AbstractBeanFactory.java:331)
	at org.springframework.beans.factory.support.AbstractBeanFactory.getBean(AbstractBeanFactory.java:196)
	at org.springframework.beans.factory.support.DefaultListableBeanFactory.instantiateSingleton(DefaultListableBeanFactory.java:1218)
	at org.springframework.beans.factory.support.DefaultListableBeanFactory.preInstantiateSingleton(DefaultListableBeanFactory.java:1184)
	at org.springframework.beans.factory.support.DefaultListableBeanFactory.preInstantiateSingletons(DefaultListableBeanFactory.java:1121)
	at org.springframework.context.support.AbstractApplicationContext.finishBeanFactoryInitialization(AbstractApplicationContext.java:994)
	at org.springframework.context.support.AbstractApplicationContext.refresh(AbstractApplicationContext.java:621)
	at org.springframework.boot.web.server.servlet.context.ServletWebServerApplicationContext.refresh(ServletWebServerApplicationContext.java:143)
	at org.springframework.boot.SpringApplication.refresh(SpringApplication.java:756)
	at org.springframework.boot.SpringApplication.refreshContext(SpringApplication.java:445)
	at org.springframework.boot.SpringApplication.run(SpringApplication.java:321)
	at org.springframework.boot.SpringApplication.run(SpringApplication.java:1365)
	at org.springframework.boot.SpringApplication.run(SpringApplication.java:1354)
	at com.example.carservice.CarServiceApplication.main(CarServiceApplication.java:10)
	at java.base/jdk.internal.reflect.DirectMethodHandleAccessor.invoke(DirectMethodHandleAccessor.java:104)
	at java.base/java.lang.reflect.Method.invoke(Method.java:565)
	at org.springframework.boot.devtools.restart.RestartLauncher.run(RestartLauncher.java:52)
Caused by: org.springframework.beans.factory.BeanCreationException: Error creating bean with name 'orderServiceImpl': Lookup method resolution failed
	at org.springframework.beans.factory.annotation.AutowiredAnnotationBeanPostProcessor.checkLookupMethods(AutowiredAnnotationBeanPostProcessor.java:482)
	at org.springframework.beans.factory.annotation.AutowiredAnnotationBeanPostProcessor.determineCandidateConstructors(AutowiredAnnotationBeanPostProcessor.java:352)
	at org.springframework.beans.factory.support.AbstractAutowireCapableBeanFactory.determineConstructorsFromBeanPostProcessors(AbstractAutowireCapableBeanFactory.java:1321)
	at org.springframework.beans.factory.support.AbstractAutowireCapableBeanFactory.createBeanInstance(AbstractAutowireCapableBeanFactory.java:1218)
	at org.springframework.beans.factory.support.AbstractAutowireCapableBeanFactory.doCreateBean(AbstractAutowireCapableBeanFactory.java:565)
	at org.springframework.beans.factory.support.AbstractAutowireCapableBeanFactory.createBean(AbstractAutowireCapableBeanFactory.java:525)
	at org.springframework.beans.factory.support.AbstractBeanFactory.lambda$doGetBean$0(AbstractBeanFactory.java:333)
	at org.springframework.beans.factory.support.DefaultSingletonBeanRegistry.getSingleton(DefaultSingletonBeanRegistry.java:371)
	at org.springframework.beans.factory.support.AbstractBeanFactory.doGetBean(AbstractBeanFactory.java:331)
	at org.springframework.beans.factory.support.AbstractBeanFactory.getBean(AbstractBeanFactory.java:201)
	at org.springframework.beans.factory.config.DependencyDescriptor.resolveCandidate(DependencyDescriptor.java:229)
	at org.springframework.beans.factory.support.DefaultListableBeanFactory.doResolveDependency(DefaultListableBeanFactory.java:1762)
	at org.springframework.beans.factory.support.DefaultListableBeanFactory.resolveDependency(DefaultListableBeanFactory.java:1651)
	at org.springframework.beans.factory.support.ConstructorResolver.resolveAutowiredArgument(ConstructorResolver.java:912)
	at org.springframework.beans.factory.support.ConstructorResolver.createArgumentArray(ConstructorResolver.java:791)
	... 24 common frames omitted
Caused by: java.lang.IllegalStateException: Failed to introspect Class [com.example.carservice.service.impl.OrderServiceImpl] from ClassLoader [org.springframework.boot.devtools.restart.classloader.RestartClassLoader@7385cc34]
	at org.springframework.util.ReflectionUtils.getDeclaredMethods(ReflectionUtils.java:483)
	at org.springframework.util.ReflectionUtils.doWithLocalMethods(ReflectionUtils.java:320)
	at org.springframework.beans.factory.annotation.AutowiredAnnotationBeanPostProcessor.checkLookupMethods(AutowiredAnnotationBeanPostProcessor.java:460)
	... 38 common frames omitted
Caused by: java.lang.NoClassDefFoundError: com/example/carservice/dto/OrderDto
	at java.base/java.lang.Class.getDeclaredMethods0(Native Method)
	at java.base/java.lang.Class.privateGetDeclaredMethods(Class.java:3010)
	at java.base/java.lang.Class.getDeclaredMethods(Class.java:2329)
	at org.springframework.util.ReflectionUtils.getDeclaredMethods(ReflectionUtils.java:465)
	... 40 common frames omitted
Caused by: java.lang.ClassNotFoundException: com.example.carservice.dto.OrderDto
	at java.base/jdk.internal.loader.BuiltinClassLoader.loadClass(BuiltinClassLoader.java:580)
	at java.base/java.lang.ClassLoader.loadClass(ClassLoader.java:490)
	at java.base/java.lang.Class.forName0(Native Method)
	at java.base/java.lang.Class.forName(Class.java:547)
	at org.springframework.boot.devtools.restart.classloader.RestartClassLoader.loadClass(RestartClassLoader.java:123)
	at java.base/java.lang.ClassLoader.loadClass(ClassLoader.java:490)
	... 44 common frames omitted
2026-04-06 11:07:02 [restartedMain] INFO  c.e.carservice.CarServiceApplication - Starting CarServiceApplication using Java 25.0.2 with PID 27392 (D:\Java\carService\target\classes started by Dzmitry in D:\Java\carService)
2026-04-06 11:07:02 [restartedMain] DEBUG c.e.carservice.CarServiceApplication - Running with Spring Boot v4.0.3, Spring v7.0.5
2026-04-06 11:07:02 [restartedMain] INFO  c.e.carservice.CarServiceApplication - The following 1 profile is active: "local"
2026-04-06 11:07:02 [restartedMain] INFO  o.s.d.r.c.RepositoryConfigurationDelegate - Bootstrapping Spring Data JPA repositories in DEFAULT mode.
2026-04-06 11:07:02 [restartedMain] INFO  o.s.d.r.c.RepositoryConfigurationDelegate - Finished Spring Data repository scanning in 43 ms. Found 7 JPA repository interfaces.
2026-04-06 11:07:02 [restartedMain] INFO  o.s.boot.tomcat.TomcatWebServer - Tomcat initialized with port 8080 (http)
2026-04-06 11:07:02 [restartedMain] INFO  o.a.coyote.http11.Http11NioProtocol - Initializing ProtocolHandler ["http-nio-8080"]
2026-04-06 11:07:02 [restartedMain] INFO  o.a.catalina.core.StandardService - Starting service [Tomcat]
2026-04-06 11:07:02 [restartedMain] INFO  o.a.catalina.core.StandardEngine - Starting Servlet engine: [Apache Tomcat/11.0.18]
2026-04-06 11:07:02 [restartedMain] INFO  o.s.b.w.c.s.WebApplicationContextInitializer - Root WebApplicationContext: initialization completed in 466 ms
2026-04-06 11:07:02 [restartedMain] INFO  org.hibernate.orm.jpa - HHH008540: Processing PersistenceUnitInfo [name: default]
2026-04-06 11:07:02 [restartedMain] INFO  o.s.o.j.p.SpringPersistenceUnitInfo - No LoadTimeWeaver setup: ignoring JPA class transformer
2026-04-06 11:07:02 [restartedMain] INFO  com.zaxxer.hikari.HikariDataSource - HikariPool-7 - Starting...
2026-04-06 11:07:02 [restartedMain] INFO  com.zaxxer.hikari.pool.HikariPool - HikariPool-7 - Added connection org.postgresql.jdbc.PgConnection@4d9898a5
2026-04-06 11:07:02 [restartedMain] INFO  com.zaxxer.hikari.HikariDataSource - HikariPool-7 - Start completed.
2026-04-06 11:07:02 [restartedMain] INFO  o.hibernate.orm.connections.pooling - HHH10001005: Database info:
	Database JDBC URL [jdbc:postgresql://localhost:5432/carservice]
	Database driver: PostgreSQL JDBC Driver
	Database dialect: PostgreSQLDialect
	Database version: 18.3
	Default catalog/schema: carservice/public
	Autocommit mode: undefined/unknown
	Isolation level: READ_COMMITTED [default READ_COMMITTED]
	JDBC fetch size: none
	Pool: DataSourceConnectionProvider
	Minimum pool size: undefined/unknown
	Maximum pool size: undefined/unknown
2026-04-06 11:07:03 [restartedMain] INFO  org.hibernate.orm.core - HHH000489: No JTA platform available (set 'hibernate.transaction.jta.platform' to enable JTA platform integration)
2026-04-06 11:07:03 [restartedMain] INFO  o.s.o.j.LocalContainerEntityManagerFactoryBean - Initialized JPA EntityManagerFactory for persistence unit 'default'
2026-04-06 11:07:03 [restartedMain] WARN  o.s.b.j.a.JpaBaseConfiguration$JpaWebConfiguration - spring.jpa.open-in-view is enabled by default. Therefore, database queries may be performed during view rendering. Explicitly configure spring.jpa.open-in-view to disable this warning
2026-04-06 11:07:03 [restartedMain] INFO  o.a.coyote.http11.Http11NioProtocol - Starting ProtocolHandler ["http-nio-8080"]
2026-04-06 11:07:03 [restartedMain] INFO  o.s.boot.tomcat.TomcatWebServer - Tomcat started on port 8080 (http) with context path '/'
2026-04-06 11:07:03 [restartedMain] INFO  c.e.carservice.CarServiceApplication - Started CarServiceApplication in 1.798 seconds (process running for 395.954)
2026-04-06 11:07:03 [restartedMain] INFO  c.e.c.config.DataInitializer - === Создание клиентов ===
2026-04-06 11:07:04 [restartedMain] INFO  c.e.c.config.DataInitializer - === Создание машин ===
2026-04-06 11:07:04 [restartedMain] INFO  c.e.c.config.DataInitializer - === Создание механиков ===
2026-04-06 11:07:04 [restartedMain] INFO  c.e.c.config.DataInitializer - === Создание услуг ===
2026-04-06 11:07:04 [restartedMain] INFO  c.e.c.config.DataInitializer - === Создание запчастей ===
2026-04-06 11:07:04 [restartedMain] INFO  c.e.c.config.DataInitializer - === Создание заказов ===
2026-04-06 11:07:04 [restartedMain] INFO  c.e.c.config.DataInitializer - Клиентов: 4
2026-04-06 11:07:04 [restartedMain] INFO  c.e.c.config.DataInitializer - Машин: 5
2026-04-06 11:07:04 [restartedMain] INFO  c.e.c.config.DataInitializer - Механиков: 4
2026-04-06 11:07:04 [restartedMain] INFO  c.e.c.config.DataInitializer - Услуг: 5
2026-04-06 11:07:04 [restartedMain] INFO  c.e.c.config.DataInitializer - Запчастей: 5
2026-04-06 11:07:04 [restartedMain] INFO  c.e.c.config.DataInitializer - Заказов: 4
2026-04-06 11:07:04 [restartedMain] INFO  c.e.c.service.impl.OrderServiceImpl - === Без оптимизации (N+1) ===
2026-04-06 11:07:04 [restartedMain] INFO  c.e.c.service.impl.OrderServiceImpl - Загружено 4 заказов без оптимизации
2026-04-06 11:07:04 [restartedMain] DEBUG c.e.c.service.impl.OrderServiceImpl - Order 1: client Петров
2026-04-06 11:07:04 [restartedMain] DEBUG c.e.c.service.impl.OrderServiceImpl - Order 2: client Сидорова
2026-04-06 11:07:04 [restartedMain] DEBUG c.e.c.service.impl.OrderServiceImpl - Order 3: client Новикова
2026-04-06 11:07:04 [restartedMain] DEBUG c.e.c.service.impl.OrderServiceImpl - Order 4: client Петров
2026-04-06 11:07:04 [restartedMain] INFO  c.e.c.service.impl.OrderServiceImpl - === Конец N+1 ===
2026-04-06 11:07:04 [restartedMain] INFO  c.e.c.service.impl.OrderServiceImpl - === С оптимизацией (один запрос) ===
2026-04-06 11:07:04 [restartedMain] INFO  c.e.c.service.impl.OrderServiceImpl - Загружено 4 заказов с оптимизацией
2026-04-06 11:07:04 [restartedMain] DEBUG c.e.c.service.impl.OrderServiceImpl - Order 1: client Петров
2026-04-06 11:07:04 [restartedMain] DEBUG c.e.c.service.impl.OrderServiceImpl - Order 2: client Сидорова
2026-04-06 11:07:04 [restartedMain] DEBUG c.e.c.service.impl.OrderServiceImpl - Order 3: client Новикова
2026-04-06 11:07:04 [restartedMain] DEBUG c.e.c.service.impl.OrderServiceImpl - Order 4: client Петров
2026-04-06 11:07:04 [restartedMain] INFO  c.e.c.service.impl.OrderServiceImpl - === Конец оптимизации ===
2026-04-06 11:07:04 [restartedMain] INFO  c.e.c.aspect.ServiceLoggingAspect - Method OrderServiceImpl.demonstrateNplus1Problem() executed in 21 ms
2026-04-06 11:07:04 [restartedMain] INFO  c.e.c.config.DataInitializer - === Используем машину с ID: 1 ===
2026-04-06 11:07:04 [restartedMain] INFO  c.e.c.config.DataInitializer - 
=== ТЕСТ 1: Без @Transactional ===
2026-04-06 11:07:04 [restartedMain] INFO  c.e.c.service.impl.OrderServiceImpl - === СОХРАНЕНИЕ БЕЗ @Transactional ===
2026-04-06 11:07:04 [restartedMain] INFO  c.e.c.service.impl.OrderServiceImpl - 1. Заказ сохранён, ID: 5
2026-04-06 11:07:04 [restartedMain] INFO  c.e.c.service.impl.OrderServiceImpl - 2. Имитируем ошибку...
2026-04-06 11:07:04 [restartedMain] ERROR c.e.c.config.DataInitializer - Ошибка: Ошибка после частичного сохранения! Заказ остался в БД.
2026-04-06 11:07:04 [restartedMain] INFO  c.e.c.config.DataInitializer - 
=== ТЕСТ 2: С @Transactional ===
2026-04-06 11:07:04 [restartedMain] INFO  c.e.c.service.impl.OrderServiceImpl - === СОХРАНЕНИЕ С @Transactional ===
2026-04-06 11:07:04 [restartedMain] INFO  c.e.c.service.impl.OrderServiceImpl - 1. Заказ сохранён, ID: 6
2026-04-06 11:07:04 [restartedMain] INFO  c.e.c.service.impl.OrderServiceImpl - 2. Услуги добавлены
2026-04-06 11:07:04 [restartedMain] INFO  c.e.c.service.impl.OrderServiceImpl - 3. Имитируем ошибку...
2026-04-06 11:07:04 [restartedMain] ERROR c.e.c.config.DataInitializer - Ошибка: Ошибка! Всё должно откатиться.
2026-04-06 11:07:04 [restartedMain] INFO  o.s.b.d.a.ConditionEvaluationDeltaLoggingListener - Condition evaluation unchanged
2026-04-06 11:07:06 [File Watcher] INFO  o.s.b.d.a.LocalDevToolsAutoConfiguration$RestartingClassPathChangeChangedEventListener - Restarting due to 2 class path changes (0 additions, 2 deletions, 0 modifications)
2026-04-06 11:07:06 [Thread-21] INFO  o.s.boot.tomcat.GracefulShutdown - Commencing graceful shutdown. Waiting for active requests to complete
2026-04-06 11:07:06 [tomcat-shutdown] INFO  o.a.coyote.http11.Http11NioProtocol - Pausing ProtocolHandler ["http-nio-8080"]
2026-04-06 11:07:06 [tomcat-shutdown] INFO  o.s.boot.tomcat.GracefulShutdown - Graceful shutdown complete
2026-04-06 11:07:06 [Thread-21] INFO  o.a.coyote.http11.Http11NioProtocol - Stopping ProtocolHandler ["http-nio-8080"]
2026-04-06 11:07:06 [Thread-21] INFO  o.s.o.j.LocalContainerEntityManagerFactoryBean - Closing JPA EntityManagerFactory for persistence unit 'default'
2026-04-06 11:07:06 [Thread-21] INFO  com.zaxxer.hikari.HikariDataSource - HikariPool-7 - Shutdown initiated...
2026-04-06 11:07:06 [Thread-21] INFO  com.zaxxer.hikari.HikariDataSource - HikariPool-7 - Shutdown completed.
2026-04-06 11:07:06 [restartedMain] INFO  c.e.carservice.CarServiceApplication - Starting CarServiceApplication using Java 25.0.2 with PID 27392 (D:\Java\carService\target\classes started by Dzmitry in D:\Java\carService)
2026-04-06 11:07:06 [restartedMain] DEBUG c.e.carservice.CarServiceApplication - Running with Spring Boot v4.0.3, Spring v7.0.5
2026-04-06 11:07:06 [restartedMain] INFO  c.e.carservice.CarServiceApplication - The following 1 profile is active: "local"
2026-04-06 11:07:06 [restartedMain] INFO  o.s.d.r.c.RepositoryConfigurationDelegate - Bootstrapping Spring Data JPA repositories in DEFAULT mode.
2026-04-06 11:07:06 [restartedMain] INFO  o.s.d.r.c.RepositoryConfigurationDelegate - Finished Spring Data repository scanning in 43 ms. Found 7 JPA repository interfaces.
2026-04-06 11:07:07 [restartedMain] INFO  o.s.boot.tomcat.TomcatWebServer - Tomcat initialized with port 8080 (http)
2026-04-06 11:07:07 [restartedMain] INFO  o.a.coyote.http11.Http11NioProtocol - Initializing ProtocolHandler ["http-nio-8080"]
2026-04-06 11:07:07 [restartedMain] INFO  o.a.catalina.core.StandardService - Starting service [Tomcat]
2026-04-06 11:07:07 [restartedMain] INFO  o.a.catalina.core.StandardEngine - Starting Servlet engine: [Apache Tomcat/11.0.18]
2026-04-06 11:07:07 [restartedMain] INFO  o.s.b.w.c.s.WebApplicationContextInitializer - Root WebApplicationContext: initialization completed in 690 ms
2026-04-06 11:07:07 [restartedMain] INFO  org.hibernate.orm.jpa - HHH008540: Processing PersistenceUnitInfo [name: default]
2026-04-06 11:07:07 [restartedMain] INFO  o.s.o.j.p.SpringPersistenceUnitInfo - No LoadTimeWeaver setup: ignoring JPA class transformer
2026-04-06 11:07:07 [restartedMain] INFO  com.zaxxer.hikari.HikariDataSource - HikariPool-8 - Starting...
2026-04-06 11:07:07 [restartedMain] INFO  com.zaxxer.hikari.pool.HikariPool - HikariPool-8 - Added connection org.postgresql.jdbc.PgConnection@59fc36ee
2026-04-06 11:07:07 [restartedMain] INFO  com.zaxxer.hikari.HikariDataSource - HikariPool-8 - Start completed.
2026-04-06 11:07:07 [restartedMain] INFO  o.hibernate.orm.connections.pooling - HHH10001005: Database info:
	Database JDBC URL [jdbc:postgresql://localhost:5432/carservice]
	Database driver: PostgreSQL JDBC Driver
	Database dialect: PostgreSQLDialect
	Database version: 18.3
	Default catalog/schema: carservice/public
	Autocommit mode: undefined/unknown
	Isolation level: READ_COMMITTED [default READ_COMMITTED]
	JDBC fetch size: none
	Pool: DataSourceConnectionProvider
	Minimum pool size: undefined/unknown
	Maximum pool size: undefined/unknown
2026-04-06 11:07:07 [restartedMain] INFO  org.hibernate.orm.core - HHH000489: No JTA platform available (set 'hibernate.transaction.jta.platform' to enable JTA platform integration)
2026-04-06 11:07:07 [restartedMain] INFO  o.s.o.j.LocalContainerEntityManagerFactoryBean - Initialized JPA EntityManagerFactory for persistence unit 'default'
2026-04-06 11:07:08 [restartedMain] WARN  o.s.b.j.a.JpaBaseConfiguration$JpaWebConfiguration - spring.jpa.open-in-view is enabled by default. Therefore, database queries may be performed during view rendering. Explicitly configure spring.jpa.open-in-view to disable this warning
2026-04-06 11:07:08 [restartedMain] INFO  o.a.coyote.http11.Http11NioProtocol - Starting ProtocolHandler ["http-nio-8080"]
2026-04-06 11:07:08 [restartedMain] INFO  o.s.boot.tomcat.TomcatWebServer - Tomcat started on port 8080 (http) with context path '/'
2026-04-06 11:07:08 [restartedMain] INFO  c.e.carservice.CarServiceApplication - Started CarServiceApplication in 2.273 seconds (process running for 400.829)
2026-04-06 11:07:08 [restartedMain] INFO  c.e.c.config.DataInitializer - === Создание клиентов ===
2026-04-06 11:07:08 [restartedMain] INFO  c.e.c.config.DataInitializer - === Создание машин ===
2026-04-06 11:07:08 [restartedMain] INFO  c.e.c.config.DataInitializer - === Создание механиков ===
2026-04-06 11:07:08 [restartedMain] INFO  c.e.c.config.DataInitializer - === Создание услуг ===
2026-04-06 11:07:08 [restartedMain] INFO  c.e.c.config.DataInitializer - === Создание запчастей ===
2026-04-06 11:07:08 [restartedMain] INFO  c.e.c.config.DataInitializer - === Создание заказов ===
2026-04-06 11:07:08 [restartedMain] INFO  c.e.c.config.DataInitializer - Клиентов: 4
2026-04-06 11:07:08 [restartedMain] INFO  c.e.c.config.DataInitializer - Машин: 5
2026-04-06 11:07:08 [restartedMain] INFO  c.e.c.config.DataInitializer - Механиков: 4
2026-04-06 11:07:08 [restartedMain] INFO  c.e.c.config.DataInitializer - Услуг: 5
2026-04-06 11:07:08 [restartedMain] INFO  c.e.c.config.DataInitializer - Запчастей: 5
2026-04-06 11:07:08 [restartedMain] INFO  c.e.c.config.DataInitializer - Заказов: 4
2026-04-06 11:07:08 [restartedMain] INFO  c.e.c.service.impl.OrderServiceImpl - === Без оптимизации (N+1) ===
2026-04-06 11:07:08 [restartedMain] INFO  c.e.c.service.impl.OrderServiceImpl - Загружено 4 заказов без оптимизации
2026-04-06 11:07:08 [restartedMain] DEBUG c.e.c.service.impl.OrderServiceImpl - Order 1: client Петров
2026-04-06 11:07:08 [restartedMain] DEBUG c.e.c.service.impl.OrderServiceImpl - Order 2: client Сидорова
2026-04-06 11:07:08 [restartedMain] DEBUG c.e.c.service.impl.OrderServiceImpl - Order 3: client Новикова
2026-04-06 11:07:08 [restartedMain] DEBUG c.e.c.service.impl.OrderServiceImpl - Order 4: client Петров
2026-04-06 11:07:08 [restartedMain] INFO  c.e.c.service.impl.OrderServiceImpl - === Конец N+1 ===
2026-04-06 11:07:08 [restartedMain] INFO  c.e.c.service.impl.OrderServiceImpl - === С оптимизацией (один запрос) ===
2026-04-06 11:07:08 [restartedMain] INFO  c.e.c.service.impl.OrderServiceImpl - Загружено 4 заказов с оптимизацией
2026-04-06 11:07:08 [restartedMain] DEBUG c.e.c.service.impl.OrderServiceImpl - Order 1: client Петров
2026-04-06 11:07:08 [restartedMain] DEBUG c.e.c.service.impl.OrderServiceImpl - Order 2: client Сидорова
2026-04-06 11:07:08 [restartedMain] DEBUG c.e.c.service.impl.OrderServiceImpl - Order 3: client Новикова
2026-04-06 11:07:08 [restartedMain] DEBUG c.e.c.service.impl.OrderServiceImpl - Order 4: client Петров
2026-04-06 11:07:08 [restartedMain] INFO  c.e.c.service.impl.OrderServiceImpl - === Конец оптимизации ===
2026-04-06 11:07:08 [restartedMain] INFO  c.e.c.aspect.ServiceLoggingAspect - Method OrderServiceImpl.demonstrateNplus1Problem() executed in 17 ms
2026-04-06 11:07:08 [restartedMain] INFO  c.e.c.config.DataInitializer - === Используем машину с ID: 1 ===
2026-04-06 11:07:08 [restartedMain] INFO  c.e.c.config.DataInitializer - 
=== ТЕСТ 1: Без @Transactional ===
2026-04-06 11:07:08 [restartedMain] INFO  c.e.c.service.impl.OrderServiceImpl - === СОХРАНЕНИЕ БЕЗ @Transactional ===
2026-04-06 11:07:09 [restartedMain] INFO  c.e.c.service.impl.OrderServiceImpl - 1. Заказ сохранён, ID: 5
2026-04-06 11:07:09 [restartedMain] INFO  c.e.c.service.impl.OrderServiceImpl - 2. Имитируем ошибку...
2026-04-06 11:07:09 [restartedMain] ERROR c.e.c.config.DataInitializer - Ошибка: Ошибка после частичного сохранения! Заказ остался в БД.
2026-04-06 11:07:09 [restartedMain] INFO  c.e.c.config.DataInitializer - 
=== ТЕСТ 2: С @Transactional ===
2026-04-06 11:07:09 [restartedMain] INFO  c.e.c.service.impl.OrderServiceImpl - === СОХРАНЕНИЕ С @Transactional ===
2026-04-06 11:07:09 [restartedMain] INFO  c.e.c.service.impl.OrderServiceImpl - 1. Заказ сохранён, ID: 6
2026-04-06 11:07:09 [restartedMain] INFO  c.e.c.service.impl.OrderServiceImpl - 2. Услуги добавлены
2026-04-06 11:07:09 [restartedMain] INFO  c.e.c.service.impl.OrderServiceImpl - 3. Имитируем ошибку...
2026-04-06 11:07:09 [restartedMain] ERROR c.e.c.config.DataInitializer - Ошибка: Ошибка! Всё должно откатиться.
2026-04-06 11:07:09 [restartedMain] INFO  o.s.b.d.a.ConditionEvaluationDeltaLoggingListener - Condition evaluation unchanged
2026-04-06 11:07:10 [File Watcher] INFO  o.s.b.d.a.LocalDevToolsAutoConfiguration$RestartingClassPathChangeChangedEventListener - Restarting due to 2 class path changes (2 additions, 0 deletions, 0 modifications)
2026-04-06 11:07:10 [Thread-28] INFO  o.s.boot.tomcat.GracefulShutdown - Commencing graceful shutdown. Waiting for active requests to complete
2026-04-06 11:07:10 [tomcat-shutdown] INFO  o.a.coyote.http11.Http11NioProtocol - Pausing ProtocolHandler ["http-nio-8080"]
2026-04-06 11:07:10 [tomcat-shutdown] INFO  o.s.boot.tomcat.GracefulShutdown - Graceful shutdown complete
2026-04-06 11:07:10 [Thread-28] INFO  o.a.coyote.http11.Http11NioProtocol - Stopping ProtocolHandler ["http-nio-8080"]
2026-04-06 11:07:10 [Thread-28] INFO  o.s.o.j.LocalContainerEntityManagerFactoryBean - Closing JPA EntityManagerFactory for persistence unit 'default'
2026-04-06 11:07:10 [Thread-28] INFO  com.zaxxer.hikari.HikariDataSource - HikariPool-8 - Shutdown initiated...
2026-04-06 11:07:10 [Thread-28] INFO  com.zaxxer.hikari.HikariDataSource - HikariPool-8 - Shutdown completed.
2026-04-06 11:07:10 [restartedMain] INFO  c.e.carservice.CarServiceApplication - Starting CarServiceApplication using Java 25.0.2 with PID 27392 (D:\Java\carService\target\classes started by Dzmitry in D:\Java\carService)
2026-04-06 11:07:10 [restartedMain] DEBUG c.e.carservice.CarServiceApplication - Running with Spring Boot v4.0.3, Spring v7.0.5
2026-04-06 11:07:10 [restartedMain] INFO  c.e.carservice.CarServiceApplication - The following 1 profile is active: "local"
2026-04-06 11:07:10 [restartedMain] INFO  o.s.d.r.c.RepositoryConfigurationDelegate - Bootstrapping Spring Data JPA repositories in DEFAULT mode.
2026-04-06 11:07:10 [restartedMain] INFO  o.s.d.r.c.RepositoryConfigurationDelegate - Finished Spring Data repository scanning in 43 ms. Found 7 JPA repository interfaces.
2026-04-06 11:07:10 [restartedMain] INFO  o.s.boot.tomcat.TomcatWebServer - Tomcat initialized with port 8080 (http)
2026-04-06 11:07:11 [restartedMain] INFO  o.a.coyote.http11.Http11NioProtocol - Initializing ProtocolHandler ["http-nio-8080"]
2026-04-06 11:07:11 [restartedMain] INFO  o.a.catalina.core.StandardService - Starting service [Tomcat]
2026-04-06 11:07:11 [restartedMain] INFO  o.a.catalina.core.StandardEngine - Starting Servlet engine: [Apache Tomcat/11.0.18]
2026-04-06 11:07:11 [restartedMain] INFO  o.s.b.w.c.s.WebApplicationContextInitializer - Root WebApplicationContext: initialization completed in 653 ms
2026-04-06 11:07:11 [restartedMain] INFO  org.hibernate.orm.jpa - HHH008540: Processing PersistenceUnitInfo [name: default]
2026-04-06 11:07:11 [restartedMain] INFO  o.s.o.j.p.SpringPersistenceUnitInfo - No LoadTimeWeaver setup: ignoring JPA class transformer
2026-04-06 11:07:11 [restartedMain] INFO  com.zaxxer.hikari.HikariDataSource - HikariPool-9 - Starting...
2026-04-06 11:07:11 [restartedMain] INFO  com.zaxxer.hikari.pool.HikariPool - HikariPool-9 - Added connection org.postgresql.jdbc.PgConnection@29f60b74
2026-04-06 11:07:11 [restartedMain] INFO  com.zaxxer.hikari.HikariDataSource - HikariPool-9 - Start completed.
2026-04-06 11:07:11 [restartedMain] INFO  o.hibernate.orm.connections.pooling - HHH10001005: Database info:
	Database JDBC URL [jdbc:postgresql://localhost:5432/carservice]
	Database driver: PostgreSQL JDBC Driver
	Database dialect: PostgreSQLDialect
	Database version: 18.3
	Default catalog/schema: carservice/public
	Autocommit mode: undefined/unknown
	Isolation level: READ_COMMITTED [default READ_COMMITTED]
	JDBC fetch size: none
	Pool: DataSourceConnectionProvider
	Minimum pool size: undefined/unknown
	Maximum pool size: undefined/unknown
2026-04-06 11:07:11 [restartedMain] INFO  org.hibernate.orm.core - HHH000489: No JTA platform available (set 'hibernate.transaction.jta.platform' to enable JTA platform integration)
2026-04-06 11:07:11 [restartedMain] INFO  o.s.o.j.LocalContainerEntityManagerFactoryBean - Initialized JPA EntityManagerFactory for persistence unit 'default'
2026-04-06 11:07:12 [restartedMain] WARN  o.s.b.w.s.s.c.AnnotationConfigServletWebServerApplicationContext - Exception encountered during context initialization - cancelling refresh attempt: org.springframework.beans.factory.BeanCreationException: Error creating bean with name 'spareController': Lookup method resolution failed
2026-04-06 11:07:12 [restartedMain] INFO  o.s.o.j.LocalContainerEntityManagerFactoryBean - Closing JPA EntityManagerFactory for persistence unit 'default'
2026-04-06 11:07:12 [restartedMain] INFO  com.zaxxer.hikari.HikariDataSource - HikariPool-9 - Shutdown initiated...
2026-04-06 11:07:12 [restartedMain] INFO  com.zaxxer.hikari.HikariDataSource - HikariPool-9 - Shutdown completed.
2026-04-06 11:07:12 [restartedMain] INFO  o.a.catalina.core.StandardService - Stopping service [Tomcat]
2026-04-06 11:07:12 [restartedMain] INFO  o.s.b.a.l.ConditionEvaluationReportLogger - 

Error starting ApplicationContext. To display the condition evaluation report re-run your application with 'debug' enabled.
2026-04-06 11:07:12 [restartedMain] ERROR o.s.boot.SpringApplication - Application run failed
org.springframework.beans.factory.BeanCreationException: Error creating bean with name 'spareController': Lookup method resolution failed
	at org.springframework.beans.factory.annotation.AutowiredAnnotationBeanPostProcessor.checkLookupMethods(AutowiredAnnotationBeanPostProcessor.java:482)
	at org.springframework.beans.factory.annotation.AutowiredAnnotationBeanPostProcessor.determineCandidateConstructors(AutowiredAnnotationBeanPostProcessor.java:352)
	at org.springframework.beans.factory.support.AbstractAutowireCapableBeanFactory.determineConstructorsFromBeanPostProcessors(AbstractAutowireCapableBeanFactory.java:1321)
	at org.springframework.beans.factory.support.AbstractAutowireCapableBeanFactory.createBeanInstance(AbstractAutowireCapableBeanFactory.java:1218)
	at org.springframework.beans.factory.support.AbstractAutowireCapableBeanFactory.doCreateBean(AbstractAutowireCapableBeanFactory.java:565)
	at org.springframework.beans.factory.support.AbstractAutowireCapableBeanFactory.createBean(AbstractAutowireCapableBeanFactory.java:525)
	at org.springframework.beans.factory.support.AbstractBeanFactory.lambda$doGetBean$0(AbstractBeanFactory.java:333)
	at org.springframework.beans.factory.support.DefaultSingletonBeanRegistry.getSingleton(DefaultSingletonBeanRegistry.java:371)
	at org.springframework.beans.factory.support.AbstractBeanFactory.doGetBean(AbstractBeanFactory.java:331)
	at org.springframework.beans.factory.support.AbstractBeanFactory.getBean(AbstractBeanFactory.java:196)
	at org.springframework.beans.factory.support.DefaultListableBeanFactory.instantiateSingleton(DefaultListableBeanFactory.java:1218)
	at org.springframework.beans.factory.support.DefaultListableBeanFactory.preInstantiateSingleton(DefaultListableBeanFactory.java:1184)
	at org.springframework.beans.factory.support.DefaultListableBeanFactory.preInstantiateSingletons(DefaultListableBeanFactory.java:1121)
	at org.springframework.context.support.AbstractApplicationContext.finishBeanFactoryInitialization(AbstractApplicationContext.java:994)
	at org.springframework.context.support.AbstractApplicationContext.refresh(AbstractApplicationContext.java:621)
	at org.springframework.boot.web.server.servlet.context.ServletWebServerApplicationContext.refresh(ServletWebServerApplicationContext.java:143)
	at org.springframework.boot.SpringApplication.refresh(SpringApplication.java:756)
	at org.springframework.boot.SpringApplication.refreshContext(SpringApplication.java:445)
	at org.springframework.boot.SpringApplication.run(SpringApplication.java:321)
	at org.springframework.boot.SpringApplication.run(SpringApplication.java:1365)
	at org.springframework.boot.SpringApplication.run(SpringApplication.java:1354)
	at com.example.carservice.CarServiceApplication.main(CarServiceApplication.java:10)
	at java.base/jdk.internal.reflect.DirectMethodHandleAccessor.invoke(DirectMethodHandleAccessor.java:104)
	at java.base/java.lang.reflect.Method.invoke(Method.java:565)
	at org.springframework.boot.devtools.restart.RestartLauncher.run(RestartLauncher.java:52)
Caused by: java.lang.IllegalStateException: Failed to introspect Class [com.example.carservice.controller.SpareController] from ClassLoader [org.springframework.boot.devtools.restart.classloader.RestartClassLoader@20d028bc]
	at org.springframework.util.ReflectionUtils.getDeclaredMethods(ReflectionUtils.java:483)
	at org.springframework.util.ReflectionUtils.doWithLocalMethods(ReflectionUtils.java:320)
	at org.springframework.beans.factory.annotation.AutowiredAnnotationBeanPostProcessor.checkLookupMethods(AutowiredAnnotationBeanPostProcessor.java:460)
	... 24 common frames omitted
Caused by: java.lang.NoClassDefFoundError: com/example/carservice/dto/SpareDto
	at java.base/java.lang.Class.getDeclaredMethods0(Native Method)
	at java.base/java.lang.Class.privateGetDeclaredMethods(Class.java:3010)
	at java.base/java.lang.Class.getDeclaredMethods(Class.java:2329)
	at org.springframework.util.ReflectionUtils.getDeclaredMethods(ReflectionUtils.java:465)
	... 26 common frames omitted
Caused by: java.lang.ClassNotFoundException: com.example.carservice.dto.SpareDto
	at java.base/jdk.internal.loader.BuiltinClassLoader.loadClass(BuiltinClassLoader.java:580)
	at java.base/java.lang.ClassLoader.loadClass(ClassLoader.java:490)
	at java.base/java.lang.Class.forName0(Native Method)
	at java.base/java.lang.Class.forName(Class.java:547)
	at org.springframework.boot.devtools.restart.classloader.RestartClassLoader.loadClass(RestartClassLoader.java:123)
	at java.base/java.lang.ClassLoader.loadClass(ClassLoader.java:490)
	... 30 common frames omitted
2026-04-06 11:07:14 [restartedMain] INFO  c.e.carservice.CarServiceApplication - Starting CarServiceApplication using Java 25.0.2 with PID 27392 (D:\Java\carService\target\classes started by Dzmitry in D:\Java\carService)
2026-04-06 11:07:14 [restartedMain] DEBUG c.e.carservice.CarServiceApplication - Running with Spring Boot v4.0.3, Spring v7.0.5
2026-04-06 11:07:14 [restartedMain] INFO  c.e.carservice.CarServiceApplication - The following 1 profile is active: "local"
2026-04-06 11:07:14 [restartedMain] INFO  o.s.d.r.c.RepositoryConfigurationDelegate - Bootstrapping Spring Data JPA repositories in DEFAULT mode.
2026-04-06 11:07:14 [restartedMain] INFO  o.s.d.r.c.RepositoryConfigurationDelegate - Finished Spring Data repository scanning in 39 ms. Found 7 JPA repository interfaces.
2026-04-06 11:07:14 [restartedMain] INFO  o.s.boot.tomcat.TomcatWebServer - Tomcat initialized with port 8080 (http)
2026-04-06 11:07:14 [restartedMain] INFO  o.a.coyote.http11.Http11NioProtocol - Initializing ProtocolHandler ["http-nio-8080"]
2026-04-06 11:07:14 [restartedMain] INFO  o.a.catalina.core.StandardService - Starting service [Tomcat]
2026-04-06 11:07:14 [restartedMain] INFO  o.a.catalina.core.StandardEngine - Starting Servlet engine: [Apache Tomcat/11.0.18]
2026-04-06 11:07:14 [restartedMain] INFO  o.s.b.w.c.s.WebApplicationContextInitializer - Root WebApplicationContext: initialization completed in 565 ms
2026-04-06 11:07:14 [restartedMain] INFO  org.hibernate.orm.jpa - HHH008540: Processing PersistenceUnitInfo [name: default]
2026-04-06 11:07:14 [restartedMain] INFO  o.s.o.j.p.SpringPersistenceUnitInfo - No LoadTimeWeaver setup: ignoring JPA class transformer
2026-04-06 11:07:14 [restartedMain] INFO  com.zaxxer.hikari.HikariDataSource - HikariPool-10 - Starting...
2026-04-06 11:07:14 [restartedMain] INFO  com.zaxxer.hikari.pool.HikariPool - HikariPool-10 - Added connection org.postgresql.jdbc.PgConnection@6c60eaa4
2026-04-06 11:07:14 [restartedMain] INFO  com.zaxxer.hikari.HikariDataSource - HikariPool-10 - Start completed.
2026-04-06 11:07:14 [restartedMain] INFO  o.hibernate.orm.connections.pooling - HHH10001005: Database info:
	Database JDBC URL [jdbc:postgresql://localhost:5432/carservice]
	Database driver: PostgreSQL JDBC Driver
	Database dialect: PostgreSQLDialect
	Database version: 18.3
	Default catalog/schema: carservice/public
	Autocommit mode: undefined/unknown
	Isolation level: READ_COMMITTED [default READ_COMMITTED]
	JDBC fetch size: none
	Pool: DataSourceConnectionProvider
	Minimum pool size: undefined/unknown
	Maximum pool size: undefined/unknown
2026-04-06 11:07:14 [restartedMain] INFO  org.hibernate.orm.core - HHH000489: No JTA platform available (set 'hibernate.transaction.jta.platform' to enable JTA platform integration)
2026-04-06 11:07:15 [restartedMain] INFO  o.s.o.j.LocalContainerEntityManagerFactoryBean - Initialized JPA EntityManagerFactory for persistence unit 'default'
2026-04-06 11:07:15 [restartedMain] WARN  o.s.b.j.a.JpaBaseConfiguration$JpaWebConfiguration - spring.jpa.open-in-view is enabled by default. Therefore, database queries may be performed during view rendering. Explicitly configure spring.jpa.open-in-view to disable this warning
2026-04-06 11:07:15 [restartedMain] INFO  o.a.coyote.http11.Http11NioProtocol - Starting ProtocolHandler ["http-nio-8080"]
2026-04-06 11:07:15 [restartedMain] INFO  o.s.boot.tomcat.TomcatWebServer - Tomcat started on port 8080 (http) with context path '/'
2026-04-06 11:07:15 [restartedMain] INFO  c.e.carservice.CarServiceApplication - Started CarServiceApplication in 1.936 seconds (process running for 407.91)
2026-04-06 11:07:15 [restartedMain] INFO  c.e.c.config.DataInitializer - === Создание клиентов ===
2026-04-06 11:07:15 [restartedMain] INFO  c.e.c.config.DataInitializer - === Создание машин ===
2026-04-06 11:07:15 [restartedMain] INFO  c.e.c.config.DataInitializer - === Создание механиков ===
2026-04-06 11:07:15 [restartedMain] INFO  c.e.c.config.DataInitializer - === Создание услуг ===
2026-04-06 11:07:15 [restartedMain] INFO  c.e.c.config.DataInitializer - === Создание запчастей ===
2026-04-06 11:07:15 [restartedMain] INFO  c.e.c.config.DataInitializer - === Создание заказов ===
2026-04-06 11:07:16 [restartedMain] INFO  c.e.c.config.DataInitializer - Клиентов: 4
2026-04-06 11:07:16 [restartedMain] INFO  c.e.c.config.DataInitializer - Машин: 5
2026-04-06 11:07:16 [restartedMain] INFO  c.e.c.config.DataInitializer - Механиков: 4
2026-04-06 11:07:16 [restartedMain] INFO  c.e.c.config.DataInitializer - Услуг: 5
2026-04-06 11:07:16 [restartedMain] INFO  c.e.c.config.DataInitializer - Запчастей: 5
2026-04-06 11:07:16 [restartedMain] INFO  c.e.c.config.DataInitializer - Заказов: 4
2026-04-06 11:07:16 [restartedMain] INFO  c.e.c.service.impl.OrderServiceImpl - === Без оптимизации (N+1) ===
2026-04-06 11:07:16 [restartedMain] INFO  c.e.c.service.impl.OrderServiceImpl - Загружено 4 заказов без оптимизации
2026-04-06 11:07:16 [restartedMain] DEBUG c.e.c.service.impl.OrderServiceImpl - Order 1: client Петров
2026-04-06 11:07:16 [restartedMain] DEBUG c.e.c.service.impl.OrderServiceImpl - Order 2: client Сидорова
2026-04-06 11:07:16 [restartedMain] DEBUG c.e.c.service.impl.OrderServiceImpl - Order 3: client Новикова
2026-04-06 11:07:16 [restartedMain] DEBUG c.e.c.service.impl.OrderServiceImpl - Order 4: client Петров
2026-04-06 11:07:16 [restartedMain] INFO  c.e.c.service.impl.OrderServiceImpl - === Конец N+1 ===
2026-04-06 11:07:16 [restartedMain] INFO  c.e.c.service.impl.OrderServiceImpl - === С оптимизацией (один запрос) ===
2026-04-06 11:07:16 [restartedMain] INFO  c.e.c.service.impl.OrderServiceImpl - Загружено 4 заказов с оптимизацией
2026-04-06 11:07:16 [restartedMain] DEBUG c.e.c.service.impl.OrderServiceImpl - Order 1: client Петров
2026-04-06 11:07:16 [restartedMain] DEBUG c.e.c.service.impl.OrderServiceImpl - Order 2: client Сидорова
2026-04-06 11:07:16 [restartedMain] DEBUG c.e.c.service.impl.OrderServiceImpl - Order 3: client Новикова
2026-04-06 11:07:16 [restartedMain] DEBUG c.e.c.service.impl.OrderServiceImpl - Order 4: client Петров
2026-04-06 11:07:16 [restartedMain] INFO  c.e.c.service.impl.OrderServiceImpl - === Конец оптимизации ===
2026-04-06 11:07:16 [restartedMain] INFO  c.e.c.aspect.ServiceLoggingAspect - Method OrderServiceImpl.demonstrateNplus1Problem() executed in 17 ms
2026-04-06 11:07:16 [restartedMain] INFO  c.e.c.config.DataInitializer - === Используем машину с ID: 1 ===
2026-04-06 11:07:16 [restartedMain] INFO  c.e.c.config.DataInitializer - 
=== ТЕСТ 1: Без @Transactional ===
2026-04-06 11:07:16 [restartedMain] INFO  c.e.c.service.impl.OrderServiceImpl - === СОХРАНЕНИЕ БЕЗ @Transactional ===
2026-04-06 11:07:16 [restartedMain] INFO  c.e.c.service.impl.OrderServiceImpl - 1. Заказ сохранён, ID: 5
2026-04-06 11:07:16 [restartedMain] INFO  c.e.c.service.impl.OrderServiceImpl - 2. Имитируем ошибку...
2026-04-06 11:07:16 [restartedMain] ERROR c.e.c.config.DataInitializer - Ошибка: Ошибка после частичного сохранения! Заказ остался в БД.
2026-04-06 11:07:16 [restartedMain] INFO  c.e.c.config.DataInitializer - 
=== ТЕСТ 2: С @Transactional ===
2026-04-06 11:07:16 [restartedMain] INFO  c.e.c.service.impl.OrderServiceImpl - === СОХРАНЕНИЕ С @Transactional ===
2026-04-06 11:07:16 [restartedMain] INFO  c.e.c.service.impl.OrderServiceImpl - 1. Заказ сохранён, ID: 6
2026-04-06 11:07:16 [restartedMain] INFO  c.e.c.service.impl.OrderServiceImpl - 2. Услуги добавлены
2026-04-06 11:07:16 [restartedMain] INFO  c.e.c.service.impl.OrderServiceImpl - 3. Имитируем ошибку...
2026-04-06 11:07:16 [restartedMain] ERROR c.e.c.config.DataInitializer - Ошибка: Ошибка! Всё должно откатиться.
2026-04-06 11:07:16 [restartedMain] INFO  o.s.b.d.a.ConditionEvaluationDeltaLoggingListener - Condition evaluation unchanged
2026-04-06 11:08:04 [File Watcher] INFO  o.s.b.d.a.LocalDevToolsAutoConfiguration$RestartingClassPathChangeChangedEventListener - Restarting due to 5 class path changes (0 additions, 5 deletions, 0 modifications)
2026-04-06 11:08:04 [Thread-32] INFO  o.s.boot.tomcat.GracefulShutdown - Commencing graceful shutdown. Waiting for active requests to complete
2026-04-06 11:08:04 [tomcat-shutdown] INFO  o.a.coyote.http11.Http11NioProtocol - Pausing ProtocolHandler ["http-nio-8080"]
2026-04-06 11:08:04 [tomcat-shutdown] INFO  o.s.boot.tomcat.GracefulShutdown - Graceful shutdown complete
2026-04-06 11:08:04 [Thread-32] INFO  o.a.coyote.http11.Http11NioProtocol - Stopping ProtocolHandler ["http-nio-8080"]
2026-04-06 11:08:04 [Thread-32] INFO  o.s.o.j.LocalContainerEntityManagerFactoryBean - Closing JPA EntityManagerFactory for persistence unit 'default'
2026-04-06 11:08:05 [Thread-32] INFO  com.zaxxer.hikari.HikariDataSource - HikariPool-10 - Shutdown initiated...
2026-04-06 11:08:05 [Thread-32] INFO  com.zaxxer.hikari.HikariDataSource - HikariPool-10 - Shutdown completed.
2026-04-06 11:08:05 [restartedMain] INFO  c.e.carservice.CarServiceApplication - Starting CarServiceApplication using Java 25.0.2 with PID 27392 (D:\Java\carService\target\classes started by Dzmitry in D:\Java\carService)
2026-04-06 11:08:05 [restartedMain] DEBUG c.e.carservice.CarServiceApplication - Running with Spring Boot v4.0.3, Spring v7.0.5
2026-04-06 11:08:05 [restartedMain] INFO  c.e.carservice.CarServiceApplication - The following 1 profile is active: "local"
2026-04-06 11:08:05 [restartedMain] INFO  o.s.d.r.c.RepositoryConfigurationDelegate - Bootstrapping Spring Data JPA repositories in DEFAULT mode.
2026-04-06 11:08:05 [restartedMain] INFO  o.s.d.r.c.RepositoryConfigurationDelegate - Finished Spring Data repository scanning in 51 ms. Found 7 JPA repository interfaces.
2026-04-06 11:08:05 [restartedMain] INFO  o.s.boot.tomcat.TomcatWebServer - Tomcat initialized with port 8080 (http)
2026-04-06 11:08:05 [restartedMain] INFO  o.a.coyote.http11.Http11NioProtocol - Initializing ProtocolHandler ["http-nio-8080"]
2026-04-06 11:08:05 [restartedMain] INFO  o.a.catalina.core.StandardService - Starting service [Tomcat]
2026-04-06 11:08:05 [restartedMain] INFO  o.a.catalina.core.StandardEngine - Starting Servlet engine: [Apache Tomcat/11.0.18]
2026-04-06 11:08:05 [restartedMain] INFO  o.s.b.w.c.s.WebApplicationContextInitializer - Root WebApplicationContext: initialization completed in 667 ms
2026-04-06 11:08:05 [restartedMain] INFO  org.hibernate.orm.jpa - HHH008540: Processing PersistenceUnitInfo [name: default]
2026-04-06 11:08:06 [restartedMain] INFO  o.s.o.j.p.SpringPersistenceUnitInfo - No LoadTimeWeaver setup: ignoring JPA class transformer
2026-04-06 11:08:06 [restartedMain] INFO  com.zaxxer.hikari.HikariDataSource - HikariPool-11 - Starting...
2026-04-06 11:08:06 [restartedMain] INFO  com.zaxxer.hikari.pool.HikariPool - HikariPool-11 - Added connection org.postgresql.jdbc.PgConnection@6f617e43
2026-04-06 11:08:06 [restartedMain] INFO  com.zaxxer.hikari.HikariDataSource - HikariPool-11 - Start completed.
2026-04-06 11:08:06 [restartedMain] INFO  o.hibernate.orm.connections.pooling - HHH10001005: Database info:
	Database JDBC URL [jdbc:postgresql://localhost:5432/carservice]
	Database driver: PostgreSQL JDBC Driver
	Database dialect: PostgreSQLDialect
	Database version: 18.3
	Default catalog/schema: carservice/public
	Autocommit mode: undefined/unknown
	Isolation level: READ_COMMITTED [default READ_COMMITTED]
	JDBC fetch size: none
	Pool: DataSourceConnectionProvider
	Minimum pool size: undefined/unknown
	Maximum pool size: undefined/unknown
2026-04-06 11:08:06 [restartedMain] INFO  org.hibernate.orm.core - HHH000489: No JTA platform available (set 'hibernate.transaction.jta.platform' to enable JTA platform integration)
2026-04-06 11:08:06 [restartedMain] INFO  o.s.o.j.LocalContainerEntityManagerFactoryBean - Initialized JPA EntityManagerFactory for persistence unit 'default'
2026-04-06 11:08:07 [restartedMain] WARN  o.s.b.j.a.JpaBaseConfiguration$JpaWebConfiguration - spring.jpa.open-in-view is enabled by default. Therefore, database queries may be performed during view rendering. Explicitly configure spring.jpa.open-in-view to disable this warning
2026-04-06 11:08:07 [restartedMain] INFO  o.a.coyote.http11.Http11NioProtocol - Starting ProtocolHandler ["http-nio-8080"]
2026-04-06 11:08:07 [restartedMain] INFO  o.s.boot.tomcat.TomcatWebServer - Tomcat started on port 8080 (http) with context path '/'
2026-04-06 11:08:07 [restartedMain] INFO  c.e.carservice.CarServiceApplication - Started CarServiceApplication in 2.179 seconds (process running for 459.307)
2026-04-06 11:08:07 [restartedMain] INFO  c.e.c.config.DataInitializer - === Создание клиентов ===
2026-04-06 11:08:07 [restartedMain] INFO  c.e.c.config.DataInitializer - === Создание машин ===
2026-04-06 11:08:07 [restartedMain] INFO  c.e.c.config.DataInitializer - === Создание механиков ===
2026-04-06 11:08:07 [restartedMain] INFO  c.e.c.config.DataInitializer - === Создание услуг ===
2026-04-06 11:08:07 [restartedMain] INFO  c.e.c.config.DataInitializer - === Создание запчастей ===
2026-04-06 11:08:07 [restartedMain] INFO  c.e.c.config.DataInitializer - === Создание заказов ===
2026-04-06 11:08:07 [restartedMain] INFO  c.e.c.config.DataInitializer - Клиентов: 4
2026-04-06 11:08:07 [restartedMain] INFO  c.e.c.config.DataInitializer - Машин: 5
2026-04-06 11:08:07 [restartedMain] INFO  c.e.c.config.DataInitializer - Механиков: 4
2026-04-06 11:08:07 [restartedMain] INFO  c.e.c.config.DataInitializer - Услуг: 5
2026-04-06 11:08:07 [restartedMain] INFO  c.e.c.config.DataInitializer - Запчастей: 5
2026-04-06 11:08:07 [restartedMain] INFO  c.e.c.config.DataInitializer - Заказов: 4
2026-04-06 11:08:07 [restartedMain] INFO  c.e.c.service.impl.OrderServiceImpl - === Без оптимизации (N+1) ===
2026-04-06 11:08:07 [restartedMain] INFO  c.e.c.service.impl.OrderServiceImpl - Загружено 4 заказов без оптимизации
2026-04-06 11:08:07 [restartedMain] DEBUG c.e.c.service.impl.OrderServiceImpl - Order 1: client Петров
2026-04-06 11:08:07 [restartedMain] DEBUG c.e.c.service.impl.OrderServiceImpl - Order 2: client Сидорова
2026-04-06 11:08:07 [restartedMain] DEBUG c.e.c.service.impl.OrderServiceImpl - Order 3: client Новикова
2026-04-06 11:08:07 [restartedMain] DEBUG c.e.c.service.impl.OrderServiceImpl - Order 4: client Петров
2026-04-06 11:08:07 [restartedMain] INFO  c.e.c.service.impl.OrderServiceImpl - === Конец N+1 ===
2026-04-06 11:08:07 [restartedMain] INFO  c.e.c.service.impl.OrderServiceImpl - === С оптимизацией (один запрос) ===
2026-04-06 11:08:07 [restartedMain] INFO  c.e.c.service.impl.OrderServiceImpl - Загружено 4 заказов с оптимизацией
2026-04-06 11:08:07 [restartedMain] DEBUG c.e.c.service.impl.OrderServiceImpl - Order 1: client Петров
2026-04-06 11:08:07 [restartedMain] DEBUG c.e.c.service.impl.OrderServiceImpl - Order 2: client Сидорова
2026-04-06 11:08:07 [restartedMain] DEBUG c.e.c.service.impl.OrderServiceImpl - Order 3: client Новикова
2026-04-06 11:08:07 [restartedMain] DEBUG c.e.c.service.impl.OrderServiceImpl - Order 4: client Петров
2026-04-06 11:08:07 [restartedMain] INFO  c.e.c.service.impl.OrderServiceImpl - === Конец оптимизации ===
2026-04-06 11:08:07 [restartedMain] INFO  c.e.c.aspect.ServiceLoggingAspect - Method OrderServiceImpl.demonstrateNplus1Problem() executed in 15 ms
2026-04-06 11:08:07 [restartedMain] INFO  c.e.c.config.DataInitializer - === Используем машину с ID: 1 ===
2026-04-06 11:08:07 [restartedMain] INFO  c.e.c.config.DataInitializer - 
=== ТЕСТ 1: Без @Transactional ===
2026-04-06 11:08:07 [restartedMain] INFO  c.e.c.service.impl.OrderServiceImpl - === СОХРАНЕНИЕ БЕЗ @Transactional ===
2026-04-06 11:08:07 [restartedMain] INFO  c.e.c.service.impl.OrderServiceImpl - 1. Заказ сохранён, ID: 5
2026-04-06 11:08:07 [restartedMain] INFO  c.e.c.service.impl.OrderServiceImpl - 2. Имитируем ошибку...
2026-04-06 11:08:07 [restartedMain] ERROR c.e.c.config.DataInitializer - Ошибка: Ошибка после частичного сохранения! Заказ остался в БД.
2026-04-06 11:08:07 [restartedMain] INFO  c.e.c.config.DataInitializer - 
=== ТЕСТ 2: С @Transactional ===
2026-04-06 11:08:07 [restartedMain] INFO  c.e.c.service.impl.OrderServiceImpl - === СОХРАНЕНИЕ С @Transactional ===
2026-04-06 11:08:07 [restartedMain] INFO  c.e.c.service.impl.OrderServiceImpl - 1. Заказ сохранён, ID: 6
2026-04-06 11:08:07 [restartedMain] INFO  c.e.c.service.impl.OrderServiceImpl - 2. Услуги добавлены
2026-04-06 11:08:07 [restartedMain] INFO  c.e.c.service.impl.OrderServiceImpl - 3. Имитируем ошибку...
2026-04-06 11:08:07 [restartedMain] ERROR c.e.c.config.DataInitializer - Ошибка: Ошибка! Всё должно откатиться.
2026-04-06 11:08:07 [restartedMain] INFO  o.s.b.d.a.ConditionEvaluationDeltaLoggingListener - Condition evaluation unchanged
2026-04-06 11:12:05 [SpringApplicationShutdownHook] INFO  o.s.boot.tomcat.GracefulShutdown - Commencing graceful shutdown. Waiting for active requests to complete
2026-04-06 11:12:05 [tomcat-shutdown] INFO  o.s.boot.tomcat.GracefulShutdown - Graceful shutdown complete
2026-04-06 11:12:05 [SpringApplicationShutdownHook] INFO  o.s.o.j.LocalContainerEntityManagerFactoryBean - Closing JPA EntityManagerFactory for persistence unit 'default'
2026-04-06 11:12:05 [SpringApplicationShutdownHook] INFO  com.zaxxer.hikari.HikariDataSource - HikariPool-11 - Shutdown initiated...
2026-04-06 11:12:05 [SpringApplicationShutdownHook] INFO  com.zaxxer.hikari.HikariDataSource - HikariPool-11 - Shutdown completed.
2026-04-06 11:12:12 [restartedMain] INFO  c.e.carservice.CarServiceApplication - Starting CarServiceApplication using Java 25.0.2 with PID 26940 (D:\Java\carService\target\classes started by Dzmitry in D:\Java\carService)
2026-04-06 11:12:12 [restartedMain] DEBUG c.e.carservice.CarServiceApplication - Running with Spring Boot v4.0.3, Spring v7.0.5
2026-04-06 11:12:12 [restartedMain] INFO  c.e.carservice.CarServiceApplication - The following 1 profile is active: "local"
2026-04-06 11:12:12 [restartedMain] INFO  o.s.b.d.e.DevToolsPropertyDefaultsPostProcessor - Devtools property defaults active! Set 'spring.devtools.add-properties' to 'false' to disable
2026-04-06 11:12:12 [restartedMain] INFO  o.s.b.d.e.DevToolsPropertyDefaultsPostProcessor - For additional web related logging consider setting the 'logging.level.web' property to 'DEBUG'
2026-04-06 11:12:12 [background-preinit] INFO  o.h.validator.internal.util.Version - HV000001: Hibernate Validator 9.0.1.Final
2026-04-06 11:12:13 [restartedMain] INFO  o.s.d.r.c.RepositoryConfigurationDelegate - Bootstrapping Spring Data JPA repositories in DEFAULT mode.
2026-04-06 11:12:13 [restartedMain] INFO  o.s.d.r.c.RepositoryConfigurationDelegate - Finished Spring Data repository scanning in 85 ms. Found 7 JPA repository interfaces.
2026-04-06 11:12:14 [restartedMain] INFO  o.s.boot.tomcat.TomcatWebServer - Tomcat initialized with port 8080 (http)
2026-04-06 11:12:14 [restartedMain] INFO  o.a.coyote.http11.Http11NioProtocol - Initializing ProtocolHandler ["http-nio-8080"]
2026-04-06 11:12:14 [restartedMain] INFO  o.a.catalina.core.StandardService - Starting service [Tomcat]
2026-04-06 11:12:14 [restartedMain] INFO  o.a.catalina.core.StandardEngine - Starting Servlet engine: [Apache Tomcat/11.0.18]
2026-04-06 11:12:14 [restartedMain] INFO  o.s.b.w.c.s.WebApplicationContextInitializer - Root WebApplicationContext: initialization completed in 2034 ms
2026-04-06 11:12:15 [restartedMain] INFO  org.hibernate.orm.jpa - HHH008540: Processing PersistenceUnitInfo [name: default]
2026-04-06 11:12:15 [restartedMain] INFO  org.hibernate.orm.core - HHH000001: Hibernate ORM core version 7.2.4.Final
2026-04-06 11:12:15 [restartedMain] INFO  o.s.o.j.p.SpringPersistenceUnitInfo - No LoadTimeWeaver setup: ignoring JPA class transformer
2026-04-06 11:12:15 [restartedMain] INFO  com.zaxxer.hikari.HikariDataSource - HikariPool-1 - Starting...
2026-04-06 11:12:15 [restartedMain] INFO  com.zaxxer.hikari.pool.HikariPool - HikariPool-1 - Added connection org.postgresql.jdbc.PgConnection@7cdb4447
2026-04-06 11:12:15 [restartedMain] INFO  com.zaxxer.hikari.HikariDataSource - HikariPool-1 - Start completed.
2026-04-06 11:12:15 [restartedMain] INFO  o.hibernate.orm.connections.pooling - HHH10001005: Database info:
	Database JDBC URL [jdbc:postgresql://localhost:5432/carservice]
	Database driver: PostgreSQL JDBC Driver
	Database dialect: PostgreSQLDialect
	Database version: 18.3
	Default catalog/schema: carservice/public
	Autocommit mode: undefined/unknown
	Isolation level: READ_COMMITTED [default READ_COMMITTED]
	JDBC fetch size: none
	Pool: DataSourceConnectionProvider
	Minimum pool size: undefined/unknown
	Maximum pool size: undefined/unknown
2026-04-06 11:12:17 [restartedMain] INFO  org.hibernate.orm.core - HHH000489: No JTA platform available (set 'hibernate.transaction.jta.platform' to enable JTA platform integration)
2026-04-06 11:12:17 [restartedMain] INFO  o.s.o.j.LocalContainerEntityManagerFactoryBean - Initialized JPA EntityManagerFactory for persistence unit 'default'
2026-04-06 11:12:17 [restartedMain] INFO  o.s.d.j.r.q.QueryEnhancerFactories - Hibernate is in classpath; If applicable, HQL parser will be used.
2026-04-06 11:12:19 [restartedMain] WARN  o.s.b.j.a.JpaBaseConfiguration$JpaWebConfiguration - spring.jpa.open-in-view is enabled by default. Therefore, database queries may be performed during view rendering. Explicitly configure spring.jpa.open-in-view to disable this warning
2026-04-06 11:12:20 [restartedMain] INFO  o.a.coyote.http11.Http11NioProtocol - Starting ProtocolHandler ["http-nio-8080"]
2026-04-06 11:12:20 [restartedMain] INFO  o.s.boot.tomcat.TomcatWebServer - Tomcat started on port 8080 (http) with context path '/'
2026-04-06 11:12:20 [restartedMain] INFO  c.e.carservice.CarServiceApplication - Started CarServiceApplication in 8.422 seconds (process running for 9.345)
2026-04-06 11:12:20 [restartedMain] INFO  c.e.c.config.DataInitializer - === Создание клиентов ===
2026-04-06 11:12:20 [restartedMain] INFO  c.e.c.config.DataInitializer - === Создание машин ===
2026-04-06 11:12:20 [restartedMain] INFO  c.e.c.config.DataInitializer - === Создание механиков ===
2026-04-06 11:12:20 [restartedMain] INFO  c.e.c.config.DataInitializer - === Создание услуг ===
2026-04-06 11:12:20 [restartedMain] INFO  c.e.c.config.DataInitializer - === Создание запчастей ===
2026-04-06 11:12:20 [restartedMain] INFO  c.e.c.config.DataInitializer - === Создание заказов ===
2026-04-06 11:12:20 [restartedMain] INFO  c.e.c.config.DataInitializer - Клиентов: 4
2026-04-06 11:12:20 [restartedMain] INFO  c.e.c.config.DataInitializer - Машин: 5
2026-04-06 11:12:20 [restartedMain] INFO  c.e.c.config.DataInitializer - Механиков: 4
2026-04-06 11:12:20 [restartedMain] INFO  c.e.c.config.DataInitializer - Услуг: 5
2026-04-06 11:12:20 [restartedMain] INFO  c.e.c.config.DataInitializer - Запчастей: 5
2026-04-06 11:12:20 [restartedMain] INFO  c.e.c.config.DataInitializer - Заказов: 4
2026-04-06 11:12:20 [restartedMain] INFO  c.e.c.service.impl.OrderServiceImpl - === Без оптимизации (N+1) ===
2026-04-06 11:12:20 [restartedMain] INFO  c.e.c.service.impl.OrderServiceImpl - Загружено 4 заказов без оптимизации
2026-04-06 11:12:20 [restartedMain] DEBUG c.e.c.service.impl.OrderServiceImpl - Order 1: client Петров
2026-04-06 11:12:20 [restartedMain] DEBUG c.e.c.service.impl.OrderServiceImpl - Order 2: client Сидорова
2026-04-06 11:12:20 [restartedMain] DEBUG c.e.c.service.impl.OrderServiceImpl - Order 3: client Новикова
2026-04-06 11:12:20 [restartedMain] DEBUG c.e.c.service.impl.OrderServiceImpl - Order 4: client Петров
2026-04-06 11:12:20 [restartedMain] INFO  c.e.c.service.impl.OrderServiceImpl - === Конец N+1 ===
2026-04-06 11:12:20 [restartedMain] INFO  c.e.c.service.impl.OrderServiceImpl - === С оптимизацией (один запрос) ===
2026-04-06 11:12:20 [restartedMain] INFO  c.e.c.service.impl.OrderServiceImpl - Загружено 4 заказов с оптимизацией
2026-04-06 11:12:20 [restartedMain] DEBUG c.e.c.service.impl.OrderServiceImpl - Order 1: client Петров
2026-04-06 11:12:20 [restartedMain] DEBUG c.e.c.service.impl.OrderServiceImpl - Order 2: client Сидорова
2026-04-06 11:12:20 [restartedMain] DEBUG c.e.c.service.impl.OrderServiceImpl - Order 3: client Новикова
2026-04-06 11:12:20 [restartedMain] DEBUG c.e.c.service.impl.OrderServiceImpl - Order 4: client Петров
2026-04-06 11:12:20 [restartedMain] INFO  c.e.c.service.impl.OrderServiceImpl - === Конец оптимизации ===
2026-04-06 11:12:20 [restartedMain] INFO  c.e.c.aspect.ServiceLoggingAspect - Method OrderServiceImpl.demonstrateNplus1Problem() executed in 87 ms
2026-04-06 11:12:20 [restartedMain] INFO  c.e.c.config.DataInitializer - === Используем машину с ID: 1 ===
2026-04-06 11:12:20 [restartedMain] INFO  c.e.c.config.DataInitializer - 
=== ТЕСТ 1: Без @Transactional ===
2026-04-06 11:12:20 [restartedMain] INFO  c.e.c.service.impl.OrderServiceImpl - === СОХРАНЕНИЕ БЕЗ @Transactional ===
2026-04-06 11:12:20 [restartedMain] INFO  c.e.c.service.impl.OrderServiceImpl - 1. Заказ сохранён, ID: 5
2026-04-06 11:12:20 [restartedMain] INFO  c.e.c.service.impl.OrderServiceImpl - 2. Имитируем ошибку...
2026-04-06 11:12:20 [restartedMain] ERROR c.e.c.config.DataInitializer - Ошибка: Ошибка после частичного сохранения! Заказ остался в БД.
2026-04-06 11:12:20 [restartedMain] INFO  c.e.c.config.DataInitializer - 
=== ТЕСТ 2: С @Transactional ===
2026-04-06 11:12:20 [restartedMain] INFO  c.e.c.service.impl.OrderServiceImpl - === СОХРАНЕНИЕ С @Transactional ===
2026-04-06 11:12:20 [restartedMain] INFO  c.e.c.service.impl.OrderServiceImpl - 1. Заказ сохранён, ID: 6
2026-04-06 11:12:20 [restartedMain] INFO  c.e.c.service.impl.OrderServiceImpl - 2. Услуги добавлены
2026-04-06 11:12:20 [restartedMain] INFO  c.e.c.service.impl.OrderServiceImpl - 3. Имитируем ошибку...
2026-04-06 11:12:20 [restartedMain] ERROR c.e.c.config.DataInitializer - Ошибка: Ошибка! Всё должно откатиться.
2026-04-06 11:15:05 [http-nio-8080-exec-1] INFO  o.a.c.c.C.[Tomcat].[localhost].[/] - Initializing Spring DispatcherServlet 'dispatcherServlet'
2026-04-06 11:15:05 [http-nio-8080-exec-1] INFO  o.s.web.servlet.DispatcherServlet - Initializing Servlet 'dispatcherServlet'
2026-04-06 11:15:05 [http-nio-8080-exec-1] INFO  o.s.web.servlet.DispatcherServlet - Completed initialization in 2 ms
2026-04-06 11:15:05 [http-nio-8080-exec-1] WARN  o.s.w.s.m.m.a.ExceptionHandlerExceptionResolver - Resolved [org.springframework.web.bind.MethodArgumentNotValidException: Validation failed for argument [0] in public org.springframework.http.ResponseEntity<com.example.carservice.dto.CarDto> com.example.carservice.controller.CarController.createCar(com.example.carservice.dto.CarDto) with 6 errors: [Field error in object 'carDto' on field 'vin': rejected value [123]; codes [Size.carDto.vin,Size.vin,Size.java.lang.String,Size]; arguments [org.springframework.context.support.DefaultMessageSourceResolvable: codes [carDto.vin,vin]; arguments []; default message [vin],17,17]; default message [VIN must contain exactly 17 characters]] [Field error in object 'carDto' on field 'licensePlate': rejected value []; codes [Size.carDto.licensePlate,Size.licensePlate,Size.java.lang.String,Size]; arguments [org.springframework.context.support.DefaultMessageSourceResolvable: codes [carDto.licensePlate,licensePlate]; arguments []; default message [licensePlate],10,4]; default message [License plate length must be between 4 and 10]] [Field error in object 'carDto' on field 'year': rejected value [1000]; codes [Min.carDto.year,Min.year,Min.java.lang.Integer,Min]; arguments [org.springframework.context.support.DefaultMessageSourceResolvable: codes [carDto.year,year]; arguments []; default message [year],1900]; default message [Year must be greater than or equal to 1900]] [Field error in object 'carDto' on field 'brand': rejected value []; codes [NotBlank.carDto.brand,NotBlank.brand,NotBlank.java.lang.String,NotBlank]; arguments [org.springframework.context.support.DefaultMessageSourceResolvable: codes [carDto.brand,brand]; arguments []; default message [brand]]; default message [Brand must not be blank]] [Field error in object 'carDto' on field 'licensePlate': rejected value []; codes [NotBlank.carDto.licensePlate,NotBlank.licensePlate,NotBlank.java.lang.String,NotBlank]; arguments [org.springframework.context.support.DefaultMessageSourceResolvable: codes [carDto.licensePlate,licensePlate]; arguments []; default message [licensePlate]]; default message [License plate must not be blank]] [Field error in object 'carDto' on field 'model': rejected value []; codes [NotBlank.carDto.model,NotBlank.model,NotBlank.java.lang.String,NotBlank]; arguments [org.springframework.context.support.DefaultMessageSourceResolvable: codes [carDto.model,model]; arguments []; default message [model]]; default message [Model must not be blank]] ]
2026-04-06 11:15:40 [http-nio-8080-exec-3] WARN  o.s.w.s.m.m.a.ExceptionHandlerExceptionResolver - Resolved [org.springframework.web.bind.MethodArgumentNotValidException: Validation failed for argument [0] in public org.springframework.http.ResponseEntity<com.example.carservice.dto.ClientDto> com.example.carservice.controller.ClientController.createClient(com.example.carservice.dto.ClientDto) with 5 errors: [Field error in object 'clientDto' on field 'lastName': rejected value []; codes [NotBlank.clientDto.lastName,NotBlank.lastName,NotBlank.java.lang.String,NotBlank]; arguments [org.springframework.context.support.DefaultMessageSourceResolvable: codes [clientDto.lastName,lastName]; arguments []; default message [lastName]]; default message [Last name must not be blank]] [Field error in object 'clientDto' on field 'firstName': rejected value []; codes [NotBlank.clientDto.firstName,NotBlank.firstName,NotBlank.java.lang.String,NotBlank]; arguments [org.springframework.context.support.DefaultMessageSourceResolvable: codes [clientDto.firstName,firstName]; arguments []; default message [firstName]]; default message [First name must not be blank]] [Field error in object 'clientDto' on field 'email': rejected value [not-email]; codes [Email.clientDto.email,Email.email,Email.java.lang.String,Email]; arguments [org.springframework.context.support.DefaultMessageSourceResolvable: codes [clientDto.email,email]; arguments []; default message [email],[Ljakarta.validation.constraints.Pattern$Flag;@3cbf8447,.*]; default message [Email must be valid]] [Field error in object 'clientDto' on field 'phone': rejected value []; codes [NotBlank.clientDto.phone,NotBlank.phone,NotBlank.java.lang.String,NotBlank]; arguments [org.springframework.context.support.DefaultMessageSourceResolvable: codes [clientDto.phone,phone]; arguments []; default message [phone]]; default message [Phone must not be blank]] [Field error in object 'clientDto' on field 'address': rejected value [aaaaaaaaaaaaaaaaaaaaaaaaaaaaaaaaaaaaaaaaaaaaaaaaaaaaaaaaaaaaaaaaaaaaaaaaaaaaaaaaaaaaaaaaaaaaaaaaaaaaaaaaaaaaaaaaaaaaaaaaaaaaaaaaaaaaaaaaaaaaaaaaaaaaaaaaaaaaaaaaaaaaaaaaaaaaaaaaaaaaaaaaaaaaaaaaaaaaaaaaaaaaaaaaaaaaa]; codes [Size.clientDto.address,Size.address,Size.java.lang.String,Size]; arguments [org.springframework.context.support.DefaultMessageSourceResolvable: codes [clientDto.address,address]; arguments []; default message [address],200,0]; default message [Address must not exceed 200 characters]] ]
2026-04-06 11:16:21 [http-nio-8080-exec-6] WARN  o.s.w.s.m.m.a.ExceptionHandlerExceptionResolver - Resolved [org.springframework.web.bind.MethodArgumentNotValidException: Validation failed for argument [0] in public org.springframework.http.ResponseEntity<com.example.carservice.dto.OrderDto> com.example.carservice.controller.OrderController.createOrder(com.example.carservice.dto.OrderDto) with 3 errors: [Field error in object 'orderDto' on field 'status': rejected value []; codes [NotBlank.orderDto.status,NotBlank.status,NotBlank.java.lang.String,NotBlank]; arguments [org.springframework.context.support.DefaultMessageSourceResolvable: codes [orderDto.status,status]; arguments []; default message [status]]; default message [Status must not be blank]] [Field error in object 'orderDto' on field 'carId': rejected value [null]; codes [NotNull.orderDto.carId,NotNull.carId,NotNull.java.lang.Long,NotNull]; arguments [org.springframework.context.support.DefaultMessageSourceResolvable: codes [orderDto.carId,carId]; arguments []; default message [carId]]; default message [Car id must not be null]] [Field error in object 'orderDto' on field 'totalPrice': rejected value [-100.0]; codes [PositiveOrZero.orderDto.totalPrice,PositiveOrZero.totalPrice,PositiveOrZero.java.lang.Double,PositiveOrZero]; arguments [org.springframework.context.support.DefaultMessageSourceResolvable: codes [orderDto.totalPrice,totalPrice]; arguments []; default message [totalPrice]]; default message [Total price must be greater than or equal to 0]] ]
2026-04-06 11:16:38 [http-nio-8080-exec-8] WARN  o.s.w.s.m.m.a.ExceptionHandlerExceptionResolver - Resolved [org.springframework.web.bind.MethodArgumentNotValidException: Validation failed for argument [0] in public org.springframework.http.ResponseEntity<com.example.carservice.dto.MechanicDto> com.example.carservice.controller.MechanicController.createMechanic(com.example.carservice.dto.MechanicDto) with 3 errors: [Field error in object 'mechanicDto' on field 'firstName': rejected value []; codes [NotBlank.mechanicDto.firstName,NotBlank.firstName,NotBlank.java.lang.String,NotBlank]; arguments [org.springframework.context.support.DefaultMessageSourceResolvable: codes [mechanicDto.firstName,firstName]; arguments []; default message [firstName]]; default message [First name must not be blank]] [Field error in object 'mechanicDto' on field 'phone': rejected value [12345678901234567890]; codes [Size.mechanicDto.phone,Size.phone,Size.java.lang.String,Size]; arguments [org.springframework.context.support.DefaultMessageSourceResolvable: codes [mechanicDto.phone,phone]; arguments []; default message [phone],13,0]; default message [Phone must not exceed 13 characters]] [Field error in object 'mechanicDto' on field 'lastName': rejected value []; codes [NotBlank.mechanicDto.lastName,NotBlank.lastName,NotBlank.java.lang.String,NotBlank]; arguments [org.springframework.context.support.DefaultMessageSourceResolvable: codes [mechanicDto.lastName,lastName]; arguments []; default message [lastName]]; default message [Last name must not be blank]] ]
2026-04-06 11:16:58 [http-nio-8080-exec-10] WARN  o.s.w.s.m.m.a.ExceptionHandlerExceptionResolver - Resolved [org.springframework.web.bind.MethodArgumentNotValidException: Validation failed for argument [0] in public org.springframework.http.ResponseEntity<com.example.carservice.dto.SpareDto> com.example.carservice.controller.SpareController.createSpare(com.example.carservice.dto.SpareDto) with 4 errors: [Field error in object 'spareDto' on field 'quantityInStock': rejected value [-1]; codes [PositiveOrZero.spareDto.quantityInStock,PositiveOrZero.quantityInStock,PositiveOrZero.java.lang.Integer,PositiveOrZero]; arguments [org.springframework.context.support.DefaultMessageSourceResolvable: codes [spareDto.quantityInStock,quantityInStock]; arguments []; default message [quantityInStock]]; default message [Quantity in stock must be greater than or equal to 0]] [Field error in object 'spareDto' on field 'partNumber': rejected value []; codes [NotBlank.spareDto.partNumber,NotBlank.partNumber,NotBlank.java.lang.String,NotBlank]; arguments [org.springframework.context.support.DefaultMessageSourceResolvable: codes [spareDto.partNumber,partNumber]; arguments []; default message [partNumber]]; default message [Part number must not be blank]] [Field error in object 'spareDto' on field 'price': rejected value [-5.0]; codes [PositiveOrZero.spareDto.price,PositiveOrZero.price,PositiveOrZero.java.lang.Double,PositiveOrZero]; arguments [org.springframework.context.support.DefaultMessageSourceResolvable: codes [spareDto.price,price]; arguments []; default message [price]]; default message [Price must be greater than or equal to 0]] [Field error in object 'spareDto' on field 'name': rejected value []; codes [NotBlank.spareDto.name,NotBlank.name,NotBlank.java.lang.String,NotBlank]; arguments [org.springframework.context.support.DefaultMessageSourceResolvable: codes [spareDto.name,name]; arguments []; default message [name]]; default message [Name must not be blank]] ]
2026-04-06 11:18:41 [SpringApplicationShutdownHook] INFO  o.s.boot.tomcat.GracefulShutdown - Commencing graceful shutdown. Waiting for active requests to complete
2026-04-06 11:18:41 [tomcat-shutdown] INFO  o.s.boot.tomcat.GracefulShutdown - Graceful shutdown complete
2026-04-06 11:18:41 [SpringApplicationShutdownHook] INFO  o.s.o.j.LocalContainerEntityManagerFactoryBean - Closing JPA EntityManagerFactory for persistence unit 'default'
2026-04-06 11:18:41 [SpringApplicationShutdownHook] INFO  com.zaxxer.hikari.HikariDataSource - HikariPool-1 - Shutdown initiated...
2026-04-06 11:18:41 [SpringApplicationShutdownHook] INFO  com.zaxxer.hikari.HikariDataSource - HikariPool-1 - Shutdown completed.
2026-04-06 11:19:41 [restartedMain] INFO  c.e.carservice.CarServiceApplication - Starting CarServiceApplication using Java 25.0.2 with PID 28324 (D:\Java\carService\target\classes started by Dzmitry in D:\Java\carService)
2026-04-06 11:19:41 [restartedMain] DEBUG c.e.carservice.CarServiceApplication - Running with Spring Boot v4.0.3, Spring v7.0.5
2026-04-06 11:19:41 [restartedMain] INFO  c.e.carservice.CarServiceApplication - The following 1 profile is active: "local"
2026-04-06 11:19:41 [restartedMain] INFO  o.s.b.d.e.DevToolsPropertyDefaultsPostProcessor - Devtools property defaults active! Set 'spring.devtools.add-properties' to 'false' to disable
2026-04-06 11:19:41 [restartedMain] INFO  o.s.b.d.e.DevToolsPropertyDefaultsPostProcessor - For additional web related logging consider setting the 'logging.level.web' property to 'DEBUG'
2026-04-06 11:19:41 [background-preinit] INFO  o.h.validator.internal.util.Version - HV000001: Hibernate Validator 9.0.1.Final
2026-04-06 11:19:42 [restartedMain] INFO  o.s.d.r.c.RepositoryConfigurationDelegate - Bootstrapping Spring Data JPA repositories in DEFAULT mode.
2026-04-06 11:19:42 [restartedMain] INFO  o.s.d.r.c.RepositoryConfigurationDelegate - Finished Spring Data repository scanning in 75 ms. Found 7 JPA repository interfaces.
2026-04-06 11:19:43 [restartedMain] INFO  o.s.boot.tomcat.TomcatWebServer - Tomcat initialized with port 8080 (http)
2026-04-06 11:19:43 [restartedMain] INFO  o.a.coyote.http11.Http11NioProtocol - Initializing ProtocolHandler ["http-nio-8080"]
2026-04-06 11:19:43 [restartedMain] INFO  o.a.catalina.core.StandardService - Starting service [Tomcat]
2026-04-06 11:19:43 [restartedMain] INFO  o.a.catalina.core.StandardEngine - Starting Servlet engine: [Apache Tomcat/11.0.18]
2026-04-06 11:19:43 [restartedMain] INFO  o.s.b.w.c.s.WebApplicationContextInitializer - Root WebApplicationContext: initialization completed in 1966 ms
2026-04-06 11:19:43 [restartedMain] INFO  org.hibernate.orm.jpa - HHH008540: Processing PersistenceUnitInfo [name: default]
2026-04-06 11:19:44 [restartedMain] INFO  org.hibernate.orm.core - HHH000001: Hibernate ORM core version 7.2.4.Final
2026-04-06 11:19:44 [restartedMain] INFO  o.s.o.j.p.SpringPersistenceUnitInfo - No LoadTimeWeaver setup: ignoring JPA class transformer
2026-04-06 11:19:44 [restartedMain] INFO  com.zaxxer.hikari.HikariDataSource - HikariPool-1 - Starting...
2026-04-06 11:19:44 [restartedMain] INFO  com.zaxxer.hikari.pool.HikariPool - HikariPool-1 - Added connection org.postgresql.jdbc.PgConnection@6bc77244
2026-04-06 11:19:44 [restartedMain] INFO  com.zaxxer.hikari.HikariDataSource - HikariPool-1 - Start completed.
2026-04-06 11:19:45 [restartedMain] INFO  o.hibernate.orm.connections.pooling - HHH10001005: Database info:
	Database JDBC URL [jdbc:postgresql://localhost:5432/carservice]
	Database driver: PostgreSQL JDBC Driver
	Database dialect: PostgreSQLDialect
	Database version: 18.3
	Default catalog/schema: carservice/public
	Autocommit mode: undefined/unknown
	Isolation level: READ_COMMITTED [default READ_COMMITTED]
	JDBC fetch size: none
	Pool: DataSourceConnectionProvider
	Minimum pool size: undefined/unknown
	Maximum pool size: undefined/unknown
2026-04-06 11:19:46 [restartedMain] INFO  org.hibernate.orm.core - HHH000489: No JTA platform available (set 'hibernate.transaction.jta.platform' to enable JTA platform integration)
2026-04-06 11:19:46 [restartedMain] INFO  o.s.o.j.LocalContainerEntityManagerFactoryBean - Initialized JPA EntityManagerFactory for persistence unit 'default'
2026-04-06 11:19:46 [restartedMain] INFO  o.s.d.j.r.q.QueryEnhancerFactories - Hibernate is in classpath; If applicable, HQL parser will be used.
2026-04-06 11:19:48 [restartedMain] WARN  o.s.b.j.a.JpaBaseConfiguration$JpaWebConfiguration - spring.jpa.open-in-view is enabled by default. Therefore, database queries may be performed during view rendering. Explicitly configure spring.jpa.open-in-view to disable this warning
2026-04-06 11:19:49 [restartedMain] INFO  o.a.coyote.http11.Http11NioProtocol - Starting ProtocolHandler ["http-nio-8080"]
2026-04-06 11:19:49 [restartedMain] INFO  o.s.boot.tomcat.TomcatWebServer - Tomcat started on port 8080 (http) with context path '/'
2026-04-06 11:19:49 [restartedMain] INFO  c.e.carservice.CarServiceApplication - Started CarServiceApplication in 7.995 seconds (process running for 8.917)
2026-04-06 11:19:49 [restartedMain] INFO  c.e.c.config.DataInitializer - === Создание клиентов ===
2026-04-06 11:19:49 [restartedMain] INFO  c.e.c.config.DataInitializer - === Создание машин ===
2026-04-06 11:19:49 [restartedMain] INFO  c.e.c.config.DataInitializer - === Создание механиков ===
2026-04-06 11:19:49 [restartedMain] INFO  c.e.c.config.DataInitializer - === Создание услуг ===
2026-04-06 11:19:49 [restartedMain] INFO  c.e.c.config.DataInitializer - === Создание запчастей ===
2026-04-06 11:19:49 [restartedMain] INFO  c.e.c.config.DataInitializer - === Создание заказов ===
2026-04-06 11:19:49 [restartedMain] INFO  c.e.c.config.DataInitializer - Клиентов: 4
2026-04-06 11:19:49 [restartedMain] INFO  c.e.c.config.DataInitializer - Машин: 5
2026-04-06 11:19:49 [restartedMain] INFO  c.e.c.config.DataInitializer - Механиков: 4
2026-04-06 11:19:49 [restartedMain] INFO  c.e.c.config.DataInitializer - Услуг: 5
2026-04-06 11:19:49 [restartedMain] INFO  c.e.c.config.DataInitializer - Запчастей: 5
2026-04-06 11:19:49 [restartedMain] INFO  c.e.c.config.DataInitializer - Заказов: 4
2026-04-06 11:19:49 [restartedMain] INFO  c.e.c.service.impl.OrderServiceImpl - === Без оптимизации (N+1) ===
2026-04-06 11:19:49 [restartedMain] INFO  c.e.c.service.impl.OrderServiceImpl - Загружено 4 заказов без оптимизации
2026-04-06 11:19:49 [restartedMain] DEBUG c.e.c.service.impl.OrderServiceImpl - Order 1: client Петров
2026-04-06 11:19:49 [restartedMain] DEBUG c.e.c.service.impl.OrderServiceImpl - Order 2: client Сидорова
2026-04-06 11:19:49 [restartedMain] DEBUG c.e.c.service.impl.OrderServiceImpl - Order 3: client Новикова
2026-04-06 11:19:49 [restartedMain] DEBUG c.e.c.service.impl.OrderServiceImpl - Order 4: client Петров
2026-04-06 11:19:49 [restartedMain] INFO  c.e.c.service.impl.OrderServiceImpl - === Конец N+1 ===
2026-04-06 11:19:49 [restartedMain] INFO  c.e.c.service.impl.OrderServiceImpl - === С оптимизацией (один запрос) ===
2026-04-06 11:19:49 [restartedMain] INFO  c.e.c.service.impl.OrderServiceImpl - Загружено 4 заказов с оптимизацией
2026-04-06 11:19:49 [restartedMain] DEBUG c.e.c.service.impl.OrderServiceImpl - Order 1: client Петров
2026-04-06 11:19:49 [restartedMain] DEBUG c.e.c.service.impl.OrderServiceImpl - Order 2: client Сидорова
2026-04-06 11:19:49 [restartedMain] DEBUG c.e.c.service.impl.OrderServiceImpl - Order 3: client Новикова
2026-04-06 11:19:49 [restartedMain] DEBUG c.e.c.service.impl.OrderServiceImpl - Order 4: client Петров
2026-04-06 11:19:49 [restartedMain] INFO  c.e.c.service.impl.OrderServiceImpl - === Конец оптимизации ===
2026-04-06 11:19:49 [restartedMain] INFO  c.e.c.aspect.ServiceLoggingAspect - Method OrderServiceImpl.demonstrateNplus1Problem() executed in 90 ms
2026-04-06 11:19:49 [restartedMain] INFO  c.e.c.config.DataInitializer - === Используем машину с ID: 1 ===
2026-04-06 11:19:49 [restartedMain] INFO  c.e.c.config.DataInitializer - 
=== ТЕСТ 1: Без @Transactional ===
2026-04-06 11:19:49 [restartedMain] INFO  c.e.c.service.impl.OrderServiceImpl - === СОХРАНЕНИЕ БЕЗ @Transactional ===
2026-04-06 11:19:49 [restartedMain] INFO  c.e.c.service.impl.OrderServiceImpl - 1. Заказ сохранён, ID: 5
2026-04-06 11:19:49 [restartedMain] INFO  c.e.c.service.impl.OrderServiceImpl - 2. Имитируем ошибку...
2026-04-06 11:19:49 [restartedMain] ERROR c.e.c.config.DataInitializer - Ошибка: Ошибка после частичного сохранения! Заказ остался в БД.
2026-04-06 11:19:49 [restartedMain] INFO  c.e.c.config.DataInitializer - 
=== ТЕСТ 2: С @Transactional ===
2026-04-06 11:19:49 [restartedMain] INFO  c.e.c.service.impl.OrderServiceImpl - === СОХРАНЕНИЕ С @Transactional ===
2026-04-06 11:19:49 [restartedMain] INFO  c.e.c.service.impl.OrderServiceImpl - 1. Заказ сохранён, ID: 6
2026-04-06 11:19:49 [restartedMain] INFO  c.e.c.service.impl.OrderServiceImpl - 2. Услуги добавлены
2026-04-06 11:19:49 [restartedMain] INFO  c.e.c.service.impl.OrderServiceImpl - 3. Имитируем ошибку...
2026-04-06 11:19:49 [restartedMain] ERROR c.e.c.config.DataInitializer - Ошибка: Ошибка! Всё должно откатиться.
2026-04-06 11:39:21 [SpringApplicationShutdownHook] INFO  o.s.boot.tomcat.GracefulShutdown - Commencing graceful shutdown. Waiting for active requests to complete
2026-04-06 11:39:21 [tomcat-shutdown] INFO  o.s.boot.tomcat.GracefulShutdown - Graceful shutdown complete
2026-04-06 11:39:21 [SpringApplicationShutdownHook] INFO  o.s.o.j.LocalContainerEntityManagerFactoryBean - Closing JPA EntityManagerFactory for persistence unit 'default'
2026-04-06 11:39:21 [SpringApplicationShutdownHook] INFO  com.zaxxer.hikari.HikariDataSource - HikariPool-1 - Shutdown initiated...
2026-04-06 11:39:21 [SpringApplicationShutdownHook] INFO  com.zaxxer.hikari.HikariDataSource - HikariPool-1 - Shutdown completed.
2026-04-06 11:39:22 [restartedMain] INFO  c.e.carservice.CarServiceApplication - Starting CarServiceApplication using Java 25.0.2 with PID 28228 (D:\Java\carService\target\classes started by Dzmitry in D:\Java\carService)
2026-04-06 11:39:22 [restartedMain] DEBUG c.e.carservice.CarServiceApplication - Running with Spring Boot v4.0.3, Spring v7.0.5
2026-04-06 11:39:22 [restartedMain] INFO  c.e.carservice.CarServiceApplication - The following 1 profile is active: "local"
2026-04-06 11:39:23 [restartedMain] INFO  o.s.b.d.e.DevToolsPropertyDefaultsPostProcessor - Devtools property defaults active! Set 'spring.devtools.add-properties' to 'false' to disable
2026-04-06 11:39:23 [restartedMain] INFO  o.s.b.d.e.DevToolsPropertyDefaultsPostProcessor - For additional web related logging consider setting the 'logging.level.web' property to 'DEBUG'
2026-04-06 11:39:23 [background-preinit] INFO  o.h.validator.internal.util.Version - HV000001: Hibernate Validator 9.0.1.Final
2026-04-06 11:39:23 [restartedMain] INFO  o.s.d.r.c.RepositoryConfigurationDelegate - Bootstrapping Spring Data JPA repositories in DEFAULT mode.
2026-04-06 11:39:23 [restartedMain] INFO  o.s.d.r.c.RepositoryConfigurationDelegate - Finished Spring Data repository scanning in 46 ms. Found 7 JPA repository interfaces.
2026-04-06 11:39:23 [restartedMain] INFO  o.s.boot.tomcat.TomcatWebServer - Tomcat initialized with port 8080 (http)
2026-04-06 11:39:23 [restartedMain] INFO  o.a.coyote.http11.Http11NioProtocol - Initializing ProtocolHandler ["http-nio-8080"]
2026-04-06 11:39:23 [restartedMain] INFO  o.a.catalina.core.StandardService - Starting service [Tomcat]
2026-04-06 11:39:23 [restartedMain] INFO  o.a.catalina.core.StandardEngine - Starting Servlet engine: [Apache Tomcat/11.0.18]
2026-04-06 11:39:23 [restartedMain] INFO  o.s.b.w.c.s.WebApplicationContextInitializer - Root WebApplicationContext: initialization completed in 933 ms
2026-04-06 11:39:24 [restartedMain] INFO  org.hibernate.orm.jpa - HHH008540: Processing PersistenceUnitInfo [name: default]
2026-04-06 11:39:24 [restartedMain] INFO  org.hibernate.orm.core - HHH000001: Hibernate ORM core version 7.2.4.Final
2026-04-06 11:39:24 [restartedMain] INFO  o.s.o.j.p.SpringPersistenceUnitInfo - No LoadTimeWeaver setup: ignoring JPA class transformer
2026-04-06 11:39:24 [restartedMain] INFO  com.zaxxer.hikari.HikariDataSource - HikariPool-1 - Starting...
2026-04-06 11:39:25 [restartedMain] INFO  com.zaxxer.hikari.pool.HikariPool - HikariPool-1 - Added connection org.postgresql.jdbc.PgConnection@31041337
2026-04-06 11:39:25 [restartedMain] INFO  com.zaxxer.hikari.HikariDataSource - HikariPool-1 - Start completed.
2026-04-06 11:39:25 [restartedMain] INFO  o.hibernate.orm.connections.pooling - HHH10001005: Database info:
	Database JDBC URL [jdbc:postgresql://localhost:5432/carservice]
	Database driver: PostgreSQL JDBC Driver
	Database dialect: PostgreSQLDialect
	Database version: 18.3
	Default catalog/schema: carservice/public
	Autocommit mode: undefined/unknown
	Isolation level: READ_COMMITTED [default READ_COMMITTED]
	JDBC fetch size: none
	Pool: DataSourceConnectionProvider
	Minimum pool size: undefined/unknown
	Maximum pool size: undefined/unknown
2026-04-06 11:39:25 [restartedMain] INFO  org.hibernate.orm.core - HHH000489: No JTA platform available (set 'hibernate.transaction.jta.platform' to enable JTA platform integration)
2026-04-06 11:39:25 [restartedMain] INFO  o.s.o.j.LocalContainerEntityManagerFactoryBean - Initialized JPA EntityManagerFactory for persistence unit 'default'
2026-04-06 11:39:26 [restartedMain] INFO  o.s.d.j.r.q.QueryEnhancerFactories - Hibernate is in classpath; If applicable, HQL parser will be used.
2026-04-06 11:39:27 [restartedMain] WARN  o.s.b.j.a.JpaBaseConfiguration$JpaWebConfiguration - spring.jpa.open-in-view is enabled by default. Therefore, database queries may be performed during view rendering. Explicitly configure spring.jpa.open-in-view to disable this warning
2026-04-06 11:39:27 [restartedMain] INFO  o.a.coyote.http11.Http11NioProtocol - Starting ProtocolHandler ["http-nio-8080"]
2026-04-06 11:39:27 [restartedMain] INFO  o.s.boot.tomcat.TomcatWebServer - Tomcat started on port 8080 (http) with context path '/'
2026-04-06 11:39:27 [restartedMain] INFO  c.e.carservice.CarServiceApplication - Started CarServiceApplication in 5.014 seconds (process running for 5.733)
2026-04-06 11:39:27 [restartedMain] INFO  c.e.c.config.DataInitializer - === Создание клиентов ===
2026-04-06 11:39:27 [restartedMain] INFO  c.e.c.config.DataInitializer - === Создание машин ===
2026-04-06 11:39:27 [restartedMain] INFO  c.e.c.config.DataInitializer - === Создание механиков ===
2026-04-06 11:39:27 [restartedMain] INFO  c.e.c.config.DataInitializer - === Создание услуг ===
2026-04-06 11:39:27 [restartedMain] INFO  c.e.c.config.DataInitializer - === Создание запчастей ===
2026-04-06 11:39:27 [restartedMain] INFO  c.e.c.config.DataInitializer - === Создание заказов ===
2026-04-06 11:39:28 [restartedMain] INFO  c.e.c.config.DataInitializer - Клиентов: 4
2026-04-06 11:39:28 [restartedMain] INFO  c.e.c.config.DataInitializer - Машин: 5
2026-04-06 11:39:28 [restartedMain] INFO  c.e.c.config.DataInitializer - Механиков: 4
2026-04-06 11:39:28 [restartedMain] INFO  c.e.c.config.DataInitializer - Услуг: 5
2026-04-06 11:39:28 [restartedMain] INFO  c.e.c.config.DataInitializer - Запчастей: 5
2026-04-06 11:39:28 [restartedMain] INFO  c.e.c.config.DataInitializer - Заказов: 4
2026-04-06 11:39:28 [restartedMain] INFO  c.e.c.service.impl.OrderServiceImpl - === Без оптимизации (N+1) ===
2026-04-06 11:39:28 [restartedMain] INFO  c.e.c.service.impl.OrderServiceImpl - Загружено 4 заказов без оптимизации
2026-04-06 11:39:28 [restartedMain] DEBUG c.e.c.service.impl.OrderServiceImpl - Order 1: client Петров
2026-04-06 11:39:28 [restartedMain] DEBUG c.e.c.service.impl.OrderServiceImpl - Order 2: client Сидорова
2026-04-06 11:39:28 [restartedMain] DEBUG c.e.c.service.impl.OrderServiceImpl - Order 3: client Новикова
2026-04-06 11:39:28 [restartedMain] DEBUG c.e.c.service.impl.OrderServiceImpl - Order 4: client Петров
2026-04-06 11:39:28 [restartedMain] INFO  c.e.c.service.impl.OrderServiceImpl - === Конец N+1 ===
2026-04-06 11:39:28 [restartedMain] INFO  c.e.c.service.impl.OrderServiceImpl - === С оптимизацией (один запрос) ===
2026-04-06 11:39:28 [restartedMain] INFO  c.e.c.service.impl.OrderServiceImpl - Загружено 4 заказов с оптимизацией
2026-04-06 11:39:28 [restartedMain] DEBUG c.e.c.service.impl.OrderServiceImpl - Order 1: client Петров
2026-04-06 11:39:28 [restartedMain] DEBUG c.e.c.service.impl.OrderServiceImpl - Order 2: client Сидорова
2026-04-06 11:39:28 [restartedMain] DEBUG c.e.c.service.impl.OrderServiceImpl - Order 3: client Новикова
2026-04-06 11:39:28 [restartedMain] DEBUG c.e.c.service.impl.OrderServiceImpl - Order 4: client Петров
2026-04-06 11:39:28 [restartedMain] INFO  c.e.c.service.impl.OrderServiceImpl - === Конец оптимизации ===
2026-04-06 11:39:28 [restartedMain] INFO  c.e.c.aspect.ServiceLoggingAspect - Method OrderServiceImpl.demonstrateNplus1Problem() executed in 91 ms
2026-04-06 11:39:28 [restartedMain] INFO  c.e.c.config.DataInitializer - === Используем машину с ID: 1 ===
2026-04-06 11:39:28 [restartedMain] INFO  c.e.c.config.DataInitializer - 
=== ТЕСТ 1: Без @Transactional ===
2026-04-06 11:39:28 [restartedMain] INFO  c.e.c.service.impl.OrderServiceImpl - === СОХРАНЕНИЕ БЕЗ @Transactional ===
2026-04-06 11:39:28 [restartedMain] INFO  c.e.c.service.impl.OrderServiceImpl - 1. Заказ сохранён, ID: 5
2026-04-06 11:39:28 [restartedMain] INFO  c.e.c.service.impl.OrderServiceImpl - 2. Имитируем ошибку...
2026-04-06 11:39:28 [restartedMain] ERROR c.e.c.config.DataInitializer - Ошибка: Ошибка после частичного сохранения! Заказ остался в БД.
2026-04-06 11:39:28 [restartedMain] INFO  c.e.c.config.DataInitializer - 
=== ТЕСТ 2: С @Transactional ===
2026-04-06 11:39:28 [restartedMain] INFO  c.e.c.service.impl.OrderServiceImpl - === СОХРАНЕНИЕ С @Transactional ===
2026-04-06 11:39:28 [restartedMain] INFO  c.e.c.service.impl.OrderServiceImpl - 1. Заказ сохранён, ID: 6
2026-04-06 11:39:28 [restartedMain] INFO  c.e.c.service.impl.OrderServiceImpl - 2. Услуги добавлены
2026-04-06 11:39:28 [restartedMain] INFO  c.e.c.service.impl.OrderServiceImpl - 3. Имитируем ошибку...
2026-04-06 11:39:28 [restartedMain] ERROR c.e.c.config.DataInitializer - Ошибка: Ошибка! Всё должно откатиться.
2026-04-06 11:39:29 [http-nio-8080-exec-1] INFO  o.a.c.c.C.[Tomcat].[localhost].[/] - Initializing Spring DispatcherServlet 'dispatcherServlet'
2026-04-06 11:39:29 [http-nio-8080-exec-1] INFO  o.s.web.servlet.DispatcherServlet - Initializing Servlet 'dispatcherServlet'
2026-04-06 11:39:29 [http-nio-8080-exec-1] INFO  o.s.web.servlet.DispatcherServlet - Completed initialization in 1 ms
2026-04-06 11:39:29 [http-nio-8080-exec-1] WARN  o.s.w.s.m.m.a.ExceptionHandlerExceptionResolver - Resolved [org.springframework.web.servlet.resource.NoResourceFoundException: No static resource swagger-ui/index.html for request '/swagger-ui/index.html'.]
2026-04-06 11:39:29 [http-nio-8080-exec-2] WARN  o.s.w.s.m.m.a.ExceptionHandlerExceptionResolver - Resolved [org.springframework.web.servlet.resource.NoResourceFoundException: No static resource favicon.ico for request '/favicon.ico'.]
2026-04-06 11:39:45 [http-nio-8080-exec-3] WARN  o.s.w.s.m.m.a.ExceptionHandlerExceptionResolver - Resolved [org.springframework.web.servlet.resource.NoResourceFoundException: No static resource v3/api-docs for request '/v3/api-docs'.]
2026-04-06 11:39:45 [http-nio-8080-exec-4] WARN  o.s.w.s.m.m.a.ExceptionHandlerExceptionResolver - Resolved [org.springframework.web.servlet.resource.NoResourceFoundException: No static resource favicon.ico for request '/favicon.ico'.]
2026-04-06 11:45:43 [File Watcher] INFO  o.s.b.d.a.LocalDevToolsAutoConfiguration$RestartingClassPathChangeChangedEventListener - Restarting due to 1 class path change (0 additions, 1 deletion, 0 modifications)
2026-04-06 11:45:43 [Thread-1] INFO  o.s.boot.tomcat.GracefulShutdown - Commencing graceful shutdown. Waiting for active requests to complete
2026-04-06 11:45:43 [tomcat-shutdown] INFO  o.a.coyote.http11.Http11NioProtocol - Pausing ProtocolHandler ["http-nio-8080"]
2026-04-06 11:45:43 [tomcat-shutdown] INFO  o.s.boot.tomcat.GracefulShutdown - Graceful shutdown complete
2026-04-06 11:45:43 [Thread-1] INFO  o.a.coyote.http11.Http11NioProtocol - Stopping ProtocolHandler ["http-nio-8080"]
2026-04-06 11:45:43 [Thread-1] INFO  o.s.o.j.LocalContainerEntityManagerFactoryBean - Closing JPA EntityManagerFactory for persistence unit 'default'
2026-04-06 11:45:43 [Thread-1] INFO  com.zaxxer.hikari.HikariDataSource - HikariPool-1 - Shutdown initiated...
2026-04-06 11:45:43 [Thread-1] INFO  com.zaxxer.hikari.HikariDataSource - HikariPool-1 - Shutdown completed.
2026-04-06 11:45:43 [restartedMain] INFO  c.e.carservice.CarServiceApplication - Starting CarServiceApplication using Java 25.0.2 with PID 28228 (D:\Java\carService\target\classes started by Dzmitry in D:\Java\carService)
2026-04-06 11:45:43 [restartedMain] DEBUG c.e.carservice.CarServiceApplication - Running with Spring Boot v4.0.3, Spring v7.0.5
2026-04-06 11:45:43 [restartedMain] INFO  c.e.carservice.CarServiceApplication - The following 1 profile is active: "local"
2026-04-06 11:45:44 [restartedMain] INFO  o.s.d.r.c.RepositoryConfigurationDelegate - Bootstrapping Spring Data JPA repositories in DEFAULT mode.
2026-04-06 11:45:44 [restartedMain] INFO  o.s.d.r.c.RepositoryConfigurationDelegate - Finished Spring Data repository scanning in 32 ms. Found 7 JPA repository interfaces.
2026-04-06 11:45:44 [restartedMain] INFO  o.s.boot.tomcat.TomcatWebServer - Tomcat initialized with port 8080 (http)
2026-04-06 11:45:44 [restartedMain] INFO  o.a.coyote.http11.Http11NioProtocol - Initializing ProtocolHandler ["http-nio-8080"]
2026-04-06 11:45:44 [restartedMain] INFO  o.a.catalina.core.StandardService - Starting service [Tomcat]
2026-04-06 11:45:44 [restartedMain] INFO  o.a.catalina.core.StandardEngine - Starting Servlet engine: [Apache Tomcat/11.0.18]
2026-04-06 11:45:44 [restartedMain] INFO  o.s.b.w.c.s.WebApplicationContextInitializer - Root WebApplicationContext: initialization completed in 442 ms
2026-04-06 11:45:44 [restartedMain] INFO  org.hibernate.orm.jpa - HHH008540: Processing PersistenceUnitInfo [name: default]
2026-04-06 11:45:44 [restartedMain] INFO  o.s.o.j.p.SpringPersistenceUnitInfo - No LoadTimeWeaver setup: ignoring JPA class transformer
2026-04-06 11:45:44 [restartedMain] INFO  com.zaxxer.hikari.HikariDataSource - HikariPool-2 - Starting...
2026-04-06 11:45:44 [restartedMain] INFO  com.zaxxer.hikari.pool.HikariPool - HikariPool-2 - Added connection org.postgresql.jdbc.PgConnection@1614fd3a
2026-04-06 11:45:44 [restartedMain] INFO  com.zaxxer.hikari.HikariDataSource - HikariPool-2 - Start completed.
2026-04-06 11:45:44 [restartedMain] INFO  o.hibernate.orm.connections.pooling - HHH10001005: Database info:
	Database JDBC URL [jdbc:postgresql://localhost:5432/carservice]
	Database driver: PostgreSQL JDBC Driver
	Database dialect: PostgreSQLDialect
	Database version: 18.3
	Default catalog/schema: carservice/public
	Autocommit mode: undefined/unknown
	Isolation level: READ_COMMITTED [default READ_COMMITTED]
	JDBC fetch size: none
	Pool: DataSourceConnectionProvider
	Minimum pool size: undefined/unknown
	Maximum pool size: undefined/unknown
2026-04-06 11:45:44 [restartedMain] INFO  org.hibernate.orm.core - HHH000489: No JTA platform available (set 'hibernate.transaction.jta.platform' to enable JTA platform integration)
2026-04-06 11:45:44 [restartedMain] INFO  o.s.o.j.LocalContainerEntityManagerFactoryBean - Initialized JPA EntityManagerFactory for persistence unit 'default'
2026-04-06 11:45:45 [restartedMain] WARN  o.s.b.j.a.JpaBaseConfiguration$JpaWebConfiguration - spring.jpa.open-in-view is enabled by default. Therefore, database queries may be performed during view rendering. Explicitly configure spring.jpa.open-in-view to disable this warning
2026-04-06 11:45:45 [restartedMain] INFO  o.a.coyote.http11.Http11NioProtocol - Starting ProtocolHandler ["http-nio-8080"]
2026-04-06 11:45:45 [restartedMain] INFO  o.s.boot.tomcat.TomcatWebServer - Tomcat started on port 8080 (http) with context path '/'
2026-04-06 11:45:45 [restartedMain] INFO  c.e.carservice.CarServiceApplication - Started CarServiceApplication in 2.202 seconds (process running for 384.118)
2026-04-06 11:45:45 [restartedMain] INFO  c.e.c.config.DataInitializer - === Создание клиентов ===
2026-04-06 11:45:45 [restartedMain] INFO  c.e.c.config.DataInitializer - === Создание машин ===
2026-04-06 11:45:45 [restartedMain] INFO  c.e.c.config.DataInitializer - === Создание механиков ===
2026-04-06 11:45:45 [restartedMain] INFO  c.e.c.config.DataInitializer - === Создание услуг ===
2026-04-06 11:45:46 [restartedMain] INFO  c.e.c.config.DataInitializer - === Создание запчастей ===
2026-04-06 11:45:46 [restartedMain] INFO  c.e.c.config.DataInitializer - === Создание заказов ===
2026-04-06 11:45:46 [restartedMain] INFO  c.e.c.config.DataInitializer - Клиентов: 4
2026-04-06 11:45:46 [restartedMain] INFO  c.e.c.config.DataInitializer - Машин: 5
2026-04-06 11:45:46 [restartedMain] INFO  c.e.c.config.DataInitializer - Механиков: 4
2026-04-06 11:45:46 [restartedMain] INFO  c.e.c.config.DataInitializer - Услуг: 5
2026-04-06 11:45:46 [restartedMain] INFO  c.e.c.config.DataInitializer - Запчастей: 5
2026-04-06 11:45:46 [restartedMain] INFO  c.e.c.config.DataInitializer - Заказов: 4
2026-04-06 11:45:46 [restartedMain] INFO  c.e.c.service.impl.OrderServiceImpl - === Без оптимизации (N+1) ===
2026-04-06 11:45:46 [restartedMain] INFO  c.e.c.service.impl.OrderServiceImpl - Загружено 4 заказов без оптимизации
2026-04-06 11:45:46 [restartedMain] DEBUG c.e.c.service.impl.OrderServiceImpl - Order 1: client Петров
2026-04-06 11:45:46 [restartedMain] DEBUG c.e.c.service.impl.OrderServiceImpl - Order 2: client Сидорова
2026-04-06 11:45:46 [restartedMain] DEBUG c.e.c.service.impl.OrderServiceImpl - Order 3: client Новикова
2026-04-06 11:45:46 [restartedMain] DEBUG c.e.c.service.impl.OrderServiceImpl - Order 4: client Петров
2026-04-06 11:45:46 [restartedMain] INFO  c.e.c.service.impl.OrderServiceImpl - === Конец N+1 ===
2026-04-06 11:45:46 [restartedMain] INFO  c.e.c.service.impl.OrderServiceImpl - === С оптимизацией (один запрос) ===
2026-04-06 11:45:46 [restartedMain] INFO  c.e.c.service.impl.OrderServiceImpl - Загружено 4 заказов с оптимизацией
2026-04-06 11:45:46 [restartedMain] DEBUG c.e.c.service.impl.OrderServiceImpl - Order 1: client Петров
2026-04-06 11:45:46 [restartedMain] DEBUG c.e.c.service.impl.OrderServiceImpl - Order 2: client Сидорова
2026-04-06 11:45:46 [restartedMain] DEBUG c.e.c.service.impl.OrderServiceImpl - Order 3: client Новикова
2026-04-06 11:45:46 [restartedMain] DEBUG c.e.c.service.impl.OrderServiceImpl - Order 4: client Петров
2026-04-06 11:45:46 [restartedMain] INFO  c.e.c.service.impl.OrderServiceImpl - === Конец оптимизации ===
2026-04-06 11:45:46 [restartedMain] INFO  c.e.c.aspect.ServiceLoggingAspect - Method OrderServiceImpl.demonstrateNplus1Problem() executed in 23 ms
2026-04-06 11:45:46 [restartedMain] INFO  c.e.c.config.DataInitializer - === Используем машину с ID: 1 ===
2026-04-06 11:45:46 [restartedMain] INFO  c.e.c.config.DataInitializer - 
=== ТЕСТ 1: Без @Transactional ===
2026-04-06 11:45:46 [restartedMain] INFO  c.e.c.service.impl.OrderServiceImpl - === СОХРАНЕНИЕ БЕЗ @Transactional ===
2026-04-06 11:45:46 [restartedMain] INFO  c.e.c.service.impl.OrderServiceImpl - 1. Заказ сохранён, ID: 5
2026-04-06 11:45:46 [restartedMain] INFO  c.e.c.service.impl.OrderServiceImpl - 2. Имитируем ошибку...
2026-04-06 11:45:46 [restartedMain] ERROR c.e.c.config.DataInitializer - Ошибка: Ошибка после частичного сохранения! Заказ остался в БД.
2026-04-06 11:45:46 [restartedMain] INFO  c.e.c.config.DataInitializer - 
=== ТЕСТ 2: С @Transactional ===
2026-04-06 11:45:46 [restartedMain] INFO  c.e.c.service.impl.OrderServiceImpl - === СОХРАНЕНИЕ С @Transactional ===
2026-04-06 11:45:46 [restartedMain] INFO  c.e.c.service.impl.OrderServiceImpl - 1. Заказ сохранён, ID: 6
2026-04-06 11:45:46 [restartedMain] INFO  c.e.c.service.impl.OrderServiceImpl - 2. Услуги добавлены
2026-04-06 11:45:46 [restartedMain] INFO  c.e.c.service.impl.OrderServiceImpl - 3. Имитируем ошибку...
2026-04-06 11:45:46 [restartedMain] ERROR c.e.c.config.DataInitializer - Ошибка: Ошибка! Всё должно откатиться.
2026-04-06 11:45:46 [restartedMain] INFO  o.s.b.d.a.ConditionEvaluationDeltaLoggingListener - Condition evaluation unchanged
2026-04-06 11:45:59 [File Watcher] INFO  o.s.b.d.a.LocalDevToolsAutoConfiguration$RestartingClassPathChangeChangedEventListener - Restarting due to 1 class path change (0 additions, 1 deletion, 0 modifications)
2026-04-06 11:45:59 [Thread-5] INFO  o.s.boot.tomcat.GracefulShutdown - Commencing graceful shutdown. Waiting for active requests to complete
2026-04-06 11:45:59 [tomcat-shutdown] INFO  o.a.coyote.http11.Http11NioProtocol - Pausing ProtocolHandler ["http-nio-8080"]
2026-04-06 11:45:59 [tomcat-shutdown] INFO  o.s.boot.tomcat.GracefulShutdown - Graceful shutdown complete
2026-04-06 11:45:59 [Thread-5] INFO  o.a.coyote.http11.Http11NioProtocol - Stopping ProtocolHandler ["http-nio-8080"]
2026-04-06 11:45:59 [Thread-5] INFO  o.s.o.j.LocalContainerEntityManagerFactoryBean - Closing JPA EntityManagerFactory for persistence unit 'default'
2026-04-06 11:45:59 [Thread-5] INFO  com.zaxxer.hikari.HikariDataSource - HikariPool-2 - Shutdown initiated...
2026-04-06 11:45:59 [Thread-5] INFO  com.zaxxer.hikari.HikariDataSource - HikariPool-2 - Shutdown completed.
2026-04-06 11:45:59 [restartedMain] INFO  c.e.carservice.CarServiceApplication - Starting CarServiceApplication using Java 25.0.2 with PID 28228 (D:\Java\carService\target\classes started by Dzmitry in D:\Java\carService)
2026-04-06 11:45:59 [restartedMain] DEBUG c.e.carservice.CarServiceApplication - Running with Spring Boot v4.0.3, Spring v7.0.5
2026-04-06 11:45:59 [restartedMain] INFO  c.e.carservice.CarServiceApplication - The following 1 profile is active: "local"
2026-04-06 11:45:59 [restartedMain] INFO  o.s.d.r.c.RepositoryConfigurationDelegate - Bootstrapping Spring Data JPA repositories in DEFAULT mode.
2026-04-06 11:46:00 [restartedMain] INFO  o.s.d.r.c.RepositoryConfigurationDelegate - Finished Spring Data repository scanning in 42 ms. Found 7 JPA repository interfaces.
2026-04-06 11:46:00 [restartedMain] INFO  o.s.boot.tomcat.TomcatWebServer - Tomcat initialized with port 8080 (http)
2026-04-06 11:46:00 [restartedMain] INFO  o.a.coyote.http11.Http11NioProtocol - Initializing ProtocolHandler ["http-nio-8080"]
2026-04-06 11:46:00 [restartedMain] INFO  o.a.catalina.core.StandardService - Starting service [Tomcat]
2026-04-06 11:46:00 [restartedMain] INFO  o.a.catalina.core.StandardEngine - Starting Servlet engine: [Apache Tomcat/11.0.18]
2026-04-06 11:46:00 [restartedMain] INFO  o.s.b.w.c.s.WebApplicationContextInitializer - Root WebApplicationContext: initialization completed in 543 ms
2026-04-06 11:46:00 [restartedMain] INFO  org.hibernate.orm.jpa - HHH008540: Processing PersistenceUnitInfo [name: default]
2026-04-06 11:46:00 [restartedMain] INFO  o.s.o.j.p.SpringPersistenceUnitInfo - No LoadTimeWeaver setup: ignoring JPA class transformer
2026-04-06 11:46:00 [restartedMain] INFO  com.zaxxer.hikari.HikariDataSource - HikariPool-3 - Starting...
2026-04-06 11:46:00 [restartedMain] INFO  com.zaxxer.hikari.pool.HikariPool - HikariPool-3 - Added connection org.postgresql.jdbc.PgConnection@60f71982
2026-04-06 11:46:00 [restartedMain] INFO  com.zaxxer.hikari.HikariDataSource - HikariPool-3 - Start completed.
2026-04-06 11:46:00 [restartedMain] INFO  o.hibernate.orm.connections.pooling - HHH10001005: Database info:
	Database JDBC URL [jdbc:postgresql://localhost:5432/carservice]
	Database driver: PostgreSQL JDBC Driver
	Database dialect: PostgreSQLDialect
	Database version: 18.3
	Default catalog/schema: carservice/public
	Autocommit mode: undefined/unknown
	Isolation level: READ_COMMITTED [default READ_COMMITTED]
	JDBC fetch size: none
	Pool: DataSourceConnectionProvider
	Minimum pool size: undefined/unknown
	Maximum pool size: undefined/unknown
2026-04-06 11:46:00 [restartedMain] INFO  org.hibernate.orm.core - HHH000489: No JTA platform available (set 'hibernate.transaction.jta.platform' to enable JTA platform integration)
2026-04-06 11:46:00 [restartedMain] INFO  o.s.o.j.LocalContainerEntityManagerFactoryBean - Initialized JPA EntityManagerFactory for persistence unit 'default'
2026-04-06 11:46:01 [restartedMain] WARN  o.s.b.w.s.s.c.AnnotationConfigServletWebServerApplicationContext - Exception encountered during context initialization - cancelling refresh attempt: org.springframework.beans.factory.UnsatisfiedDependencyException: Error creating bean with name 'clientController' defined in file [D:\Java\carService\target\classes\com\example\carservice\controller\ClientController.class]: Unsatisfied dependency expressed through constructor parameter 0: Error creating bean with name 'clientServiceImpl': Lookup method resolution failed
2026-04-06 11:46:01 [restartedMain] INFO  o.s.o.j.LocalContainerEntityManagerFactoryBean - Closing JPA EntityManagerFactory for persistence unit 'default'
2026-04-06 11:46:01 [restartedMain] INFO  com.zaxxer.hikari.HikariDataSource - HikariPool-3 - Shutdown initiated...
2026-04-06 11:46:01 [restartedMain] INFO  com.zaxxer.hikari.HikariDataSource - HikariPool-3 - Shutdown completed.
2026-04-06 11:46:01 [restartedMain] INFO  o.a.catalina.core.StandardService - Stopping service [Tomcat]
2026-04-06 11:46:01 [restartedMain] INFO  o.s.b.a.l.ConditionEvaluationReportLogger - 

Error starting ApplicationContext. To display the condition evaluation report re-run your application with 'debug' enabled.
2026-04-06 11:46:01 [restartedMain] ERROR o.s.boot.SpringApplication - Application run failed
org.springframework.beans.factory.UnsatisfiedDependencyException: Error creating bean with name 'clientController' defined in file [D:\Java\carService\target\classes\com\example\carservice\controller\ClientController.class]: Unsatisfied dependency expressed through constructor parameter 0: Error creating bean with name 'clientServiceImpl': Lookup method resolution failed
	at org.springframework.beans.factory.support.ConstructorResolver.createArgumentArray(ConstructorResolver.java:804)
	at org.springframework.beans.factory.support.ConstructorResolver.autowireConstructor(ConstructorResolver.java:240)
	at org.springframework.beans.factory.support.AbstractAutowireCapableBeanFactory.autowireConstructor(AbstractAutowireCapableBeanFactory.java:1382)
	at org.springframework.beans.factory.support.AbstractAutowireCapableBeanFactory.createBeanInstance(AbstractAutowireCapableBeanFactory.java:1221)
	at org.springframework.beans.factory.support.AbstractAutowireCapableBeanFactory.doCreateBean(AbstractAutowireCapableBeanFactory.java:565)
	at org.springframework.beans.factory.support.AbstractAutowireCapableBeanFactory.createBean(AbstractAutowireCapableBeanFactory.java:525)
	at org.springframework.beans.factory.support.AbstractBeanFactory.lambda$doGetBean$0(AbstractBeanFactory.java:333)
	at org.springframework.beans.factory.support.DefaultSingletonBeanRegistry.getSingleton(DefaultSingletonBeanRegistry.java:371)
	at org.springframework.beans.factory.support.AbstractBeanFactory.doGetBean(AbstractBeanFactory.java:331)
	at org.springframework.beans.factory.support.AbstractBeanFactory.getBean(AbstractBeanFactory.java:196)
	at org.springframework.beans.factory.support.DefaultListableBeanFactory.instantiateSingleton(DefaultListableBeanFactory.java:1218)
	at org.springframework.beans.factory.support.DefaultListableBeanFactory.preInstantiateSingleton(DefaultListableBeanFactory.java:1184)
	at org.springframework.beans.factory.support.DefaultListableBeanFactory.preInstantiateSingletons(DefaultListableBeanFactory.java:1121)
	at org.springframework.context.support.AbstractApplicationContext.finishBeanFactoryInitialization(AbstractApplicationContext.java:994)
	at org.springframework.context.support.AbstractApplicationContext.refresh(AbstractApplicationContext.java:621)
	at org.springframework.boot.web.server.servlet.context.ServletWebServerApplicationContext.refresh(ServletWebServerApplicationContext.java:143)
	at org.springframework.boot.SpringApplication.refresh(SpringApplication.java:756)
	at org.springframework.boot.SpringApplication.refreshContext(SpringApplication.java:445)
	at org.springframework.boot.SpringApplication.run(SpringApplication.java:321)
	at org.springframework.boot.SpringApplication.run(SpringApplication.java:1365)
	at org.springframework.boot.SpringApplication.run(SpringApplication.java:1354)
	at com.example.carservice.CarServiceApplication.main(CarServiceApplication.java:10)
	at java.base/jdk.internal.reflect.DirectMethodHandleAccessor.invoke(DirectMethodHandleAccessor.java:104)
	at java.base/java.lang.reflect.Method.invoke(Method.java:565)
	at org.springframework.boot.devtools.restart.RestartLauncher.run(RestartLauncher.java:52)
Caused by: org.springframework.beans.factory.BeanCreationException: Error creating bean with name 'clientServiceImpl': Lookup method resolution failed
	at org.springframework.beans.factory.annotation.AutowiredAnnotationBeanPostProcessor.checkLookupMethods(AutowiredAnnotationBeanPostProcessor.java:482)
	at org.springframework.beans.factory.annotation.AutowiredAnnotationBeanPostProcessor.determineCandidateConstructors(AutowiredAnnotationBeanPostProcessor.java:352)
	at org.springframework.beans.factory.support.AbstractAutowireCapableBeanFactory.determineConstructorsFromBeanPostProcessors(AbstractAutowireCapableBeanFactory.java:1321)
	at org.springframework.beans.factory.support.AbstractAutowireCapableBeanFactory.createBeanInstance(AbstractAutowireCapableBeanFactory.java:1218)
	at org.springframework.beans.factory.support.AbstractAutowireCapableBeanFactory.doCreateBean(AbstractAutowireCapableBeanFactory.java:565)
	at org.springframework.beans.factory.support.AbstractAutowireCapableBeanFactory.createBean(AbstractAutowireCapableBeanFactory.java:525)
	at org.springframework.beans.factory.support.AbstractBeanFactory.lambda$doGetBean$0(AbstractBeanFactory.java:333)
	at org.springframework.beans.factory.support.DefaultSingletonBeanRegistry.getSingleton(DefaultSingletonBeanRegistry.java:371)
	at org.springframework.beans.factory.support.AbstractBeanFactory.doGetBean(AbstractBeanFactory.java:331)
	at org.springframework.beans.factory.support.AbstractBeanFactory.getBean(AbstractBeanFactory.java:201)
	at org.springframework.beans.factory.config.DependencyDescriptor.resolveCandidate(DependencyDescriptor.java:229)
	at org.springframework.beans.factory.support.DefaultListableBeanFactory.doResolveDependency(DefaultListableBeanFactory.java:1762)
	at org.springframework.beans.factory.support.DefaultListableBeanFactory.resolveDependency(DefaultListableBeanFactory.java:1651)
	at org.springframework.beans.factory.support.ConstructorResolver.resolveAutowiredArgument(ConstructorResolver.java:912)
	at org.springframework.beans.factory.support.ConstructorResolver.createArgumentArray(ConstructorResolver.java:791)
	... 24 common frames omitted
Caused by: java.lang.IllegalStateException: Failed to introspect Class [com.example.carservice.service.impl.ClientServiceImpl] from ClassLoader [org.springframework.boot.devtools.restart.classloader.RestartClassLoader@74653eec]
	at org.springframework.util.ReflectionUtils.getDeclaredMethods(ReflectionUtils.java:483)
	at org.springframework.util.ReflectionUtils.doWithLocalMethods(ReflectionUtils.java:320)
	at org.springframework.beans.factory.annotation.AutowiredAnnotationBeanPostProcessor.checkLookupMethods(AutowiredAnnotationBeanPostProcessor.java:460)
	... 38 common frames omitted
Caused by: java.lang.NoClassDefFoundError: com/example/carservice/dto/CarDto
	at java.base/java.lang.Class.getDeclaredMethods0(Native Method)
	at java.base/java.lang.Class.privateGetDeclaredMethods(Class.java:3010)
	at java.base/java.lang.Class.getDeclaredMethods(Class.java:2329)
	at org.springframework.util.ReflectionUtils.getDeclaredMethods(ReflectionUtils.java:465)
	... 40 common frames omitted
Caused by: java.lang.ClassNotFoundException: com.example.carservice.dto.CarDto
	at java.base/jdk.internal.loader.BuiltinClassLoader.loadClass(BuiltinClassLoader.java:580)
	at java.base/java.lang.ClassLoader.loadClass(ClassLoader.java:490)
	at java.base/java.lang.Class.forName0(Native Method)
	at java.base/java.lang.Class.forName(Class.java:547)
	at org.springframework.boot.devtools.restart.classloader.RestartClassLoader.loadClass(RestartClassLoader.java:123)
	at java.base/java.lang.ClassLoader.loadClass(ClassLoader.java:490)
	... 44 common frames omitted
2026-04-06 11:59:27 [background-preinit] INFO  o.h.validator.internal.util.Version - HV000001: Hibernate Validator 8.0.3.Final
2026-04-06 11:59:27 [restartedMain] INFO  c.e.carservice.CarServiceApplication - Starting CarServiceApplication using Java 25.0.2 with PID 22624 (D:\Java\carService\target\classes started by Dzmitry in D:\Java\carService)
2026-04-06 11:59:27 [restartedMain] DEBUG c.e.carservice.CarServiceApplication - Running with Spring Boot v3.5.6, Spring v6.2.11
2026-04-06 11:59:27 [restartedMain] INFO  c.e.carservice.CarServiceApplication - The following 1 profile is active: "local"
2026-04-06 11:59:27 [restartedMain] INFO  o.s.b.d.e.DevToolsPropertyDefaultsPostProcessor - Devtools property defaults active! Set 'spring.devtools.add-properties' to 'false' to disable
2026-04-06 11:59:27 [restartedMain] INFO  o.s.b.d.e.DevToolsPropertyDefaultsPostProcessor - For additional web related logging consider setting the 'logging.level.web' property to 'DEBUG'
2026-04-06 11:59:28 [restartedMain] INFO  o.s.d.r.c.RepositoryConfigurationDelegate - Bootstrapping Spring Data JPA repositories in DEFAULT mode.
2026-04-06 11:59:28 [restartedMain] INFO  o.s.d.r.c.RepositoryConfigurationDelegate - Finished Spring Data repository scanning in 56 ms. Found 7 JPA repository interfaces.
2026-04-06 11:59:29 [restartedMain] INFO  o.s.b.w.e.tomcat.TomcatWebServer - Tomcat initialized with port 8080 (http)
2026-04-06 11:59:29 [restartedMain] INFO  o.a.coyote.http11.Http11NioProtocol - Initializing ProtocolHandler ["http-nio-8080"]
2026-04-06 11:59:29 [restartedMain] INFO  o.a.catalina.core.StandardService - Starting service [Tomcat]
2026-04-06 11:59:29 [restartedMain] INFO  o.a.catalina.core.StandardEngine - Starting Servlet engine: [Apache Tomcat/10.1.46]
2026-04-06 11:59:29 [restartedMain] INFO  o.a.c.c.C.[Tomcat].[localhost].[/] - Initializing Spring embedded WebApplicationContext
2026-04-06 11:59:29 [restartedMain] INFO  o.s.b.w.s.c.ServletWebServerApplicationContext - Root WebApplicationContext: initialization completed in 1423 ms
2026-04-06 11:59:29 [restartedMain] INFO  o.h.jpa.internal.util.LogHelper - HHH000204: Processing PersistenceUnitInfo [name: default]
2026-04-06 11:59:29 [restartedMain] INFO  org.hibernate.Version - HHH000412: Hibernate ORM core version 6.6.29.Final
2026-04-06 11:59:29 [restartedMain] INFO  o.h.c.i.RegionFactoryInitiator - HHH000026: Second-level cache disabled
2026-04-06 11:59:29 [restartedMain] INFO  o.s.o.j.p.SpringPersistenceUnitInfo - No LoadTimeWeaver setup: ignoring JPA class transformer
2026-04-06 11:59:29 [restartedMain] INFO  com.zaxxer.hikari.HikariDataSource - HikariPool-1 - Starting...
2026-04-06 11:59:29 [restartedMain] INFO  com.zaxxer.hikari.pool.HikariPool - HikariPool-1 - Added connection org.postgresql.jdbc.PgConnection@5362958f
2026-04-06 11:59:29 [restartedMain] INFO  com.zaxxer.hikari.HikariDataSource - HikariPool-1 - Start completed.
2026-04-06 11:59:29 [restartedMain] INFO  o.hibernate.orm.connections.pooling - HHH10001005: Database info:
	Database JDBC URL [Connecting through datasource 'HikariDataSource (HikariPool-1)']
	Database driver: undefined/unknown
	Database version: 18.3
	Autocommit mode: undefined/unknown
	Isolation level: undefined/unknown
	Minimum pool size: undefined/unknown
	Maximum pool size: undefined/unknown
2026-04-06 11:59:31 [restartedMain] INFO  o.h.e.t.j.p.i.JtaPlatformInitiator - HHH000489: No JTA platform available (set 'hibernate.transaction.jta.platform' to enable JTA platform integration)
2026-04-06 11:59:31 [restartedMain] INFO  o.s.o.j.LocalContainerEntityManagerFactoryBean - Initialized JPA EntityManagerFactory for persistence unit 'default'
2026-04-06 11:59:32 [restartedMain] INFO  o.s.d.j.r.query.QueryEnhancerFactory - Hibernate is in classpath; If applicable, HQL parser will be used.
2026-04-06 11:59:33 [restartedMain] WARN  o.s.b.w.s.c.AnnotationConfigServletWebServerApplicationContext - Exception encountered during context initialization - cancelling refresh attempt: org.springframework.beans.factory.UnsatisfiedDependencyException: Error creating bean with name 'dataInitializer' defined in file [D:\Java\carService\target\classes\com\example\carservice\config\DataInitializer.class]: Unsatisfied dependency expressed through constructor parameter 3: Error creating bean with name 'serviceRepository' defined in com.example.carservice.repository.ServiceRepository defined in @EnableJpaRepositories declared on JpaRepositoriesRegistrar.EnableJpaRepositoriesConfiguration: Could not create query for public abstract java.util.List com.example.carservice.repository.ServiceRepository.findByCategory(java.lang.String); Reason: Failed to create query for method public abstract java.util.List com.example.carservice.repository.ServiceRepository.findByCategory(java.lang.String); Cannot compare left expression of type 'com.example.carservice.model.ServiceCategory' with right expression of type 'java.lang.String'
2026-04-06 11:59:33 [restartedMain] INFO  o.s.o.j.LocalContainerEntityManagerFactoryBean - Closing JPA EntityManagerFactory for persistence unit 'default'
2026-04-06 11:59:33 [restartedMain] INFO  com.zaxxer.hikari.HikariDataSource - HikariPool-1 - Shutdown initiated...
2026-04-06 11:59:33 [restartedMain] INFO  com.zaxxer.hikari.HikariDataSource - HikariPool-1 - Shutdown completed.
2026-04-06 11:59:33 [restartedMain] INFO  o.a.catalina.core.StandardService - Stopping service [Tomcat]
2026-04-06 11:59:33 [restartedMain] INFO  o.s.b.a.l.ConditionEvaluationReportLogger - 

Error starting ApplicationContext. To display the condition evaluation report re-run your application with 'debug' enabled.
2026-04-06 11:59:33 [restartedMain] ERROR o.s.boot.SpringApplication - Application run failed
org.springframework.beans.factory.UnsatisfiedDependencyException: Error creating bean with name 'dataInitializer' defined in file [D:\Java\carService\target\classes\com\example\carservice\config\DataInitializer.class]: Unsatisfied dependency expressed through constructor parameter 3: Error creating bean with name 'serviceRepository' defined in com.example.carservice.repository.ServiceRepository defined in @EnableJpaRepositories declared on JpaRepositoriesRegistrar.EnableJpaRepositoriesConfiguration: Could not create query for public abstract java.util.List com.example.carservice.repository.ServiceRepository.findByCategory(java.lang.String); Reason: Failed to create query for method public abstract java.util.List com.example.carservice.repository.ServiceRepository.findByCategory(java.lang.String); Cannot compare left expression of type 'com.example.carservice.model.ServiceCategory' with right expression of type 'java.lang.String'
	at org.springframework.beans.factory.support.ConstructorResolver.createArgumentArray(ConstructorResolver.java:804)
	at org.springframework.beans.factory.support.ConstructorResolver.autowireConstructor(ConstructorResolver.java:240)
	at org.springframework.beans.factory.support.AbstractAutowireCapableBeanFactory.autowireConstructor(AbstractAutowireCapableBeanFactory.java:1395)
	at org.springframework.beans.factory.support.AbstractAutowireCapableBeanFactory.createBeanInstance(AbstractAutowireCapableBeanFactory.java:1232)
	at org.springframework.beans.factory.support.AbstractAutowireCapableBeanFactory.doCreateBean(AbstractAutowireCapableBeanFactory.java:569)
	at org.springframework.beans.factory.support.AbstractAutowireCapableBeanFactory.createBean(AbstractAutowireCapableBeanFactory.java:529)
	at org.springframework.beans.factory.support.AbstractBeanFactory.lambda$doGetBean$0(AbstractBeanFactory.java:339)
	at org.springframework.beans.factory.support.DefaultSingletonBeanRegistry.getSingleton(DefaultSingletonBeanRegistry.java:373)
	at org.springframework.beans.factory.support.AbstractBeanFactory.doGetBean(AbstractBeanFactory.java:337)
	at org.springframework.beans.factory.support.AbstractBeanFactory.getBean(AbstractBeanFactory.java:202)
	at org.springframework.beans.factory.support.DefaultListableBeanFactory.instantiateSingleton(DefaultListableBeanFactory.java:1221)
	at org.springframework.beans.factory.support.DefaultListableBeanFactory.preInstantiateSingleton(DefaultListableBeanFactory.java:1187)
	at org.springframework.beans.factory.support.DefaultListableBeanFactory.preInstantiateSingletons(DefaultListableBeanFactory.java:1123)
	at org.springframework.context.support.AbstractApplicationContext.finishBeanFactoryInitialization(AbstractApplicationContext.java:987)
	at org.springframework.context.support.AbstractApplicationContext.refresh(AbstractApplicationContext.java:627)
	at org.springframework.boot.web.servlet.context.ServletWebServerApplicationContext.refresh(ServletWebServerApplicationContext.java:146)
	at org.springframework.boot.SpringApplication.refresh(SpringApplication.java:752)
	at org.springframework.boot.SpringApplication.refreshContext(SpringApplication.java:439)
	at org.springframework.boot.SpringApplication.run(SpringApplication.java:318)
	at org.springframework.boot.SpringApplication.run(SpringApplication.java:1361)
	at org.springframework.boot.SpringApplication.run(SpringApplication.java:1350)
	at com.example.carservice.CarServiceApplication.main(CarServiceApplication.java:10)
	at java.base/jdk.internal.reflect.DirectMethodHandleAccessor.invoke(DirectMethodHandleAccessor.java:104)
	at java.base/java.lang.reflect.Method.invoke(Method.java:565)
	at org.springframework.boot.devtools.restart.RestartLauncher.run(RestartLauncher.java:50)
Caused by: org.springframework.beans.factory.BeanCreationException: Error creating bean with name 'serviceRepository' defined in com.example.carservice.repository.ServiceRepository defined in @EnableJpaRepositories declared on JpaRepositoriesRegistrar.EnableJpaRepositoriesConfiguration: Could not create query for public abstract java.util.List com.example.carservice.repository.ServiceRepository.findByCategory(java.lang.String); Reason: Failed to create query for method public abstract java.util.List com.example.carservice.repository.ServiceRepository.findByCategory(java.lang.String); Cannot compare left expression of type 'com.example.carservice.model.ServiceCategory' with right expression of type 'java.lang.String'
	at org.springframework.beans.factory.support.AbstractAutowireCapableBeanFactory.initializeBean(AbstractAutowireCapableBeanFactory.java:1826)
	at org.springframework.beans.factory.support.AbstractAutowireCapableBeanFactory.doCreateBean(AbstractAutowireCapableBeanFactory.java:607)
	at org.springframework.beans.factory.support.AbstractAutowireCapableBeanFactory.createBean(AbstractAutowireCapableBeanFactory.java:529)
	at org.springframework.beans.factory.support.AbstractBeanFactory.lambda$doGetBean$0(AbstractBeanFactory.java:339)
	at org.springframework.beans.factory.support.DefaultSingletonBeanRegistry.getSingleton(DefaultSingletonBeanRegistry.java:373)
	at org.springframework.beans.factory.support.AbstractBeanFactory.doGetBean(AbstractBeanFactory.java:337)
	at org.springframework.beans.factory.support.AbstractBeanFactory.getBean(AbstractBeanFactory.java:202)
	at org.springframework.beans.factory.support.DefaultListableBeanFactory.doResolveDependency(DefaultListableBeanFactory.java:1698)
	at org.springframework.beans.factory.support.DefaultListableBeanFactory.resolveDependency(DefaultListableBeanFactory.java:1643)
	at org.springframework.beans.factory.support.ConstructorResolver.resolveAutowiredArgument(ConstructorResolver.java:913)
	at org.springframework.beans.factory.support.ConstructorResolver.createArgumentArray(ConstructorResolver.java:791)
	... 24 common frames omitted
Caused by: org.springframework.data.repository.query.QueryCreationException: Could not create query for public abstract java.util.List com.example.carservice.repository.ServiceRepository.findByCategory(java.lang.String); Reason: Failed to create query for method public abstract java.util.List com.example.carservice.repository.ServiceRepository.findByCategory(java.lang.String); Cannot compare left expression of type 'com.example.carservice.model.ServiceCategory' with right expression of type 'java.lang.String'
	at org.springframework.data.repository.query.QueryCreationException.create(QueryCreationException.java:101)
	at org.springframework.data.repository.core.support.QueryExecutorMethodInterceptor.lookupQuery(QueryExecutorMethodInterceptor.java:120)
	at org.springframework.data.repository.core.support.QueryExecutorMethodInterceptor.mapMethodsToQuery(QueryExecutorMethodInterceptor.java:104)
	at org.springframework.data.repository.core.support.QueryExecutorMethodInterceptor.lambda$new$0(QueryExecutorMethodInterceptor.java:92)
	at java.base/java.util.Optional.map(Optional.java:260)
	at org.springframework.data.repository.core.support.QueryExecutorMethodInterceptor.<init>(QueryExecutorMethodInterceptor.java:92)
	at org.springframework.data.repository.core.support.RepositoryFactorySupport.getRepository(RepositoryFactorySupport.java:434)
	at org.springframework.data.repository.core.support.RepositoryFactoryBeanSupport.lambda$afterPropertiesSet$4(RepositoryFactoryBeanSupport.java:350)
	at org.springframework.data.util.Lazy.getNullable(Lazy.java:135)
	at org.springframework.data.util.Lazy.get(Lazy.java:113)
	at org.springframework.data.repository.core.support.RepositoryFactoryBeanSupport.afterPropertiesSet(RepositoryFactoryBeanSupport.java:356)
	at org.springframework.data.jpa.repository.support.JpaRepositoryFactoryBean.afterPropertiesSet(JpaRepositoryFactoryBean.java:132)
	at org.springframework.beans.factory.support.AbstractAutowireCapableBeanFactory.invokeInitMethods(AbstractAutowireCapableBeanFactory.java:1873)
	at org.springframework.beans.factory.support.AbstractAutowireCapableBeanFactory.initializeBean(AbstractAutowireCapableBeanFactory.java:1822)
	... 34 common frames omitted
Caused by: java.lang.IllegalArgumentException: Failed to create query for method public abstract java.util.List com.example.carservice.repository.ServiceRepository.findByCategory(java.lang.String); Cannot compare left expression of type 'com.example.carservice.model.ServiceCategory' with right expression of type 'java.lang.String'
	at org.springframework.data.jpa.repository.query.PartTreeJpaQuery.<init>(PartTreeJpaQuery.java:107)
	at org.springframework.data.jpa.repository.query.JpaQueryLookupStrategy$CreateQueryLookupStrategy.resolveQuery(JpaQueryLookupStrategy.java:128)
	at org.springframework.data.jpa.repository.query.JpaQueryLookupStrategy$CreateIfNotFoundQueryLookupStrategy.resolveQuery(JpaQueryLookupStrategy.java:260)
	at org.springframework.data.jpa.repository.query.JpaQueryLookupStrategy$AbstractQueryLookupStrategy.resolveQuery(JpaQueryLookupStrategy.java:99)
	at org.springframework.data.repository.core.support.QueryExecutorMethodInterceptor.lookupQuery(QueryExecutorMethodInterceptor.java:116)
	... 46 common frames omitted
Caused by: org.hibernate.query.SemanticException: Cannot compare left expression of type 'com.example.carservice.model.ServiceCategory' with right expression of type 'java.lang.String'
	at org.hibernate.query.sqm.internal.TypecheckUtil.assertComparable(TypecheckUtil.java:406)
	at org.hibernate.query.sqm.tree.predicate.SqmComparisonPredicate.<init>(SqmComparisonPredicate.java:46)
	at org.hibernate.query.sqm.tree.predicate.SqmComparisonPredicate.<init>(SqmComparisonPredicate.java:32)
	at org.hibernate.query.sqm.internal.SqmCriteriaNodeBuilder.equal(SqmCriteriaNodeBuilder.java:2158)
	at org.hibernate.query.sqm.internal.SqmCriteriaNodeBuilder.equal(SqmCriteriaNodeBuilder.java:192)
	at org.springframework.data.jpa.repository.query.JpaQueryCreator$PredicateBuilder.build(JpaQueryCreator.java:319)
	at org.springframework.data.jpa.repository.query.JpaQueryCreator.toPredicate(JpaQueryCreator.java:211)
	at org.springframework.data.jpa.repository.query.JpaQueryCreator.create(JpaQueryCreator.java:122)
	at org.springframework.data.jpa.repository.query.JpaQueryCreator.create(JpaQueryCreator.java:1)
	at org.springframework.data.repository.query.parser.AbstractQueryCreator.createCriteria(AbstractQueryCreator.java:119)
	at org.springframework.data.repository.query.parser.AbstractQueryCreator.createQuery(AbstractQueryCreator.java:95)
	at org.springframework.data.repository.query.parser.AbstractQueryCreator.createQuery(AbstractQueryCreator.java:81)
	at org.springframework.data.jpa.repository.query.PartTreeJpaQuery$QueryPreparer.<init>(PartTreeJpaQuery.java:224)
	at org.springframework.data.jpa.repository.query.PartTreeJpaQuery$CountQueryPreparer.<init>(PartTreeJpaQuery.java:370)
	at org.springframework.data.jpa.repository.query.PartTreeJpaQuery.<init>(PartTreeJpaQuery.java:103)
	... 50 common frames omitted
2026-04-06 12:03:30 [background-preinit] INFO  o.h.validator.internal.util.Version - HV000001: Hibernate Validator 8.0.3.Final
2026-04-06 12:03:30 [restartedMain] INFO  c.e.carservice.CarServiceApplication - Starting CarServiceApplication using Java 25.0.2 with PID 30636 (D:\Java\carService\target\classes started by Dzmitry in D:\Java\carService)
2026-04-06 12:03:30 [restartedMain] DEBUG c.e.carservice.CarServiceApplication - Running with Spring Boot v3.5.6, Spring v6.2.11
2026-04-06 12:03:30 [restartedMain] INFO  c.e.carservice.CarServiceApplication - The following 1 profile is active: "local"
2026-04-06 12:03:30 [restartedMain] INFO  o.s.b.d.e.DevToolsPropertyDefaultsPostProcessor - Devtools property defaults active! Set 'spring.devtools.add-properties' to 'false' to disable
2026-04-06 12:03:30 [restartedMain] INFO  o.s.b.d.e.DevToolsPropertyDefaultsPostProcessor - For additional web related logging consider setting the 'logging.level.web' property to 'DEBUG'
2026-04-06 12:03:30 [restartedMain] INFO  o.s.d.r.c.RepositoryConfigurationDelegate - Bootstrapping Spring Data JPA repositories in DEFAULT mode.
2026-04-06 12:03:30 [restartedMain] INFO  o.s.d.r.c.RepositoryConfigurationDelegate - Finished Spring Data repository scanning in 53 ms. Found 7 JPA repository interfaces.
2026-04-06 12:03:31 [restartedMain] INFO  o.s.b.w.e.tomcat.TomcatWebServer - Tomcat initialized with port 8080 (http)
2026-04-06 12:03:31 [restartedMain] INFO  o.a.coyote.http11.Http11NioProtocol - Initializing ProtocolHandler ["http-nio-8080"]
2026-04-06 12:03:31 [restartedMain] INFO  o.a.catalina.core.StandardService - Starting service [Tomcat]
2026-04-06 12:03:31 [restartedMain] INFO  o.a.catalina.core.StandardEngine - Starting Servlet engine: [Apache Tomcat/10.1.46]
2026-04-06 12:03:31 [restartedMain] INFO  o.a.c.c.C.[Tomcat].[localhost].[/] - Initializing Spring embedded WebApplicationContext
2026-04-06 12:03:31 [restartedMain] INFO  o.s.b.w.s.c.ServletWebServerApplicationContext - Root WebApplicationContext: initialization completed in 1244 ms
2026-04-06 12:03:31 [restartedMain] INFO  o.h.jpa.internal.util.LogHelper - HHH000204: Processing PersistenceUnitInfo [name: default]
2026-04-06 12:03:31 [restartedMain] INFO  org.hibernate.Version - HHH000412: Hibernate ORM core version 6.6.29.Final
2026-04-06 12:03:31 [restartedMain] INFO  o.h.c.i.RegionFactoryInitiator - HHH000026: Second-level cache disabled
2026-04-06 12:03:31 [restartedMain] INFO  o.s.o.j.p.SpringPersistenceUnitInfo - No LoadTimeWeaver setup: ignoring JPA class transformer
2026-04-06 12:03:31 [restartedMain] INFO  com.zaxxer.hikari.HikariDataSource - HikariPool-1 - Starting...
2026-04-06 12:03:31 [restartedMain] INFO  com.zaxxer.hikari.pool.HikariPool - HikariPool-1 - Added connection org.postgresql.jdbc.PgConnection@793fc213
2026-04-06 12:03:31 [restartedMain] INFO  com.zaxxer.hikari.HikariDataSource - HikariPool-1 - Start completed.
2026-04-06 12:03:31 [restartedMain] INFO  o.hibernate.orm.connections.pooling - HHH10001005: Database info:
	Database JDBC URL [Connecting through datasource 'HikariDataSource (HikariPool-1)']
	Database driver: undefined/unknown
	Database version: 18.3
	Autocommit mode: undefined/unknown
	Isolation level: undefined/unknown
	Minimum pool size: undefined/unknown
	Maximum pool size: undefined/unknown
2026-04-06 12:03:32 [restartedMain] INFO  o.h.e.t.j.p.i.JtaPlatformInitiator - HHH000489: No JTA platform available (set 'hibernate.transaction.jta.platform' to enable JTA platform integration)
2026-04-06 12:03:33 [restartedMain] INFO  o.s.o.j.LocalContainerEntityManagerFactoryBean - Initialized JPA EntityManagerFactory for persistence unit 'default'
2026-04-06 12:03:33 [restartedMain] INFO  o.s.d.j.r.query.QueryEnhancerFactory - Hibernate is in classpath; If applicable, HQL parser will be used.
2026-04-06 12:03:34 [restartedMain] WARN  o.s.b.a.o.j.JpaBaseConfiguration$JpaWebConfiguration - spring.jpa.open-in-view is enabled by default. Therefore, database queries may be performed during view rendering. Explicitly configure spring.jpa.open-in-view to disable this warning
2026-04-06 12:03:34 [restartedMain] INFO  o.s.b.d.a.OptionalLiveReloadServer - LiveReload server is running on port 35729
2026-04-06 12:03:34 [restartedMain] INFO  o.a.coyote.http11.Http11NioProtocol - Starting ProtocolHandler ["http-nio-8080"]
2026-04-06 12:03:34 [restartedMain] INFO  o.s.b.w.e.tomcat.TomcatWebServer - Tomcat started on port 8080 (http) with context path '/'
2026-04-06 12:03:34 [restartedMain] INFO  c.e.carservice.CarServiceApplication - Started CarServiceApplication in 5.278 seconds (process running for 5.983)
2026-04-06 12:03:34 [restartedMain] INFO  c.e.c.config.DataInitializer - === Создание клиентов ===
2026-04-06 12:03:34 [restartedMain] INFO  c.e.c.config.DataInitializer - === Создание машин ===
2026-04-06 12:03:35 [restartedMain] INFO  c.e.c.config.DataInitializer - === Создание механиков ===
2026-04-06 12:03:35 [restartedMain] INFO  c.e.c.config.DataInitializer - === Создание услуг ===
2026-04-06 12:03:35 [restartedMain] INFO  c.e.c.config.DataInitializer - === Создание запчастей ===
2026-04-06 12:03:35 [restartedMain] INFO  c.e.c.config.DataInitializer - === Создание заказов ===
2026-04-06 12:03:35 [restartedMain] INFO  c.e.c.config.DataInitializer - Клиентов: 4
2026-04-06 12:03:35 [restartedMain] INFO  c.e.c.config.DataInitializer - Машин: 5
2026-04-06 12:03:35 [restartedMain] INFO  c.e.c.config.DataInitializer - Механиков: 4
2026-04-06 12:03:35 [restartedMain] INFO  c.e.c.config.DataInitializer - Услуг: 5
2026-04-06 12:03:35 [restartedMain] INFO  c.e.c.config.DataInitializer - Запчастей: 5
2026-04-06 12:03:35 [restartedMain] INFO  c.e.c.config.DataInitializer - Заказов: 4
2026-04-06 12:03:35 [restartedMain] INFO  c.e.c.service.impl.OrderServiceImpl - === Без оптимизации (N+1) ===
2026-04-06 12:03:35 [restartedMain] INFO  c.e.c.service.impl.OrderServiceImpl - Загружено 4 заказов без оптимизации
2026-04-06 12:03:35 [restartedMain] DEBUG c.e.c.service.impl.OrderServiceImpl - Order 1: client Петров
2026-04-06 12:03:35 [restartedMain] DEBUG c.e.c.service.impl.OrderServiceImpl - Order 2: client Сидорова
2026-04-06 12:03:35 [restartedMain] DEBUG c.e.c.service.impl.OrderServiceImpl - Order 3: client Новикова
2026-04-06 12:03:35 [restartedMain] DEBUG c.e.c.service.impl.OrderServiceImpl - Order 4: client Петров
2026-04-06 12:03:35 [restartedMain] INFO  c.e.c.service.impl.OrderServiceImpl - === Конец N+1 ===
2026-04-06 12:03:35 [restartedMain] INFO  c.e.c.service.impl.OrderServiceImpl - === С оптимизацией (один запрос) ===
2026-04-06 12:03:35 [restartedMain] INFO  c.e.c.service.impl.OrderServiceImpl - Загружено 4 заказов с оптимизацией
2026-04-06 12:03:35 [restartedMain] DEBUG c.e.c.service.impl.OrderServiceImpl - Order 1: client Петров
2026-04-06 12:03:35 [restartedMain] DEBUG c.e.c.service.impl.OrderServiceImpl - Order 2: client Сидорова
2026-04-06 12:03:35 [restartedMain] DEBUG c.e.c.service.impl.OrderServiceImpl - Order 3: client Новикова
2026-04-06 12:03:35 [restartedMain] DEBUG c.e.c.service.impl.OrderServiceImpl - Order 4: client Петров
2026-04-06 12:03:35 [restartedMain] INFO  c.e.c.service.impl.OrderServiceImpl - === Конец оптимизации ===
2026-04-06 12:03:35 [restartedMain] INFO  c.e.c.aspect.ServiceLoggingAspect - Method OrderServiceImpl.demonstrateNplus1Problem() executed in 49 ms
2026-04-06 12:03:35 [restartedMain] INFO  c.e.c.config.DataInitializer - === Используем машину с ID: 1 ===
2026-04-06 12:03:35 [restartedMain] INFO  c.e.c.config.DataInitializer - 
=== ТЕСТ 1: Без @Transactional ===
2026-04-06 12:03:35 [restartedMain] INFO  c.e.c.service.impl.OrderServiceImpl - === СОХРАНЕНИЕ БЕЗ @Transactional ===
2026-04-06 12:03:35 [restartedMain] INFO  c.e.c.service.impl.OrderServiceImpl - 1. Заказ сохранён, ID: 5
2026-04-06 12:03:35 [restartedMain] INFO  c.e.c.service.impl.OrderServiceImpl - 2. Имитируем ошибку...
2026-04-06 12:03:35 [restartedMain] ERROR c.e.c.config.DataInitializer - Ошибка: Ошибка после частичного сохранения! Заказ остался в БД.
2026-04-06 12:03:35 [restartedMain] INFO  c.e.c.config.DataInitializer - 
=== ТЕСТ 2: С @Transactional ===
2026-04-06 12:03:35 [restartedMain] INFO  c.e.c.service.impl.OrderServiceImpl - === СОХРАНЕНИЕ С @Transactional ===
2026-04-06 12:03:35 [restartedMain] INFO  c.e.c.service.impl.OrderServiceImpl - 1. Заказ сохранён, ID: 6
2026-04-06 12:03:35 [restartedMain] INFO  c.e.c.service.impl.OrderServiceImpl - 2. Услуги добавлены
2026-04-06 12:03:35 [restartedMain] INFO  c.e.c.service.impl.OrderServiceImpl - 3. Имитируем ошибку...
2026-04-06 12:03:35 [restartedMain] ERROR c.e.c.config.DataInitializer - Ошибка: Ошибка! Всё должно откатиться.
2026-04-06 12:03:50 [http-nio-8080-exec-1] INFO  o.a.c.c.C.[Tomcat].[localhost].[/] - Initializing Spring DispatcherServlet 'dispatcherServlet'
2026-04-06 12:03:50 [http-nio-8080-exec-1] INFO  o.s.web.servlet.DispatcherServlet - Initializing Servlet 'dispatcherServlet'
2026-04-06 12:03:50 [http-nio-8080-exec-1] INFO  o.s.web.servlet.DispatcherServlet - Completed initialization in 1 ms
2026-04-06 12:03:51 [http-nio-8080-exec-1] INFO  o.s.api.AbstractOpenApiResource - Init duration for springdoc-openapi is: 847 ms
2026-04-06 12:03:51 [http-nio-8080-exec-2] WARN  o.s.w.s.m.m.a.ExceptionHandlerExceptionResolver - Resolved [org.springframework.web.servlet.resource.NoResourceFoundException: No static resource favicon.ico.]
2026-04-06 20:19:05 [HikariPool-1:housekeeper] WARN  com.zaxxer.hikari.pool.HikariPool - HikariPool-1 - Thread starvation or clock leap detected (housekeeper delta=6h35m3s240ms485µs300ns).
2026-04-06 22:39:52 [HikariPool-1:housekeeper] WARN  com.zaxxer.hikari.pool.HikariPool - HikariPool-1 - Thread starvation or clock leap detected (housekeeper delta=2h20m54s655ms601µs500ns).
2026-04-06 22:47:08 [http-nio-8080-exec-9] WARN  o.s.w.s.m.m.a.ExceptionHandlerExceptionResolver - Resolved [org.springframework.web.servlet.resource.NoResourceFoundException: No static resource favicon.ico.]
2026-04-06 22:48:57 [http-nio-8080-exec-10] INFO  c.e.c.aspect.ServiceLoggingAspect - Method CarServiceImpl.getAllCars() executed in 66 ms
2026-04-06 22:49:25 [http-nio-8080-exec-1] WARN  o.s.w.s.m.m.a.ExceptionHandlerExceptionResolver - Resolved [com.example.carservice.exception.ResourceNotFoundException: Client not found with id: 9]
2026-04-06 22:49:42 [http-nio-8080-exec-2] INFO  c.e.c.s.impl.cache.CarSearchCache - Car search cache invalidated. Evicted 0 entries.
2026-04-06 22:49:42 [http-nio-8080-exec-2] INFO  c.e.c.aspect.ServiceLoggingAspect - Method ClientServiceImpl.updateClient(..) executed in 34 ms
2026-04-06 22:54:38 [File Watcher] INFO  o.s.b.d.a.LocalDevToolsAutoConfiguration$RestartingClassPathChangeChangedEventListener - Restarting due to 1 class path change (0 additions, 1 deletion, 0 modifications)
2026-04-06 22:54:38 [Thread-5] INFO  o.s.b.w.e.tomcat.GracefulShutdown - Commencing graceful shutdown. Waiting for active requests to complete
2026-04-06 22:54:38 [tomcat-shutdown] INFO  o.a.coyote.http11.Http11NioProtocol - Pausing ProtocolHandler ["http-nio-8080"]
2026-04-06 22:54:38 [tomcat-shutdown] INFO  o.s.b.w.e.tomcat.GracefulShutdown - Graceful shutdown complete
2026-04-06 22:54:38 [Thread-5] INFO  o.a.coyote.http11.Http11NioProtocol - Stopping ProtocolHandler ["http-nio-8080"]
2026-04-06 22:54:38 [Thread-5] INFO  o.s.o.j.LocalContainerEntityManagerFactoryBean - Closing JPA EntityManagerFactory for persistence unit 'default'
2026-04-06 22:54:38 [Thread-5] INFO  com.zaxxer.hikari.HikariDataSource - HikariPool-1 - Shutdown initiated...
2026-04-06 22:54:38 [Thread-5] INFO  com.zaxxer.hikari.HikariDataSource - HikariPool-1 - Shutdown completed.
2026-04-06 22:54:38 [restartedMain] INFO  c.e.carservice.CarServiceApplication - Starting CarServiceApplication using Java 25.0.2 with PID 30636 (D:\Java\carService\target\classes started by Dzmitry in D:\Java\carService)
2026-04-06 22:54:38 [restartedMain] DEBUG c.e.carservice.CarServiceApplication - Running with Spring Boot v3.5.6, Spring v6.2.11
2026-04-06 22:54:38 [restartedMain] INFO  c.e.carservice.CarServiceApplication - The following 1 profile is active: "local"
2026-04-06 22:54:39 [restartedMain] INFO  o.s.d.r.c.RepositoryConfigurationDelegate - Bootstrapping Spring Data JPA repositories in DEFAULT mode.
2026-04-06 22:54:39 [restartedMain] INFO  o.s.d.r.c.RepositoryConfigurationDelegate - Finished Spring Data repository scanning in 43 ms. Found 7 JPA repository interfaces.
2026-04-06 22:54:39 [restartedMain] INFO  o.s.b.w.e.tomcat.TomcatWebServer - Tomcat initialized with port 8080 (http)
2026-04-06 22:54:39 [restartedMain] INFO  o.a.coyote.http11.Http11NioProtocol - Initializing ProtocolHandler ["http-nio-8080"]
2026-04-06 22:54:39 [restartedMain] INFO  o.a.catalina.core.StandardService - Starting service [Tomcat]
2026-04-06 22:54:39 [restartedMain] INFO  o.a.catalina.core.StandardEngine - Starting Servlet engine: [Apache Tomcat/10.1.46]
2026-04-06 22:54:39 [restartedMain] INFO  o.a.c.c.C.[Tomcat].[localhost].[/] - Initializing Spring embedded WebApplicationContext
2026-04-06 22:54:39 [restartedMain] INFO  o.s.b.w.s.c.ServletWebServerApplicationContext - Root WebApplicationContext: initialization completed in 828 ms
2026-04-06 22:54:39 [restartedMain] INFO  o.h.jpa.internal.util.LogHelper - HHH000204: Processing PersistenceUnitInfo [name: default]
2026-04-06 22:54:39 [restartedMain] INFO  o.h.c.i.RegionFactoryInitiator - HHH000026: Second-level cache disabled
2026-04-06 22:54:39 [restartedMain] INFO  o.s.o.j.p.SpringPersistenceUnitInfo - No LoadTimeWeaver setup: ignoring JPA class transformer
2026-04-06 22:54:39 [restartedMain] INFO  com.zaxxer.hikari.HikariDataSource - HikariPool-2 - Starting...
2026-04-06 22:54:39 [restartedMain] INFO  com.zaxxer.hikari.pool.HikariPool - HikariPool-2 - Added connection org.postgresql.jdbc.PgConnection@e3089f2
2026-04-06 22:54:39 [restartedMain] INFO  com.zaxxer.hikari.HikariDataSource - HikariPool-2 - Start completed.
2026-04-06 22:54:39 [restartedMain] INFO  o.hibernate.orm.connections.pooling - HHH10001005: Database info:
	Database JDBC URL [Connecting through datasource 'HikariDataSource (HikariPool-2)']
	Database driver: undefined/unknown
	Database version: 18.3
	Autocommit mode: undefined/unknown
	Isolation level: undefined/unknown
	Minimum pool size: undefined/unknown
	Maximum pool size: undefined/unknown
2026-04-06 22:54:39 [restartedMain] INFO  o.h.e.t.j.p.i.JtaPlatformInitiator - HHH000489: No JTA platform available (set 'hibernate.transaction.jta.platform' to enable JTA platform integration)
2026-04-06 22:54:40 [restartedMain] INFO  o.s.o.j.LocalContainerEntityManagerFactoryBean - Initialized JPA EntityManagerFactory for persistence unit 'default'
2026-04-06 22:54:40 [restartedMain] WARN  o.s.b.a.o.j.JpaBaseConfiguration$JpaWebConfiguration - spring.jpa.open-in-view is enabled by default. Therefore, database queries may be performed during view rendering. Explicitly configure spring.jpa.open-in-view to disable this warning
2026-04-06 22:54:40 [restartedMain] INFO  o.s.b.d.a.OptionalLiveReloadServer - LiveReload server is running on port 35729
2026-04-06 22:54:40 [restartedMain] INFO  o.a.coyote.http11.Http11NioProtocol - Starting ProtocolHandler ["http-nio-8080"]
2026-04-06 22:54:40 [restartedMain] INFO  o.s.b.w.e.tomcat.TomcatWebServer - Tomcat started on port 8080 (http) with context path '/'
2026-04-06 22:54:40 [restartedMain] INFO  c.e.carservice.CarServiceApplication - Started CarServiceApplication in 2.208 seconds (process running for 39079.09)
2026-04-06 22:54:40 [restartedMain] INFO  c.e.c.config.DataInitializer - === Создание клиентов ===
2026-04-06 22:54:40 [restartedMain] INFO  c.e.c.config.DataInitializer - === Создание машин ===
2026-04-06 22:54:40 [restartedMain] INFO  c.e.c.config.DataInitializer - === Создание механиков ===
2026-04-06 22:54:40 [restartedMain] INFO  c.e.c.config.DataInitializer - === Создание услуг ===
2026-04-06 22:54:40 [restartedMain] INFO  c.e.c.config.DataInitializer - === Создание запчастей ===
2026-04-06 22:54:40 [restartedMain] INFO  c.e.c.config.DataInitializer - === Создание заказов ===
2026-04-06 22:54:40 [restartedMain] INFO  c.e.c.config.DataInitializer - Клиентов: 4
2026-04-06 22:54:41 [restartedMain] INFO  c.e.c.config.DataInitializer - Машин: 5
2026-04-06 22:54:41 [restartedMain] INFO  c.e.c.config.DataInitializer - Механиков: 4
2026-04-06 22:54:41 [restartedMain] INFO  c.e.c.config.DataInitializer - Услуг: 5
2026-04-06 22:54:41 [restartedMain] INFO  c.e.c.config.DataInitializer - Запчастей: 5
2026-04-06 22:54:41 [restartedMain] INFO  c.e.c.config.DataInitializer - Заказов: 4
2026-04-06 22:54:41 [restartedMain] INFO  c.e.c.service.impl.OrderServiceImpl - === Без оптимизации (N+1) ===
2026-04-06 22:54:41 [restartedMain] INFO  c.e.c.service.impl.OrderServiceImpl - Загружено 4 заказов без оптимизации
2026-04-06 22:54:41 [restartedMain] DEBUG c.e.c.service.impl.OrderServiceImpl - Order 1: client Петров
2026-04-06 22:54:41 [restartedMain] DEBUG c.e.c.service.impl.OrderServiceImpl - Order 2: client Сидорова
2026-04-06 22:54:41 [restartedMain] DEBUG c.e.c.service.impl.OrderServiceImpl - Order 3: client Новикова
2026-04-06 22:54:41 [restartedMain] DEBUG c.e.c.service.impl.OrderServiceImpl - Order 4: client Петров
2026-04-06 22:54:41 [restartedMain] INFO  c.e.c.service.impl.OrderServiceImpl - === Конец N+1 ===
2026-04-06 22:54:41 [restartedMain] INFO  c.e.c.service.impl.OrderServiceImpl - === С оптимизацией (один запрос) ===
2026-04-06 22:54:41 [restartedMain] INFO  c.e.c.service.impl.OrderServiceImpl - Загружено 4 заказов с оптимизацией
2026-04-06 22:54:41 [restartedMain] DEBUG c.e.c.service.impl.OrderServiceImpl - Order 1: client Петров
2026-04-06 22:54:41 [restartedMain] DEBUG c.e.c.service.impl.OrderServiceImpl - Order 2: client Сидорова
2026-04-06 22:54:41 [restartedMain] DEBUG c.e.c.service.impl.OrderServiceImpl - Order 3: client Новикова
2026-04-06 22:54:41 [restartedMain] DEBUG c.e.c.service.impl.OrderServiceImpl - Order 4: client Петров
2026-04-06 22:54:41 [restartedMain] INFO  c.e.c.service.impl.OrderServiceImpl - === Конец оптимизации ===
2026-04-06 22:54:41 [restartedMain] INFO  c.e.c.aspect.ServiceLoggingAspect - Method OrderServiceImpl.demonstrateNplus1Problem() executed in 16 ms
2026-04-06 22:54:41 [restartedMain] INFO  c.e.c.config.DataInitializer - === Используем машину с ID: 1 ===
2026-04-06 22:54:41 [restartedMain] INFO  c.e.c.config.DataInitializer - 
=== ТЕСТ 1: Без @Transactional ===
2026-04-06 22:54:41 [restartedMain] INFO  c.e.c.service.impl.OrderServiceImpl - === СОХРАНЕНИЕ БЕЗ @Transactional ===
2026-04-06 22:54:41 [restartedMain] INFO  c.e.c.service.impl.OrderServiceImpl - 1. Заказ сохранён, ID: 5
2026-04-06 22:54:41 [restartedMain] INFO  c.e.c.service.impl.OrderServiceImpl - 2. Имитируем ошибку...
2026-04-06 22:54:41 [restartedMain] ERROR c.e.c.config.DataInitializer - Ошибка: Ошибка после частичного сохранения! Заказ остался в БД.
2026-04-06 22:54:41 [restartedMain] INFO  c.e.c.config.DataInitializer - 
=== ТЕСТ 2: С @Transactional ===
2026-04-06 22:54:41 [restartedMain] INFO  c.e.c.service.impl.OrderServiceImpl - === СОХРАНЕНИЕ С @Transactional ===
2026-04-06 22:54:41 [restartedMain] INFO  c.e.c.service.impl.OrderServiceImpl - 1. Заказ сохранён, ID: 6
2026-04-06 22:54:41 [restartedMain] INFO  c.e.c.service.impl.OrderServiceImpl - 2. Услуги добавлены
2026-04-06 22:54:41 [restartedMain] INFO  c.e.c.service.impl.OrderServiceImpl - 3. Имитируем ошибку...
2026-04-06 22:54:41 [restartedMain] ERROR c.e.c.config.DataInitializer - Ошибка: Ошибка! Всё должно откатиться.
2026-04-06 22:54:41 [restartedMain] INFO  o.s.b.d.a.ConditionEvaluationDeltaLoggingListener - Condition evaluation unchanged
2026-04-06 22:54:42 [File Watcher] INFO  o.s.b.d.a.LocalDevToolsAutoConfiguration$RestartingClassPathChangeChangedEventListener - Restarting due to 1 class path change (1 addition, 0 deletions, 0 modifications)
2026-04-06 22:54:42 [Thread-7] INFO  o.s.b.w.e.tomcat.GracefulShutdown - Commencing graceful shutdown. Waiting for active requests to complete
2026-04-06 22:54:42 [tomcat-shutdown] INFO  o.a.coyote.http11.Http11NioProtocol - Pausing ProtocolHandler ["http-nio-8080"]
2026-04-06 22:54:42 [tomcat-shutdown] INFO  o.s.b.w.e.tomcat.GracefulShutdown - Graceful shutdown complete
2026-04-06 22:54:42 [Thread-7] INFO  o.a.coyote.http11.Http11NioProtocol - Stopping ProtocolHandler ["http-nio-8080"]
2026-04-06 22:54:42 [Thread-7] INFO  o.s.o.j.LocalContainerEntityManagerFactoryBean - Closing JPA EntityManagerFactory for persistence unit 'default'
2026-04-06 22:54:42 [Thread-7] INFO  com.zaxxer.hikari.HikariDataSource - HikariPool-2 - Shutdown initiated...
2026-04-06 22:54:42 [Thread-7] INFO  com.zaxxer.hikari.HikariDataSource - HikariPool-2 - Shutdown completed.
2026-04-06 22:54:42 [restartedMain] INFO  c.e.carservice.CarServiceApplication - Starting CarServiceApplication using Java 25.0.2 with PID 30636 (D:\Java\carService\target\classes started by Dzmitry in D:\Java\carService)
2026-04-06 22:54:42 [restartedMain] DEBUG c.e.carservice.CarServiceApplication - Running with Spring Boot v3.5.6, Spring v6.2.11
2026-04-06 22:54:42 [restartedMain] INFO  c.e.carservice.CarServiceApplication - The following 1 profile is active: "local"
2026-04-06 22:54:42 [restartedMain] INFO  o.s.d.r.c.RepositoryConfigurationDelegate - Bootstrapping Spring Data JPA repositories in DEFAULT mode.
2026-04-06 22:54:42 [restartedMain] INFO  o.s.d.r.c.RepositoryConfigurationDelegate - Finished Spring Data repository scanning in 36 ms. Found 7 JPA repository interfaces.
2026-04-06 22:54:43 [restartedMain] INFO  o.s.b.w.e.tomcat.TomcatWebServer - Tomcat initialized with port 8080 (http)
2026-04-06 22:54:43 [restartedMain] INFO  o.a.coyote.http11.Http11NioProtocol - Initializing ProtocolHandler ["http-nio-8080"]
2026-04-06 22:54:43 [restartedMain] INFO  o.a.catalina.core.StandardService - Starting service [Tomcat]
2026-04-06 22:54:43 [restartedMain] INFO  o.a.catalina.core.StandardEngine - Starting Servlet engine: [Apache Tomcat/10.1.46]
2026-04-06 22:54:43 [restartedMain] INFO  o.a.c.c.C.[Tomcat].[localhost].[/] - Initializing Spring embedded WebApplicationContext
2026-04-06 22:54:43 [restartedMain] INFO  o.s.b.w.s.c.ServletWebServerApplicationContext - Root WebApplicationContext: initialization completed in 587 ms
2026-04-06 22:54:43 [restartedMain] INFO  o.h.jpa.internal.util.LogHelper - HHH000204: Processing PersistenceUnitInfo [name: default]
2026-04-06 22:54:43 [restartedMain] INFO  o.h.c.i.RegionFactoryInitiator - HHH000026: Second-level cache disabled
2026-04-06 22:54:43 [restartedMain] INFO  o.s.o.j.p.SpringPersistenceUnitInfo - No LoadTimeWeaver setup: ignoring JPA class transformer
2026-04-06 22:54:43 [restartedMain] INFO  com.zaxxer.hikari.HikariDataSource - HikariPool-3 - Starting...
2026-04-06 22:54:43 [restartedMain] INFO  com.zaxxer.hikari.pool.HikariPool - HikariPool-3 - Added connection org.postgresql.jdbc.PgConnection@7ee4e5a2
2026-04-06 22:54:43 [restartedMain] INFO  com.zaxxer.hikari.HikariDataSource - HikariPool-3 - Start completed.
2026-04-06 22:54:43 [restartedMain] INFO  o.hibernate.orm.connections.pooling - HHH10001005: Database info:
	Database JDBC URL [Connecting through datasource 'HikariDataSource (HikariPool-3)']
	Database driver: undefined/unknown
	Database version: 18.3
	Autocommit mode: undefined/unknown
	Isolation level: undefined/unknown
	Minimum pool size: undefined/unknown
	Maximum pool size: undefined/unknown
2026-04-06 22:54:43 [restartedMain] INFO  o.h.e.t.j.p.i.JtaPlatformInitiator - HHH000489: No JTA platform available (set 'hibernate.transaction.jta.platform' to enable JTA platform integration)
2026-04-06 22:54:43 [restartedMain] INFO  o.s.o.j.LocalContainerEntityManagerFactoryBean - Initialized JPA EntityManagerFactory for persistence unit 'default'
2026-04-06 22:54:44 [restartedMain] WARN  o.s.b.a.o.j.JpaBaseConfiguration$JpaWebConfiguration - spring.jpa.open-in-view is enabled by default. Therefore, database queries may be performed during view rendering. Explicitly configure spring.jpa.open-in-view to disable this warning
2026-04-06 22:54:44 [restartedMain] INFO  o.s.b.d.a.OptionalLiveReloadServer - LiveReload server is running on port 35729
2026-04-06 22:54:44 [restartedMain] INFO  o.a.coyote.http11.Http11NioProtocol - Starting ProtocolHandler ["http-nio-8080"]
2026-04-06 22:54:44 [restartedMain] INFO  o.s.b.w.e.tomcat.TomcatWebServer - Tomcat started on port 8080 (http) with context path '/'
2026-04-06 22:54:44 [restartedMain] INFO  c.e.carservice.CarServiceApplication - Started CarServiceApplication in 1.955 seconds (process running for 39082.617)
2026-04-06 22:54:44 [restartedMain] INFO  c.e.c.config.DataInitializer - === Создание клиентов ===
2026-04-06 22:54:44 [restartedMain] INFO  c.e.c.config.DataInitializer - === Создание машин ===
2026-04-06 22:54:44 [restartedMain] INFO  c.e.c.config.DataInitializer - === Создание механиков ===
2026-04-06 22:54:44 [restartedMain] INFO  c.e.c.config.DataInitializer - === Создание услуг ===
2026-04-06 22:54:44 [restartedMain] INFO  c.e.c.config.DataInitializer - === Создание запчастей ===
2026-04-06 22:54:44 [restartedMain] INFO  c.e.c.config.DataInitializer - === Создание заказов ===
2026-04-06 22:54:44 [restartedMain] INFO  c.e.c.config.DataInitializer - Клиентов: 4
2026-04-06 22:54:44 [restartedMain] INFO  c.e.c.config.DataInitializer - Машин: 5
2026-04-06 22:54:44 [restartedMain] INFO  c.e.c.config.DataInitializer - Механиков: 4
2026-04-06 22:54:44 [restartedMain] INFO  c.e.c.config.DataInitializer - Услуг: 5
2026-04-06 22:54:44 [restartedMain] INFO  c.e.c.config.DataInitializer - Запчастей: 5
2026-04-06 22:54:44 [restartedMain] INFO  c.e.c.config.DataInitializer - Заказов: 4
2026-04-06 22:54:44 [restartedMain] INFO  c.e.c.service.impl.OrderServiceImpl - === Без оптимизации (N+1) ===
2026-04-06 22:54:44 [restartedMain] INFO  c.e.c.service.impl.OrderServiceImpl - Загружено 4 заказов без оптимизации
2026-04-06 22:54:44 [restartedMain] DEBUG c.e.c.service.impl.OrderServiceImpl - Order 1: client Петров
2026-04-06 22:54:44 [restartedMain] DEBUG c.e.c.service.impl.OrderServiceImpl - Order 2: client Сидорова
2026-04-06 22:54:44 [restartedMain] DEBUG c.e.c.service.impl.OrderServiceImpl - Order 3: client Новикова
2026-04-06 22:54:44 [restartedMain] DEBUG c.e.c.service.impl.OrderServiceImpl - Order 4: client Петров
2026-04-06 22:54:44 [restartedMain] INFO  c.e.c.service.impl.OrderServiceImpl - === Конец N+1 ===
2026-04-06 22:54:44 [restartedMain] INFO  c.e.c.service.impl.OrderServiceImpl - === С оптимизацией (один запрос) ===
2026-04-06 22:54:44 [restartedMain] INFO  c.e.c.service.impl.OrderServiceImpl - Загружено 4 заказов с оптимизацией
2026-04-06 22:54:44 [restartedMain] DEBUG c.e.c.service.impl.OrderServiceImpl - Order 1: client Петров
2026-04-06 22:54:44 [restartedMain] DEBUG c.e.c.service.impl.OrderServiceImpl - Order 2: client Сидорова
2026-04-06 22:54:44 [restartedMain] DEBUG c.e.c.service.impl.OrderServiceImpl - Order 3: client Новикова
2026-04-06 22:54:44 [restartedMain] DEBUG c.e.c.service.impl.OrderServiceImpl - Order 4: client Петров
2026-04-06 22:54:44 [restartedMain] INFO  c.e.c.service.impl.OrderServiceImpl - === Конец оптимизации ===
2026-04-06 22:54:44 [restartedMain] INFO  c.e.c.aspect.ServiceLoggingAspect - Method OrderServiceImpl.demonstrateNplus1Problem() executed in 21 ms
2026-04-06 22:54:44 [restartedMain] INFO  c.e.c.config.DataInitializer - === Используем машину с ID: 1 ===
2026-04-06 22:54:44 [restartedMain] INFO  c.e.c.config.DataInitializer - 
=== ТЕСТ 1: Без @Transactional ===
2026-04-06 22:54:44 [restartedMain] INFO  c.e.c.service.impl.OrderServiceImpl - === СОХРАНЕНИЕ БЕЗ @Transactional ===
2026-04-06 22:54:44 [restartedMain] INFO  c.e.c.service.impl.OrderServiceImpl - 1. Заказ сохранён, ID: 5
2026-04-06 22:54:44 [restartedMain] INFO  c.e.c.service.impl.OrderServiceImpl - 2. Имитируем ошибку...
2026-04-06 22:54:44 [restartedMain] ERROR c.e.c.config.DataInitializer - Ошибка: Ошибка после частичного сохранения! Заказ остался в БД.
2026-04-06 22:54:44 [restartedMain] INFO  c.e.c.config.DataInitializer - 
=== ТЕСТ 2: С @Transactional ===
2026-04-06 22:54:44 [restartedMain] INFO  c.e.c.service.impl.OrderServiceImpl - === СОХРАНЕНИЕ С @Transactional ===
2026-04-06 22:54:44 [restartedMain] INFO  c.e.c.service.impl.OrderServiceImpl - 1. Заказ сохранён, ID: 6
2026-04-06 22:54:44 [restartedMain] INFO  c.e.c.service.impl.OrderServiceImpl - 2. Услуги добавлены
2026-04-06 22:54:44 [restartedMain] INFO  c.e.c.service.impl.OrderServiceImpl - 3. Имитируем ошибку...
2026-04-06 22:54:44 [restartedMain] ERROR c.e.c.config.DataInitializer - Ошибка: Ошибка! Всё должно откатиться.
2026-04-06 22:54:44 [restartedMain] INFO  o.s.b.d.a.ConditionEvaluationDeltaLoggingListener - Condition evaluation unchanged
2026-04-06 22:54:57 [File Watcher] INFO  o.s.b.d.a.LocalDevToolsAutoConfiguration$RestartingClassPathChangeChangedEventListener - Restarting due to 1 class path change (0 additions, 1 deletion, 0 modifications)
2026-04-06 22:54:57 [Thread-11] INFO  o.s.b.w.e.tomcat.GracefulShutdown - Commencing graceful shutdown. Waiting for active requests to complete
2026-04-06 22:54:57 [tomcat-shutdown] INFO  o.a.coyote.http11.Http11NioProtocol - Pausing ProtocolHandler ["http-nio-8080"]
2026-04-06 22:54:57 [tomcat-shutdown] INFO  o.s.b.w.e.tomcat.GracefulShutdown - Graceful shutdown complete
2026-04-06 22:54:57 [Thread-11] INFO  o.a.coyote.http11.Http11NioProtocol - Stopping ProtocolHandler ["http-nio-8080"]
2026-04-06 22:54:57 [Thread-11] INFO  o.s.o.j.LocalContainerEntityManagerFactoryBean - Closing JPA EntityManagerFactory for persistence unit 'default'
2026-04-06 22:54:57 [Thread-11] INFO  com.zaxxer.hikari.HikariDataSource - HikariPool-3 - Shutdown initiated...
2026-04-06 22:54:57 [Thread-11] INFO  com.zaxxer.hikari.HikariDataSource - HikariPool-3 - Shutdown completed.
2026-04-06 22:54:57 [restartedMain] INFO  c.e.carservice.CarServiceApplication - Starting CarServiceApplication using Java 25.0.2 with PID 30636 (D:\Java\carService\target\classes started by Dzmitry in D:\Java\carService)
2026-04-06 22:54:57 [restartedMain] DEBUG c.e.carservice.CarServiceApplication - Running with Spring Boot v3.5.6, Spring v6.2.11
2026-04-06 22:54:57 [restartedMain] INFO  c.e.carservice.CarServiceApplication - The following 1 profile is active: "local"
2026-04-06 22:54:57 [restartedMain] INFO  o.s.d.r.c.RepositoryConfigurationDelegate - Bootstrapping Spring Data JPA repositories in DEFAULT mode.
2026-04-06 22:54:57 [restartedMain] INFO  o.s.d.r.c.RepositoryConfigurationDelegate - Finished Spring Data repository scanning in 52 ms. Found 7 JPA repository interfaces.
2026-04-06 22:54:57 [restartedMain] INFO  o.s.b.w.e.tomcat.TomcatWebServer - Tomcat initialized with port 8080 (http)
2026-04-06 22:54:57 [restartedMain] INFO  o.a.coyote.http11.Http11NioProtocol - Initializing ProtocolHandler ["http-nio-8080"]
2026-04-06 22:54:57 [restartedMain] INFO  o.a.catalina.core.StandardService - Starting service [Tomcat]
2026-04-06 22:54:57 [restartedMain] INFO  o.a.catalina.core.StandardEngine - Starting Servlet engine: [Apache Tomcat/10.1.46]
2026-04-06 22:54:57 [restartedMain] INFO  o.a.c.c.C.[Tomcat].[localhost].[/] - Initializing Spring embedded WebApplicationContext
2026-04-06 22:54:57 [restartedMain] INFO  o.s.b.w.s.c.ServletWebServerApplicationContext - Root WebApplicationContext: initialization completed in 649 ms
2026-04-06 22:54:57 [restartedMain] INFO  o.h.jpa.internal.util.LogHelper - HHH000204: Processing PersistenceUnitInfo [name: default]
2026-04-06 22:54:57 [restartedMain] INFO  o.h.c.i.RegionFactoryInitiator - HHH000026: Second-level cache disabled
2026-04-06 22:54:57 [restartedMain] INFO  o.s.o.j.p.SpringPersistenceUnitInfo - No LoadTimeWeaver setup: ignoring JPA class transformer
2026-04-06 22:54:57 [restartedMain] INFO  com.zaxxer.hikari.HikariDataSource - HikariPool-4 - Starting...
2026-04-06 22:54:58 [restartedMain] INFO  com.zaxxer.hikari.pool.HikariPool - HikariPool-4 - Added connection org.postgresql.jdbc.PgConnection@70f73165
2026-04-06 22:54:58 [restartedMain] INFO  com.zaxxer.hikari.HikariDataSource - HikariPool-4 - Start completed.
2026-04-06 22:54:58 [restartedMain] INFO  o.hibernate.orm.connections.pooling - HHH10001005: Database info:
	Database JDBC URL [Connecting through datasource 'HikariDataSource (HikariPool-4)']
	Database driver: undefined/unknown
	Database version: 18.3
	Autocommit mode: undefined/unknown
	Isolation level: undefined/unknown
	Minimum pool size: undefined/unknown
	Maximum pool size: undefined/unknown
2026-04-06 22:54:58 [restartedMain] INFO  o.h.e.t.j.p.i.JtaPlatformInitiator - HHH000489: No JTA platform available (set 'hibernate.transaction.jta.platform' to enable JTA platform integration)
2026-04-06 22:54:58 [restartedMain] INFO  o.s.o.j.LocalContainerEntityManagerFactoryBean - Initialized JPA EntityManagerFactory for persistence unit 'default'
2026-04-06 22:54:58 [restartedMain] WARN  o.s.b.a.o.j.JpaBaseConfiguration$JpaWebConfiguration - spring.jpa.open-in-view is enabled by default. Therefore, database queries may be performed during view rendering. Explicitly configure spring.jpa.open-in-view to disable this warning
2026-04-06 22:54:59 [restartedMain] INFO  o.s.b.d.a.OptionalLiveReloadServer - LiveReload server is running on port 35729
2026-04-06 22:54:59 [restartedMain] INFO  o.a.coyote.http11.Http11NioProtocol - Starting ProtocolHandler ["http-nio-8080"]
2026-04-06 22:54:59 [restartedMain] INFO  o.s.b.w.e.tomcat.TomcatWebServer - Tomcat started on port 8080 (http) with context path '/'
2026-04-06 22:54:59 [restartedMain] INFO  c.e.carservice.CarServiceApplication - Started CarServiceApplication in 2.114 seconds (process running for 39097.501)
2026-04-06 22:54:59 [restartedMain] INFO  c.e.c.config.DataInitializer - === Создание клиентов ===
2026-04-06 22:54:59 [restartedMain] INFO  c.e.c.config.DataInitializer - === Создание машин ===
2026-04-06 22:54:59 [restartedMain] INFO  c.e.c.config.DataInitializer - === Создание механиков ===
2026-04-06 22:54:59 [restartedMain] INFO  c.e.c.config.DataInitializer - === Создание услуг ===
2026-04-06 22:54:59 [restartedMain] INFO  c.e.c.config.DataInitializer - === Создание запчастей ===
2026-04-06 22:54:59 [restartedMain] INFO  c.e.c.config.DataInitializer - === Создание заказов ===
2026-04-06 22:54:59 [restartedMain] INFO  c.e.c.config.DataInitializer - Клиентов: 4
2026-04-06 22:54:59 [restartedMain] INFO  c.e.c.config.DataInitializer - Машин: 5
2026-04-06 22:54:59 [restartedMain] INFO  c.e.c.config.DataInitializer - Механиков: 4
2026-04-06 22:54:59 [restartedMain] INFO  c.e.c.config.DataInitializer - Услуг: 5
2026-04-06 22:54:59 [restartedMain] INFO  c.e.c.config.DataInitializer - Запчастей: 5
2026-04-06 22:54:59 [restartedMain] INFO  c.e.c.config.DataInitializer - Заказов: 4
2026-04-06 22:54:59 [restartedMain] INFO  c.e.c.service.impl.OrderServiceImpl - === Без оптимизации (N+1) ===
2026-04-06 22:54:59 [restartedMain] INFO  c.e.c.service.impl.OrderServiceImpl - Загружено 4 заказов без оптимизации
2026-04-06 22:54:59 [restartedMain] DEBUG c.e.c.service.impl.OrderServiceImpl - Order 1: client Петров
2026-04-06 22:54:59 [restartedMain] DEBUG c.e.c.service.impl.OrderServiceImpl - Order 2: client Сидорова
2026-04-06 22:54:59 [restartedMain] DEBUG c.e.c.service.impl.OrderServiceImpl - Order 3: client Новикова
2026-04-06 22:54:59 [restartedMain] DEBUG c.e.c.service.impl.OrderServiceImpl - Order 4: client Петров
2026-04-06 22:54:59 [restartedMain] INFO  c.e.c.service.impl.OrderServiceImpl - === Конец N+1 ===
2026-04-06 22:54:59 [restartedMain] INFO  c.e.c.service.impl.OrderServiceImpl - === С оптимизацией (один запрос) ===
2026-04-06 22:54:59 [restartedMain] INFO  c.e.c.service.impl.OrderServiceImpl - Загружено 4 заказов с оптимизацией
2026-04-06 22:54:59 [restartedMain] DEBUG c.e.c.service.impl.OrderServiceImpl - Order 1: client Петров
2026-04-06 22:54:59 [restartedMain] DEBUG c.e.c.service.impl.OrderServiceImpl - Order 2: client Сидорова
2026-04-06 22:54:59 [restartedMain] DEBUG c.e.c.service.impl.OrderServiceImpl - Order 3: client Новикова
2026-04-06 22:54:59 [restartedMain] DEBUG c.e.c.service.impl.OrderServiceImpl - Order 4: client Петров
2026-04-06 22:54:59 [restartedMain] INFO  c.e.c.service.impl.OrderServiceImpl - === Конец оптимизации ===
2026-04-06 22:54:59 [restartedMain] INFO  c.e.c.aspect.ServiceLoggingAspect - Method OrderServiceImpl.demonstrateNplus1Problem() executed in 27 ms
2026-04-06 22:54:59 [restartedMain] INFO  c.e.c.config.DataInitializer - === Используем машину с ID: 1 ===
2026-04-06 22:54:59 [restartedMain] INFO  c.e.c.config.DataInitializer - 
=== ТЕСТ 1: Без @Transactional ===
2026-04-06 22:54:59 [restartedMain] INFO  c.e.c.service.impl.OrderServiceImpl - === СОХРАНЕНИЕ БЕЗ @Transactional ===
2026-04-06 22:54:59 [restartedMain] INFO  c.e.c.service.impl.OrderServiceImpl - 1. Заказ сохранён, ID: 5
2026-04-06 22:54:59 [restartedMain] INFO  c.e.c.service.impl.OrderServiceImpl - 2. Имитируем ошибку...
2026-04-06 22:54:59 [restartedMain] ERROR c.e.c.config.DataInitializer - Ошибка: Ошибка после частичного сохранения! Заказ остался в БД.
2026-04-06 22:54:59 [restartedMain] INFO  c.e.c.config.DataInitializer - 
=== ТЕСТ 2: С @Transactional ===
2026-04-06 22:54:59 [restartedMain] INFO  c.e.c.service.impl.OrderServiceImpl - === СОХРАНЕНИЕ С @Transactional ===
2026-04-06 22:54:59 [restartedMain] INFO  c.e.c.service.impl.OrderServiceImpl - 1. Заказ сохранён, ID: 6
2026-04-06 22:54:59 [restartedMain] INFO  c.e.c.service.impl.OrderServiceImpl - 2. Услуги добавлены
2026-04-06 22:54:59 [restartedMain] INFO  c.e.c.service.impl.OrderServiceImpl - 3. Имитируем ошибку...
2026-04-06 22:54:59 [restartedMain] ERROR c.e.c.config.DataInitializer - Ошибка: Ошибка! Всё должно откатиться.
2026-04-06 22:54:59 [restartedMain] INFO  o.s.b.d.a.ConditionEvaluationDeltaLoggingListener - Condition evaluation unchanged
2026-04-06 22:55:00 [File Watcher] INFO  o.s.b.d.a.LocalDevToolsAutoConfiguration$RestartingClassPathChangeChangedEventListener - Restarting due to 1 class path change (1 addition, 0 deletions, 0 modifications)
2026-04-06 22:55:00 [Thread-15] INFO  o.s.b.w.e.tomcat.GracefulShutdown - Commencing graceful shutdown. Waiting for active requests to complete
2026-04-06 22:55:00 [tomcat-shutdown] INFO  o.a.coyote.http11.Http11NioProtocol - Pausing ProtocolHandler ["http-nio-8080"]
2026-04-06 22:55:00 [tomcat-shutdown] INFO  o.s.b.w.e.tomcat.GracefulShutdown - Graceful shutdown complete
2026-04-06 22:55:00 [Thread-15] INFO  o.a.coyote.http11.Http11NioProtocol - Stopping ProtocolHandler ["http-nio-8080"]
2026-04-06 22:55:00 [Thread-15] INFO  o.s.o.j.LocalContainerEntityManagerFactoryBean - Closing JPA EntityManagerFactory for persistence unit 'default'
2026-04-06 22:55:00 [Thread-15] INFO  com.zaxxer.hikari.HikariDataSource - HikariPool-4 - Shutdown initiated...
2026-04-06 22:55:00 [Thread-15] INFO  com.zaxxer.hikari.HikariDataSource - HikariPool-4 - Shutdown completed.
2026-04-06 22:55:00 [restartedMain] INFO  c.e.carservice.CarServiceApplication - Starting CarServiceApplication using Java 25.0.2 with PID 30636 (D:\Java\carService\target\classes started by Dzmitry in D:\Java\carService)
2026-04-06 22:55:00 [restartedMain] DEBUG c.e.carservice.CarServiceApplication - Running with Spring Boot v3.5.6, Spring v6.2.11
2026-04-06 22:55:00 [restartedMain] INFO  c.e.carservice.CarServiceApplication - The following 1 profile is active: "local"
2026-04-06 22:55:01 [restartedMain] INFO  o.s.d.r.c.RepositoryConfigurationDelegate - Bootstrapping Spring Data JPA repositories in DEFAULT mode.
2026-04-06 22:55:01 [restartedMain] INFO  o.s.d.r.c.RepositoryConfigurationDelegate - Finished Spring Data repository scanning in 57 ms. Found 7 JPA repository interfaces.
2026-04-06 22:55:01 [restartedMain] INFO  o.s.b.w.e.tomcat.TomcatWebServer - Tomcat initialized with port 8080 (http)
2026-04-06 22:55:01 [restartedMain] INFO  o.a.coyote.http11.Http11NioProtocol - Initializing ProtocolHandler ["http-nio-8080"]
2026-04-06 22:55:01 [restartedMain] INFO  o.a.catalina.core.StandardService - Starting service [Tomcat]
2026-04-06 22:55:01 [restartedMain] INFO  o.a.catalina.core.StandardEngine - Starting Servlet engine: [Apache Tomcat/10.1.46]
2026-04-06 22:55:01 [restartedMain] INFO  o.a.c.c.C.[Tomcat].[localhost].[/] - Initializing Spring embedded WebApplicationContext
2026-04-06 22:55:01 [restartedMain] INFO  o.s.b.w.s.c.ServletWebServerApplicationContext - Root WebApplicationContext: initialization completed in 864 ms
2026-04-06 22:55:01 [restartedMain] INFO  o.h.jpa.internal.util.LogHelper - HHH000204: Processing PersistenceUnitInfo [name: default]
2026-04-06 22:55:01 [restartedMain] INFO  o.h.c.i.RegionFactoryInitiator - HHH000026: Second-level cache disabled
2026-04-06 22:55:01 [restartedMain] INFO  o.s.o.j.p.SpringPersistenceUnitInfo - No LoadTimeWeaver setup: ignoring JPA class transformer
2026-04-06 22:55:01 [restartedMain] INFO  com.zaxxer.hikari.HikariDataSource - HikariPool-5 - Starting...
2026-04-06 22:55:02 [restartedMain] INFO  com.zaxxer.hikari.pool.HikariPool - HikariPool-5 - Added connection org.postgresql.jdbc.PgConnection@7290906a
2026-04-06 22:55:02 [restartedMain] INFO  com.zaxxer.hikari.HikariDataSource - HikariPool-5 - Start completed.
2026-04-06 22:55:02 [restartedMain] INFO  o.hibernate.orm.connections.pooling - HHH10001005: Database info:
	Database JDBC URL [Connecting through datasource 'HikariDataSource (HikariPool-5)']
	Database driver: undefined/unknown
	Database version: 18.3
	Autocommit mode: undefined/unknown
	Isolation level: undefined/unknown
	Minimum pool size: undefined/unknown
	Maximum pool size: undefined/unknown
2026-04-06 22:55:02 [restartedMain] INFO  o.h.e.t.j.p.i.JtaPlatformInitiator - HHH000489: No JTA platform available (set 'hibernate.transaction.jta.platform' to enable JTA platform integration)
2026-04-06 22:55:02 [restartedMain] INFO  o.s.o.j.LocalContainerEntityManagerFactoryBean - Initialized JPA EntityManagerFactory for persistence unit 'default'
2026-04-06 22:55:03 [restartedMain] WARN  o.s.b.a.o.j.JpaBaseConfiguration$JpaWebConfiguration - spring.jpa.open-in-view is enabled by default. Therefore, database queries may be performed during view rendering. Explicitly configure spring.jpa.open-in-view to disable this warning
2026-04-06 22:55:03 [restartedMain] INFO  o.s.b.d.a.OptionalLiveReloadServer - LiveReload server is running on port 35729
2026-04-06 22:55:03 [restartedMain] INFO  o.a.coyote.http11.Http11NioProtocol - Starting ProtocolHandler ["http-nio-8080"]
2026-04-06 22:55:03 [restartedMain] INFO  o.s.b.w.e.tomcat.TomcatWebServer - Tomcat started on port 8080 (http) with context path '/'
2026-04-06 22:55:03 [restartedMain] INFO  c.e.carservice.CarServiceApplication - Started CarServiceApplication in 2.723 seconds (process running for 39101.838)
2026-04-06 22:55:03 [restartedMain] INFO  c.e.c.config.DataInitializer - === Создание клиентов ===
2026-04-06 22:55:03 [restartedMain] INFO  c.e.c.config.DataInitializer - === Создание машин ===
2026-04-06 22:55:03 [restartedMain] INFO  c.e.c.config.DataInitializer - === Создание механиков ===
2026-04-06 22:55:03 [restartedMain] INFO  c.e.c.config.DataInitializer - === Создание услуг ===
2026-04-06 22:55:03 [restartedMain] INFO  c.e.c.config.DataInitializer - === Создание запчастей ===
2026-04-06 22:55:03 [restartedMain] INFO  c.e.c.config.DataInitializer - === Создание заказов ===
2026-04-06 22:55:03 [restartedMain] INFO  c.e.c.config.DataInitializer - Клиентов: 4
2026-04-06 22:55:03 [restartedMain] INFO  c.e.c.config.DataInitializer - Машин: 5
2026-04-06 22:55:03 [restartedMain] INFO  c.e.c.config.DataInitializer - Механиков: 4
2026-04-06 22:55:03 [restartedMain] INFO  c.e.c.config.DataInitializer - Услуг: 5
2026-04-06 22:55:03 [restartedMain] INFO  c.e.c.config.DataInitializer - Запчастей: 5
2026-04-06 22:55:03 [restartedMain] INFO  c.e.c.config.DataInitializer - Заказов: 4
2026-04-06 22:55:03 [restartedMain] INFO  c.e.c.service.impl.OrderServiceImpl - === Без оптимизации (N+1) ===
2026-04-06 22:55:03 [restartedMain] INFO  c.e.c.service.impl.OrderServiceImpl - Загружено 4 заказов без оптимизации
2026-04-06 22:55:03 [restartedMain] DEBUG c.e.c.service.impl.OrderServiceImpl - Order 1: client Петров
2026-04-06 22:55:03 [restartedMain] DEBUG c.e.c.service.impl.OrderServiceImpl - Order 2: client Сидорова
2026-04-06 22:55:03 [restartedMain] DEBUG c.e.c.service.impl.OrderServiceImpl - Order 3: client Новикова
2026-04-06 22:55:03 [restartedMain] DEBUG c.e.c.service.impl.OrderServiceImpl - Order 4: client Петров
2026-04-06 22:55:03 [restartedMain] INFO  c.e.c.service.impl.OrderServiceImpl - === Конец N+1 ===
2026-04-06 22:55:03 [restartedMain] INFO  c.e.c.service.impl.OrderServiceImpl - === С оптимизацией (один запрос) ===
2026-04-06 22:55:03 [restartedMain] INFO  c.e.c.service.impl.OrderServiceImpl - Загружено 4 заказов с оптимизацией
2026-04-06 22:55:03 [restartedMain] DEBUG c.e.c.service.impl.OrderServiceImpl - Order 1: client Петров
2026-04-06 22:55:03 [restartedMain] DEBUG c.e.c.service.impl.OrderServiceImpl - Order 2: client Сидорова
2026-04-06 22:55:03 [restartedMain] DEBUG c.e.c.service.impl.OrderServiceImpl - Order 3: client Новикова
2026-04-06 22:55:03 [restartedMain] DEBUG c.e.c.service.impl.OrderServiceImpl - Order 4: client Петров
2026-04-06 22:55:03 [restartedMain] INFO  c.e.c.service.impl.OrderServiceImpl - === Конец оптимизации ===
2026-04-06 22:55:03 [restartedMain] INFO  c.e.c.aspect.ServiceLoggingAspect - Method OrderServiceImpl.demonstrateNplus1Problem() executed in 22 ms
2026-04-06 22:55:03 [restartedMain] INFO  c.e.c.config.DataInitializer - === Используем машину с ID: 1 ===
2026-04-06 22:55:03 [restartedMain] INFO  c.e.c.config.DataInitializer - 
=== ТЕСТ 1: Без @Transactional ===
2026-04-06 22:55:03 [restartedMain] INFO  c.e.c.service.impl.OrderServiceImpl - === СОХРАНЕНИЕ БЕЗ @Transactional ===
2026-04-06 22:55:03 [restartedMain] INFO  c.e.c.service.impl.OrderServiceImpl - 1. Заказ сохранён, ID: 5
2026-04-06 22:55:03 [restartedMain] INFO  c.e.c.service.impl.OrderServiceImpl - 2. Имитируем ошибку...
2026-04-06 22:55:03 [restartedMain] ERROR c.e.c.config.DataInitializer - Ошибка: Ошибка после частичного сохранения! Заказ остался в БД.
2026-04-06 22:55:03 [restartedMain] INFO  c.e.c.config.DataInitializer - 
=== ТЕСТ 2: С @Transactional ===
2026-04-06 22:55:03 [restartedMain] INFO  c.e.c.service.impl.OrderServiceImpl - === СОХРАНЕНИЕ С @Transactional ===
2026-04-06 22:55:03 [restartedMain] INFO  c.e.c.service.impl.OrderServiceImpl - 1. Заказ сохранён, ID: 6
2026-04-06 22:55:03 [restartedMain] INFO  c.e.c.service.impl.OrderServiceImpl - 2. Услуги добавлены
2026-04-06 22:55:03 [restartedMain] INFO  c.e.c.service.impl.OrderServiceImpl - 3. Имитируем ошибку...
2026-04-06 22:55:03 [restartedMain] ERROR c.e.c.config.DataInitializer - Ошибка: Ошибка! Всё должно откатиться.
2026-04-06 22:55:03 [restartedMain] INFO  o.s.b.d.a.ConditionEvaluationDeltaLoggingListener - Condition evaluation unchanged
2026-04-06 22:55:05 [File Watcher] INFO  o.s.b.d.a.LocalDevToolsAutoConfiguration$RestartingClassPathChangeChangedEventListener - Restarting due to 1 class path change (0 additions, 0 deletions, 1 modification)
2026-04-06 22:55:05 [Thread-19] INFO  o.s.b.w.e.tomcat.GracefulShutdown - Commencing graceful shutdown. Waiting for active requests to complete
2026-04-06 22:55:05 [tomcat-shutdown] INFO  o.a.coyote.http11.Http11NioProtocol - Pausing ProtocolHandler ["http-nio-8080"]
2026-04-06 22:55:05 [tomcat-shutdown] INFO  o.s.b.w.e.tomcat.GracefulShutdown - Graceful shutdown complete
2026-04-06 22:55:05 [Thread-19] INFO  o.a.coyote.http11.Http11NioProtocol - Stopping ProtocolHandler ["http-nio-8080"]
2026-04-06 22:55:05 [Thread-19] INFO  o.s.o.j.LocalContainerEntityManagerFactoryBean - Closing JPA EntityManagerFactory for persistence unit 'default'
2026-04-06 22:55:05 [Thread-19] INFO  com.zaxxer.hikari.HikariDataSource - HikariPool-5 - Shutdown initiated...
2026-04-06 22:55:05 [Thread-19] INFO  com.zaxxer.hikari.HikariDataSource - HikariPool-5 - Shutdown completed.
2026-04-06 22:55:05 [restartedMain] INFO  c.e.carservice.CarServiceApplication - Starting CarServiceApplication using Java 25.0.2 with PID 30636 (D:\Java\carService\target\classes started by Dzmitry in D:\Java\carService)
2026-04-06 22:55:05 [restartedMain] DEBUG c.e.carservice.CarServiceApplication - Running with Spring Boot v3.5.6, Spring v6.2.11
2026-04-06 22:55:05 [restartedMain] INFO  c.e.carservice.CarServiceApplication - The following 1 profile is active: "local"
2026-04-06 22:55:05 [restartedMain] INFO  o.s.d.r.c.RepositoryConfigurationDelegate - Bootstrapping Spring Data JPA repositories in DEFAULT mode.
2026-04-06 22:55:05 [restartedMain] INFO  o.s.d.r.c.RepositoryConfigurationDelegate - Finished Spring Data repository scanning in 40 ms. Found 7 JPA repository interfaces.
2026-04-06 22:55:05 [restartedMain] INFO  o.s.b.w.e.tomcat.TomcatWebServer - Tomcat initialized with port 8080 (http)
2026-04-06 22:55:05 [restartedMain] INFO  o.a.coyote.http11.Http11NioProtocol - Initializing ProtocolHandler ["http-nio-8080"]
2026-04-06 22:55:05 [restartedMain] INFO  o.a.catalina.core.StandardService - Starting service [Tomcat]
2026-04-06 22:55:05 [restartedMain] INFO  o.a.catalina.core.StandardEngine - Starting Servlet engine: [Apache Tomcat/10.1.46]
2026-04-06 22:55:05 [restartedMain] INFO  o.a.c.c.C.[Tomcat].[localhost].[/] - Initializing Spring embedded WebApplicationContext
2026-04-06 22:55:05 [restartedMain] INFO  o.s.b.w.s.c.ServletWebServerApplicationContext - Root WebApplicationContext: initialization completed in 504 ms
2026-04-06 22:55:05 [restartedMain] INFO  o.h.jpa.internal.util.LogHelper - HHH000204: Processing PersistenceUnitInfo [name: default]
2026-04-06 22:55:05 [restartedMain] INFO  o.h.c.i.RegionFactoryInitiator - HHH000026: Second-level cache disabled
2026-04-06 22:55:05 [restartedMain] INFO  o.s.o.j.p.SpringPersistenceUnitInfo - No LoadTimeWeaver setup: ignoring JPA class transformer
2026-04-06 22:55:05 [restartedMain] INFO  com.zaxxer.hikari.HikariDataSource - HikariPool-6 - Starting...
2026-04-06 22:55:05 [restartedMain] INFO  com.zaxxer.hikari.pool.HikariPool - HikariPool-6 - Added connection org.postgresql.jdbc.PgConnection@7b64b2e1
2026-04-06 22:55:05 [restartedMain] INFO  com.zaxxer.hikari.HikariDataSource - HikariPool-6 - Start completed.
2026-04-06 22:55:05 [restartedMain] INFO  o.hibernate.orm.connections.pooling - HHH10001005: Database info:
	Database JDBC URL [Connecting through datasource 'HikariDataSource (HikariPool-6)']
	Database driver: undefined/unknown
	Database version: 18.3
	Autocommit mode: undefined/unknown
	Isolation level: undefined/unknown
	Minimum pool size: undefined/unknown
	Maximum pool size: undefined/unknown
2026-04-06 22:55:06 [restartedMain] INFO  o.h.e.t.j.p.i.JtaPlatformInitiator - HHH000489: No JTA platform available (set 'hibernate.transaction.jta.platform' to enable JTA platform integration)
2026-04-06 22:55:06 [restartedMain] INFO  o.s.o.j.LocalContainerEntityManagerFactoryBean - Initialized JPA EntityManagerFactory for persistence unit 'default'
2026-04-06 22:55:06 [restartedMain] WARN  o.s.b.a.o.j.JpaBaseConfiguration$JpaWebConfiguration - spring.jpa.open-in-view is enabled by default. Therefore, database queries may be performed during view rendering. Explicitly configure spring.jpa.open-in-view to disable this warning
2026-04-06 22:55:06 [restartedMain] INFO  o.s.b.d.a.OptionalLiveReloadServer - LiveReload server is running on port 35729
2026-04-06 22:55:06 [restartedMain] INFO  o.a.coyote.http11.Http11NioProtocol - Starting ProtocolHandler ["http-nio-8080"]
2026-04-06 22:55:06 [restartedMain] INFO  o.s.b.w.e.tomcat.TomcatWebServer - Tomcat started on port 8080 (http) with context path '/'
2026-04-06 22:55:06 [restartedMain] INFO  c.e.carservice.CarServiceApplication - Started CarServiceApplication in 1.776 seconds (process running for 39105.131)
2026-04-06 22:55:06 [restartedMain] INFO  c.e.c.config.DataInitializer - === Создание клиентов ===
2026-04-06 22:55:06 [restartedMain] INFO  c.e.c.config.DataInitializer - === Создание машин ===
2026-04-06 22:55:06 [restartedMain] INFO  c.e.c.config.DataInitializer - === Создание механиков ===
2026-04-06 22:55:06 [restartedMain] INFO  c.e.c.config.DataInitializer - === Создание услуг ===
2026-04-06 22:55:07 [restartedMain] INFO  c.e.c.config.DataInitializer - === Создание запчастей ===
2026-04-06 22:55:07 [restartedMain] INFO  c.e.c.config.DataInitializer - === Создание заказов ===
2026-04-06 22:55:07 [restartedMain] INFO  c.e.c.config.DataInitializer - Клиентов: 4
2026-04-06 22:55:07 [restartedMain] INFO  c.e.c.config.DataInitializer - Машин: 5
2026-04-06 22:55:07 [restartedMain] INFO  c.e.c.config.DataInitializer - Механиков: 4
2026-04-06 22:55:07 [restartedMain] INFO  c.e.c.config.DataInitializer - Услуг: 5
2026-04-06 22:55:07 [restartedMain] INFO  c.e.c.config.DataInitializer - Запчастей: 5
2026-04-06 22:55:07 [restartedMain] INFO  c.e.c.config.DataInitializer - Заказов: 4
2026-04-06 22:55:07 [restartedMain] INFO  c.e.c.service.impl.OrderServiceImpl - === Без оптимизации (N+1) ===
2026-04-06 22:55:07 [restartedMain] INFO  c.e.c.service.impl.OrderServiceImpl - Загружено 4 заказов без оптимизации
2026-04-06 22:55:07 [restartedMain] DEBUG c.e.c.service.impl.OrderServiceImpl - Order 1: client Петров
2026-04-06 22:55:07 [restartedMain] DEBUG c.e.c.service.impl.OrderServiceImpl - Order 2: client Сидорова
2026-04-06 22:55:07 [restartedMain] DEBUG c.e.c.service.impl.OrderServiceImpl - Order 3: client Новикова
2026-04-06 22:55:07 [restartedMain] DEBUG c.e.c.service.impl.OrderServiceImpl - Order 4: client Петров
2026-04-06 22:55:07 [restartedMain] INFO  c.e.c.service.impl.OrderServiceImpl - === Конец N+1 ===
2026-04-06 22:55:07 [restartedMain] INFO  c.e.c.service.impl.OrderServiceImpl - === С оптимизацией (один запрос) ===
2026-04-06 22:55:07 [restartedMain] INFO  c.e.c.service.impl.OrderServiceImpl - Загружено 4 заказов с оптимизацией
2026-04-06 22:55:07 [restartedMain] DEBUG c.e.c.service.impl.OrderServiceImpl - Order 1: client Петров
2026-04-06 22:55:07 [restartedMain] DEBUG c.e.c.service.impl.OrderServiceImpl - Order 2: client Сидорова
2026-04-06 22:55:07 [restartedMain] DEBUG c.e.c.service.impl.OrderServiceImpl - Order 3: client Новикова
2026-04-06 22:55:07 [restartedMain] DEBUG c.e.c.service.impl.OrderServiceImpl - Order 4: client Петров
2026-04-06 22:55:07 [restartedMain] INFO  c.e.c.service.impl.OrderServiceImpl - === Конец оптимизации ===
2026-04-06 22:55:07 [restartedMain] INFO  c.e.c.aspect.ServiceLoggingAspect - Method OrderServiceImpl.demonstrateNplus1Problem() executed in 13 ms
2026-04-06 22:55:07 [restartedMain] INFO  c.e.c.config.DataInitializer - === Используем машину с ID: 1 ===
2026-04-06 22:55:07 [restartedMain] INFO  c.e.c.config.DataInitializer - 
=== ТЕСТ 1: Без @Transactional ===
2026-04-06 22:55:07 [restartedMain] INFO  c.e.c.service.impl.OrderServiceImpl - === СОХРАНЕНИЕ БЕЗ @Transactional ===
2026-04-06 22:55:07 [restartedMain] INFO  c.e.c.service.impl.OrderServiceImpl - 1. Заказ сохранён, ID: 5
2026-04-06 22:55:07 [restartedMain] INFO  c.e.c.service.impl.OrderServiceImpl - 2. Имитируем ошибку...
2026-04-06 22:55:07 [restartedMain] ERROR c.e.c.config.DataInitializer - Ошибка: Ошибка после частичного сохранения! Заказ остался в БД.
2026-04-06 22:55:07 [restartedMain] INFO  c.e.c.config.DataInitializer - 
=== ТЕСТ 2: С @Transactional ===
2026-04-06 22:55:07 [restartedMain] INFO  c.e.c.service.impl.OrderServiceImpl - === СОХРАНЕНИЕ С @Transactional ===
2026-04-06 22:55:07 [restartedMain] INFO  c.e.c.service.impl.OrderServiceImpl - 1. Заказ сохранён, ID: 6
2026-04-06 22:55:07 [restartedMain] INFO  c.e.c.service.impl.OrderServiceImpl - 2. Услуги добавлены
2026-04-06 22:55:07 [restartedMain] INFO  c.e.c.service.impl.OrderServiceImpl - 3. Имитируем ошибку...
2026-04-06 22:55:07 [restartedMain] ERROR c.e.c.config.DataInitializer - Ошибка: Ошибка! Всё должно откатиться.
2026-04-06 22:55:07 [restartedMain] INFO  o.s.b.d.a.ConditionEvaluationDeltaLoggingListener - Condition evaluation unchanged
2026-04-06 22:55:10 [File Watcher] INFO  o.s.b.d.a.LocalDevToolsAutoConfiguration$RestartingClassPathChangeChangedEventListener - Restarting due to 1 class path change (0 additions, 1 deletion, 0 modifications)
2026-04-06 22:55:10 [Thread-23] INFO  o.s.b.w.e.tomcat.GracefulShutdown - Commencing graceful shutdown. Waiting for active requests to complete
2026-04-06 22:55:10 [tomcat-shutdown] INFO  o.a.coyote.http11.Http11NioProtocol - Pausing ProtocolHandler ["http-nio-8080"]
2026-04-06 22:55:10 [tomcat-shutdown] INFO  o.s.b.w.e.tomcat.GracefulShutdown - Graceful shutdown complete
2026-04-06 22:55:10 [Thread-23] INFO  o.a.coyote.http11.Http11NioProtocol - Stopping ProtocolHandler ["http-nio-8080"]
2026-04-06 22:55:10 [Thread-23] INFO  o.s.o.j.LocalContainerEntityManagerFactoryBean - Closing JPA EntityManagerFactory for persistence unit 'default'
2026-04-06 22:55:10 [Thread-23] INFO  com.zaxxer.hikari.HikariDataSource - HikariPool-6 - Shutdown initiated...
2026-04-06 22:55:10 [Thread-23] INFO  com.zaxxer.hikari.HikariDataSource - HikariPool-6 - Shutdown completed.
2026-04-06 22:55:10 [restartedMain] INFO  c.e.carservice.CarServiceApplication - Starting CarServiceApplication using Java 25.0.2 with PID 30636 (D:\Java\carService\target\classes started by Dzmitry in D:\Java\carService)
2026-04-06 22:55:10 [restartedMain] DEBUG c.e.carservice.CarServiceApplication - Running with Spring Boot v3.5.6, Spring v6.2.11
2026-04-06 22:55:10 [restartedMain] INFO  c.e.carservice.CarServiceApplication - The following 1 profile is active: "local"
2026-04-06 22:55:10 [restartedMain] INFO  o.s.d.r.c.RepositoryConfigurationDelegate - Bootstrapping Spring Data JPA repositories in DEFAULT mode.
2026-04-06 22:55:10 [restartedMain] INFO  o.s.d.r.c.RepositoryConfigurationDelegate - Finished Spring Data repository scanning in 43 ms. Found 7 JPA repository interfaces.
2026-04-06 22:55:11 [restartedMain] INFO  o.s.b.w.e.tomcat.TomcatWebServer - Tomcat initialized with port 8080 (http)
2026-04-06 22:55:11 [restartedMain] INFO  o.a.coyote.http11.Http11NioProtocol - Initializing ProtocolHandler ["http-nio-8080"]
2026-04-06 22:55:11 [restartedMain] INFO  o.a.catalina.core.StandardService - Starting service [Tomcat]
2026-04-06 22:55:11 [restartedMain] INFO  o.a.catalina.core.StandardEngine - Starting Servlet engine: [Apache Tomcat/10.1.46]
2026-04-06 22:55:11 [restartedMain] INFO  o.a.c.c.C.[Tomcat].[localhost].[/] - Initializing Spring embedded WebApplicationContext
2026-04-06 22:55:11 [restartedMain] INFO  o.s.b.w.s.c.ServletWebServerApplicationContext - Root WebApplicationContext: initialization completed in 616 ms
2026-04-06 22:55:11 [restartedMain] INFO  o.h.jpa.internal.util.LogHelper - HHH000204: Processing PersistenceUnitInfo [name: default]
2026-04-06 22:55:11 [restartedMain] INFO  o.h.c.i.RegionFactoryInitiator - HHH000026: Second-level cache disabled
2026-04-06 22:55:11 [restartedMain] INFO  o.s.o.j.p.SpringPersistenceUnitInfo - No LoadTimeWeaver setup: ignoring JPA class transformer
2026-04-06 22:55:11 [restartedMain] INFO  com.zaxxer.hikari.HikariDataSource - HikariPool-7 - Starting...
2026-04-06 22:55:11 [restartedMain] INFO  com.zaxxer.hikari.pool.HikariPool - HikariPool-7 - Added connection org.postgresql.jdbc.PgConnection@51ed87da
2026-04-06 22:55:11 [restartedMain] INFO  com.zaxxer.hikari.HikariDataSource - HikariPool-7 - Start completed.
2026-04-06 22:55:11 [restartedMain] INFO  o.hibernate.orm.connections.pooling - HHH10001005: Database info:
	Database JDBC URL [Connecting through datasource 'HikariDataSource (HikariPool-7)']
	Database driver: undefined/unknown
	Database version: 18.3
	Autocommit mode: undefined/unknown
	Isolation level: undefined/unknown
	Minimum pool size: undefined/unknown
	Maximum pool size: undefined/unknown
2026-04-06 22:55:11 [restartedMain] INFO  o.h.e.t.j.p.i.JtaPlatformInitiator - HHH000489: No JTA platform available (set 'hibernate.transaction.jta.platform' to enable JTA platform integration)
2026-04-06 22:55:11 [restartedMain] INFO  o.s.o.j.LocalContainerEntityManagerFactoryBean - Initialized JPA EntityManagerFactory for persistence unit 'default'
2026-04-06 22:55:12 [restartedMain] WARN  o.s.b.a.o.j.JpaBaseConfiguration$JpaWebConfiguration - spring.jpa.open-in-view is enabled by default. Therefore, database queries may be performed during view rendering. Explicitly configure spring.jpa.open-in-view to disable this warning
2026-04-06 22:55:12 [restartedMain] INFO  o.s.b.d.a.OptionalLiveReloadServer - LiveReload server is running on port 35729
2026-04-06 22:55:12 [restartedMain] INFO  o.a.coyote.http11.Http11NioProtocol - Starting ProtocolHandler ["http-nio-8080"]
2026-04-06 22:55:12 [restartedMain] INFO  o.s.b.w.e.tomcat.TomcatWebServer - Tomcat started on port 8080 (http) with context path '/'
2026-04-06 22:55:12 [restartedMain] INFO  c.e.carservice.CarServiceApplication - Started CarServiceApplication in 2.032 seconds (process running for 39110.772)
2026-04-06 22:55:12 [restartedMain] INFO  c.e.c.config.DataInitializer - === Создание клиентов ===
2026-04-06 22:55:12 [restartedMain] INFO  c.e.c.config.DataInitializer - === Создание машин ===
2026-04-06 22:55:12 [restartedMain] INFO  c.e.c.config.DataInitializer - === Создание механиков ===
2026-04-06 22:55:12 [restartedMain] INFO  c.e.c.config.DataInitializer - === Создание услуг ===
2026-04-06 22:55:12 [restartedMain] INFO  c.e.c.config.DataInitializer - === Создание запчастей ===
2026-04-06 22:55:12 [restartedMain] INFO  c.e.c.config.DataInitializer - === Создание заказов ===
2026-04-06 22:55:12 [restartedMain] INFO  c.e.c.config.DataInitializer - Клиентов: 4
2026-04-06 22:55:12 [restartedMain] INFO  c.e.c.config.DataInitializer - Машин: 5
2026-04-06 22:55:12 [restartedMain] INFO  c.e.c.config.DataInitializer - Механиков: 4
2026-04-06 22:55:12 [restartedMain] INFO  c.e.c.config.DataInitializer - Услуг: 5
2026-04-06 22:55:12 [restartedMain] INFO  c.e.c.config.DataInitializer - Запчастей: 5
2026-04-06 22:55:12 [restartedMain] INFO  c.e.c.config.DataInitializer - Заказов: 4
2026-04-06 22:55:12 [restartedMain] INFO  c.e.c.service.impl.OrderServiceImpl - === Без оптимизации (N+1) ===
2026-04-06 22:55:12 [restartedMain] INFO  c.e.c.service.impl.OrderServiceImpl - Загружено 4 заказов без оптимизации
2026-04-06 22:55:12 [restartedMain] DEBUG c.e.c.service.impl.OrderServiceImpl - Order 1: client Петров
2026-04-06 22:55:12 [restartedMain] DEBUG c.e.c.service.impl.OrderServiceImpl - Order 2: client Сидорова
2026-04-06 22:55:12 [restartedMain] DEBUG c.e.c.service.impl.OrderServiceImpl - Order 3: client Новикова
2026-04-06 22:55:12 [restartedMain] DEBUG c.e.c.service.impl.OrderServiceImpl - Order 4: client Петров
2026-04-06 22:55:12 [restartedMain] INFO  c.e.c.service.impl.OrderServiceImpl - === Конец N+1 ===
2026-04-06 22:55:12 [restartedMain] INFO  c.e.c.service.impl.OrderServiceImpl - === С оптимизацией (один запрос) ===
2026-04-06 22:55:12 [restartedMain] INFO  c.e.c.service.impl.OrderServiceImpl - Загружено 4 заказов с оптимизацией
2026-04-06 22:55:12 [restartedMain] DEBUG c.e.c.service.impl.OrderServiceImpl - Order 1: client Петров
2026-04-06 22:55:12 [restartedMain] DEBUG c.e.c.service.impl.OrderServiceImpl - Order 2: client Сидорова
2026-04-06 22:55:12 [restartedMain] DEBUG c.e.c.service.impl.OrderServiceImpl - Order 3: client Новикова
2026-04-06 22:55:12 [restartedMain] DEBUG c.e.c.service.impl.OrderServiceImpl - Order 4: client Петров
2026-04-06 22:55:12 [restartedMain] INFO  c.e.c.service.impl.OrderServiceImpl - === Конец оптимизации ===
2026-04-06 22:55:12 [restartedMain] INFO  c.e.c.aspect.ServiceLoggingAspect - Method OrderServiceImpl.demonstrateNplus1Problem() executed in 13 ms
2026-04-06 22:55:12 [restartedMain] INFO  c.e.c.config.DataInitializer - === Используем машину с ID: 1 ===
2026-04-06 22:55:12 [restartedMain] INFO  c.e.c.config.DataInitializer - 
=== ТЕСТ 1: Без @Transactional ===
2026-04-06 22:55:12 [restartedMain] INFO  c.e.c.service.impl.OrderServiceImpl - === СОХРАНЕНИЕ БЕЗ @Transactional ===
2026-04-06 22:55:12 [restartedMain] INFO  c.e.c.service.impl.OrderServiceImpl - 1. Заказ сохранён, ID: 5
2026-04-06 22:55:12 [restartedMain] INFO  c.e.c.service.impl.OrderServiceImpl - 2. Имитируем ошибку...
2026-04-06 22:55:12 [restartedMain] ERROR c.e.c.config.DataInitializer - Ошибка: Ошибка после частичного сохранения! Заказ остался в БД.
2026-04-06 22:55:12 [restartedMain] INFO  c.e.c.config.DataInitializer - 
=== ТЕСТ 2: С @Transactional ===
2026-04-06 22:55:12 [restartedMain] INFO  c.e.c.service.impl.OrderServiceImpl - === СОХРАНЕНИЕ С @Transactional ===
2026-04-06 22:55:12 [restartedMain] INFO  c.e.c.service.impl.OrderServiceImpl - 1. Заказ сохранён, ID: 6
2026-04-06 22:55:12 [restartedMain] INFO  c.e.c.service.impl.OrderServiceImpl - 2. Услуги добавлены
2026-04-06 22:55:12 [restartedMain] INFO  c.e.c.service.impl.OrderServiceImpl - 3. Имитируем ошибку...
2026-04-06 22:55:12 [restartedMain] ERROR c.e.c.config.DataInitializer - Ошибка: Ошибка! Всё должно откатиться.
2026-04-06 22:55:12 [restartedMain] INFO  o.s.b.d.a.ConditionEvaluationDeltaLoggingListener - Condition evaluation unchanged
2026-04-06 22:55:13 [File Watcher] INFO  o.s.b.d.a.LocalDevToolsAutoConfiguration$RestartingClassPathChangeChangedEventListener - Restarting due to 1 class path change (1 addition, 0 deletions, 0 modifications)
2026-04-06 22:55:13 [Thread-27] INFO  o.s.b.w.e.tomcat.GracefulShutdown - Commencing graceful shutdown. Waiting for active requests to complete
2026-04-06 22:55:13 [tomcat-shutdown] INFO  o.a.coyote.http11.Http11NioProtocol - Pausing ProtocolHandler ["http-nio-8080"]
2026-04-06 22:55:13 [tomcat-shutdown] INFO  o.s.b.w.e.tomcat.GracefulShutdown - Graceful shutdown complete
2026-04-06 22:55:13 [Thread-27] INFO  o.a.coyote.http11.Http11NioProtocol - Stopping ProtocolHandler ["http-nio-8080"]
2026-04-06 22:55:13 [Thread-27] INFO  o.s.o.j.LocalContainerEntityManagerFactoryBean - Closing JPA EntityManagerFactory for persistence unit 'default'
2026-04-06 22:55:14 [Thread-27] INFO  com.zaxxer.hikari.HikariDataSource - HikariPool-7 - Shutdown initiated...
2026-04-06 22:55:14 [Thread-27] INFO  com.zaxxer.hikari.HikariDataSource - HikariPool-7 - Shutdown completed.
2026-04-06 22:55:14 [restartedMain] INFO  c.e.carservice.CarServiceApplication - Starting CarServiceApplication using Java 25.0.2 with PID 30636 (D:\Java\carService\target\classes started by Dzmitry in D:\Java\carService)
2026-04-06 22:55:14 [restartedMain] DEBUG c.e.carservice.CarServiceApplication - Running with Spring Boot v3.5.6, Spring v6.2.11
2026-04-06 22:55:14 [restartedMain] INFO  c.e.carservice.CarServiceApplication - The following 1 profile is active: "local"
2026-04-06 22:55:14 [restartedMain] INFO  o.s.d.r.c.RepositoryConfigurationDelegate - Bootstrapping Spring Data JPA repositories in DEFAULT mode.
2026-04-06 22:55:14 [restartedMain] INFO  o.s.d.r.c.RepositoryConfigurationDelegate - Finished Spring Data repository scanning in 36 ms. Found 7 JPA repository interfaces.
2026-04-06 22:55:14 [restartedMain] INFO  o.s.b.w.e.tomcat.TomcatWebServer - Tomcat initialized with port 8080 (http)
2026-04-06 22:55:14 [restartedMain] INFO  o.a.coyote.http11.Http11NioProtocol - Initializing ProtocolHandler ["http-nio-8080"]
2026-04-06 22:55:14 [restartedMain] INFO  o.a.catalina.core.StandardService - Starting service [Tomcat]
2026-04-06 22:55:14 [restartedMain] INFO  o.a.catalina.core.StandardEngine - Starting Servlet engine: [Apache Tomcat/10.1.46]
2026-04-06 22:55:14 [restartedMain] INFO  o.a.c.c.C.[Tomcat].[localhost].[/] - Initializing Spring embedded WebApplicationContext
2026-04-06 22:55:14 [restartedMain] INFO  o.s.b.w.s.c.ServletWebServerApplicationContext - Root WebApplicationContext: initialization completed in 408 ms
2026-04-06 22:55:14 [restartedMain] INFO  o.h.jpa.internal.util.LogHelper - HHH000204: Processing PersistenceUnitInfo [name: default]
2026-04-06 22:55:14 [restartedMain] INFO  o.h.c.i.RegionFactoryInitiator - HHH000026: Second-level cache disabled
2026-04-06 22:55:14 [restartedMain] INFO  o.s.o.j.p.SpringPersistenceUnitInfo - No LoadTimeWeaver setup: ignoring JPA class transformer
2026-04-06 22:55:14 [restartedMain] INFO  com.zaxxer.hikari.HikariDataSource - HikariPool-8 - Starting...
2026-04-06 22:55:14 [restartedMain] INFO  com.zaxxer.hikari.pool.HikariPool - HikariPool-8 - Added connection org.postgresql.jdbc.PgConnection@5aa75846
2026-04-06 22:55:14 [restartedMain] INFO  com.zaxxer.hikari.HikariDataSource - HikariPool-8 - Start completed.
2026-04-06 22:55:14 [restartedMain] INFO  o.hibernate.orm.connections.pooling - HHH10001005: Database info:
	Database JDBC URL [Connecting through datasource 'HikariDataSource (HikariPool-8)']
	Database driver: undefined/unknown
	Database version: 18.3
	Autocommit mode: undefined/unknown
	Isolation level: undefined/unknown
	Minimum pool size: undefined/unknown
	Maximum pool size: undefined/unknown
2026-04-06 22:55:14 [restartedMain] INFO  o.h.e.t.j.p.i.JtaPlatformInitiator - HHH000489: No JTA platform available (set 'hibernate.transaction.jta.platform' to enable JTA platform integration)
2026-04-06 22:55:14 [restartedMain] INFO  o.s.o.j.LocalContainerEntityManagerFactoryBean - Initialized JPA EntityManagerFactory for persistence unit 'default'
2026-04-06 22:55:15 [restartedMain] WARN  o.s.b.a.o.j.JpaBaseConfiguration$JpaWebConfiguration - spring.jpa.open-in-view is enabled by default. Therefore, database queries may be performed during view rendering. Explicitly configure spring.jpa.open-in-view to disable this warning
2026-04-06 22:55:15 [restartedMain] INFO  o.s.b.d.a.OptionalLiveReloadServer - LiveReload server is running on port 35729
2026-04-06 22:55:15 [restartedMain] INFO  o.a.coyote.http11.Http11NioProtocol - Starting ProtocolHandler ["http-nio-8080"]
2026-04-06 22:55:15 [restartedMain] INFO  o.s.b.w.e.tomcat.TomcatWebServer - Tomcat started on port 8080 (http) with context path '/'
2026-04-06 22:55:15 [restartedMain] INFO  c.e.carservice.CarServiceApplication - Started CarServiceApplication in 1.13 seconds (process running for 39113.43)
2026-04-06 22:55:15 [restartedMain] INFO  c.e.c.config.DataInitializer - === Создание клиентов ===
2026-04-06 22:55:15 [restartedMain] INFO  c.e.c.config.DataInitializer - === Создание машин ===
2026-04-06 22:55:15 [restartedMain] INFO  c.e.c.config.DataInitializer - === Создание механиков ===
2026-04-06 22:55:15 [restartedMain] INFO  c.e.c.config.DataInitializer - === Создание услуг ===
2026-04-06 22:55:15 [restartedMain] INFO  c.e.c.config.DataInitializer - === Создание запчастей ===
2026-04-06 22:55:15 [restartedMain] INFO  c.e.c.config.DataInitializer - === Создание заказов ===
2026-04-06 22:55:15 [restartedMain] INFO  c.e.c.config.DataInitializer - Клиентов: 4
2026-04-06 22:55:15 [restartedMain] INFO  c.e.c.config.DataInitializer - Машин: 5
2026-04-06 22:55:15 [restartedMain] INFO  c.e.c.config.DataInitializer - Механиков: 4
2026-04-06 22:55:15 [restartedMain] INFO  c.e.c.config.DataInitializer - Услуг: 5
2026-04-06 22:55:15 [restartedMain] INFO  c.e.c.config.DataInitializer - Запчастей: 5
2026-04-06 22:55:15 [restartedMain] INFO  c.e.c.config.DataInitializer - Заказов: 4
2026-04-06 22:55:15 [restartedMain] INFO  c.e.c.service.impl.OrderServiceImpl - === Без оптимизации (N+1) ===
2026-04-06 22:55:15 [restartedMain] INFO  c.e.c.service.impl.OrderServiceImpl - Загружено 4 заказов без оптимизации
2026-04-06 22:55:15 [restartedMain] DEBUG c.e.c.service.impl.OrderServiceImpl - Order 1: client Петров
2026-04-06 22:55:15 [restartedMain] DEBUG c.e.c.service.impl.OrderServiceImpl - Order 2: client Сидорова
2026-04-06 22:55:15 [restartedMain] DEBUG c.e.c.service.impl.OrderServiceImpl - Order 3: client Новикова
2026-04-06 22:55:15 [restartedMain] DEBUG c.e.c.service.impl.OrderServiceImpl - Order 4: client Петров
2026-04-06 22:55:15 [restartedMain] INFO  c.e.c.service.impl.OrderServiceImpl - === Конец N+1 ===
2026-04-06 22:55:15 [restartedMain] INFO  c.e.c.service.impl.OrderServiceImpl - === С оптимизацией (один запрос) ===
2026-04-06 22:55:15 [restartedMain] INFO  c.e.c.service.impl.OrderServiceImpl - Загружено 4 заказов с оптимизацией
2026-04-06 22:55:15 [restartedMain] DEBUG c.e.c.service.impl.OrderServiceImpl - Order 1: client Петров
2026-04-06 22:55:15 [restartedMain] DEBUG c.e.c.service.impl.OrderServiceImpl - Order 2: client Сидорова
2026-04-06 22:55:15 [restartedMain] DEBUG c.e.c.service.impl.OrderServiceImpl - Order 3: client Новикова
2026-04-06 22:55:15 [restartedMain] DEBUG c.e.c.service.impl.OrderServiceImpl - Order 4: client Петров
2026-04-06 22:55:15 [restartedMain] INFO  c.e.c.service.impl.OrderServiceImpl - === Конец оптимизации ===
2026-04-06 22:55:15 [restartedMain] INFO  c.e.c.aspect.ServiceLoggingAspect - Method OrderServiceImpl.demonstrateNplus1Problem() executed in 11 ms
2026-04-06 22:55:15 [restartedMain] INFO  c.e.c.config.DataInitializer - === Используем машину с ID: 1 ===
2026-04-06 22:55:15 [restartedMain] INFO  c.e.c.config.DataInitializer - 
=== ТЕСТ 1: Без @Transactional ===
2026-04-06 22:55:15 [restartedMain] INFO  c.e.c.service.impl.OrderServiceImpl - === СОХРАНЕНИЕ БЕЗ @Transactional ===
2026-04-06 22:55:15 [restartedMain] INFO  c.e.c.service.impl.OrderServiceImpl - 1. Заказ сохранён, ID: 5
2026-04-06 22:55:15 [restartedMain] INFO  c.e.c.service.impl.OrderServiceImpl - 2. Имитируем ошибку...
2026-04-06 22:55:15 [restartedMain] ERROR c.e.c.config.DataInitializer - Ошибка: Ошибка после частичного сохранения! Заказ остался в БД.
2026-04-06 22:55:15 [restartedMain] INFO  c.e.c.config.DataInitializer - 
=== ТЕСТ 2: С @Transactional ===
2026-04-06 22:55:15 [restartedMain] INFO  c.e.c.service.impl.OrderServiceImpl - === СОХРАНЕНИЕ С @Transactional ===
2026-04-06 22:55:15 [restartedMain] INFO  c.e.c.service.impl.OrderServiceImpl - 1. Заказ сохранён, ID: 6
2026-04-06 22:55:15 [restartedMain] INFO  c.e.c.service.impl.OrderServiceImpl - 2. Услуги добавлены
2026-04-06 22:55:15 [restartedMain] INFO  c.e.c.service.impl.OrderServiceImpl - 3. Имитируем ошибку...
2026-04-06 22:55:15 [restartedMain] ERROR c.e.c.config.DataInitializer - Ошибка: Ошибка! Всё должно откатиться.
2026-04-06 22:55:15 [restartedMain] INFO  o.s.b.d.a.ConditionEvaluationDeltaLoggingListener - Condition evaluation unchanged
2026-04-06 22:55:17 [SpringApplicationShutdownHook] INFO  o.s.b.w.e.tomcat.GracefulShutdown - Commencing graceful shutdown. Waiting for active requests to complete
2026-04-06 22:55:17 [tomcat-shutdown] INFO  o.s.b.w.e.tomcat.GracefulShutdown - Graceful shutdown complete
2026-04-06 22:55:17 [SpringApplicationShutdownHook] INFO  o.s.o.j.LocalContainerEntityManagerFactoryBean - Closing JPA EntityManagerFactory for persistence unit 'default'
2026-04-06 22:55:17 [SpringApplicationShutdownHook] INFO  com.zaxxer.hikari.HikariDataSource - HikariPool-8 - Shutdown initiated...
2026-04-06 22:55:17 [SpringApplicationShutdownHook] INFO  com.zaxxer.hikari.HikariDataSource - HikariPool-8 - Shutdown completed.
2026-04-06 22:55:21 [background-preinit] INFO  o.h.validator.internal.util.Version - HV000001: Hibernate Validator 8.0.3.Final
2026-04-06 22:55:21 [restartedMain] INFO  c.e.carservice.CarServiceApplication - Starting CarServiceApplication using Java 25.0.2 with PID 26744 (D:\Java\carService\target\classes started by Dzmitry in D:\Java\carService)
2026-04-06 22:55:21 [restartedMain] DEBUG c.e.carservice.CarServiceApplication - Running with Spring Boot v3.5.6, Spring v6.2.11
2026-04-06 22:55:21 [restartedMain] INFO  c.e.carservice.CarServiceApplication - The following 1 profile is active: "local"
2026-04-06 22:55:22 [restartedMain] INFO  o.s.b.d.e.DevToolsPropertyDefaultsPostProcessor - Devtools property defaults active! Set 'spring.devtools.add-properties' to 'false' to disable
2026-04-06 22:55:22 [restartedMain] INFO  o.s.b.d.e.DevToolsPropertyDefaultsPostProcessor - For additional web related logging consider setting the 'logging.level.web' property to 'DEBUG'
2026-04-06 22:55:22 [restartedMain] INFO  o.s.d.r.c.RepositoryConfigurationDelegate - Bootstrapping Spring Data JPA repositories in DEFAULT mode.
2026-04-06 22:55:22 [restartedMain] INFO  o.s.d.r.c.RepositoryConfigurationDelegate - Finished Spring Data repository scanning in 55 ms. Found 7 JPA repository interfaces.
2026-04-06 22:55:23 [restartedMain] INFO  o.s.b.w.e.tomcat.TomcatWebServer - Tomcat initialized with port 8080 (http)
2026-04-06 22:55:23 [restartedMain] INFO  o.a.coyote.http11.Http11NioProtocol - Initializing ProtocolHandler ["http-nio-8080"]
2026-04-06 22:55:23 [restartedMain] INFO  o.a.catalina.core.StandardService - Starting service [Tomcat]
2026-04-06 22:55:23 [restartedMain] INFO  o.a.catalina.core.StandardEngine - Starting Servlet engine: [Apache Tomcat/10.1.46]
2026-04-06 22:55:23 [restartedMain] INFO  o.a.c.c.C.[Tomcat].[localhost].[/] - Initializing Spring embedded WebApplicationContext
2026-04-06 22:55:23 [restartedMain] INFO  o.s.b.w.s.c.ServletWebServerApplicationContext - Root WebApplicationContext: initialization completed in 1289 ms
2026-04-06 22:55:23 [restartedMain] INFO  o.h.jpa.internal.util.LogHelper - HHH000204: Processing PersistenceUnitInfo [name: default]
2026-04-06 22:55:23 [restartedMain] INFO  org.hibernate.Version - HHH000412: Hibernate ORM core version 6.6.29.Final
2026-04-06 22:55:23 [restartedMain] INFO  o.h.c.i.RegionFactoryInitiator - HHH000026: Second-level cache disabled
2026-04-06 22:55:23 [restartedMain] INFO  o.s.o.j.p.SpringPersistenceUnitInfo - No LoadTimeWeaver setup: ignoring JPA class transformer
2026-04-06 22:55:23 [restartedMain] INFO  com.zaxxer.hikari.HikariDataSource - HikariPool-1 - Starting...
2026-04-06 22:55:23 [restartedMain] INFO  com.zaxxer.hikari.pool.HikariPool - HikariPool-1 - Added connection org.postgresql.jdbc.PgConnection@6e61fe1e
2026-04-06 22:55:23 [restartedMain] INFO  com.zaxxer.hikari.HikariDataSource - HikariPool-1 - Start completed.
2026-04-06 22:55:24 [restartedMain] INFO  o.hibernate.orm.connections.pooling - HHH10001005: Database info:
	Database JDBC URL [Connecting through datasource 'HikariDataSource (HikariPool-1)']
	Database driver: undefined/unknown
	Database version: 18.3
	Autocommit mode: undefined/unknown
	Isolation level: undefined/unknown
	Minimum pool size: undefined/unknown
	Maximum pool size: undefined/unknown
2026-04-06 22:55:24 [restartedMain] INFO  o.h.e.t.j.p.i.JtaPlatformInitiator - HHH000489: No JTA platform available (set 'hibernate.transaction.jta.platform' to enable JTA platform integration)
2026-04-06 22:55:25 [restartedMain] INFO  o.s.o.j.LocalContainerEntityManagerFactoryBean - Initialized JPA EntityManagerFactory for persistence unit 'default'
2026-04-06 22:55:25 [restartedMain] INFO  o.s.d.j.r.query.QueryEnhancerFactory - Hibernate is in classpath; If applicable, HQL parser will be used.
2026-04-06 22:55:26 [restartedMain] WARN  o.s.b.a.o.j.JpaBaseConfiguration$JpaWebConfiguration - spring.jpa.open-in-view is enabled by default. Therefore, database queries may be performed during view rendering. Explicitly configure spring.jpa.open-in-view to disable this warning
2026-04-06 22:55:27 [restartedMain] INFO  o.s.b.d.a.OptionalLiveReloadServer - LiveReload server is running on port 35729
2026-04-06 22:55:27 [restartedMain] INFO  o.a.coyote.http11.Http11NioProtocol - Starting ProtocolHandler ["http-nio-8080"]
2026-04-06 22:55:27 [restartedMain] INFO  o.s.b.w.e.tomcat.TomcatWebServer - Tomcat started on port 8080 (http) with context path '/'
2026-04-06 22:55:27 [restartedMain] INFO  c.e.carservice.CarServiceApplication - Started CarServiceApplication in 5.736 seconds (process running for 6.5)
2026-04-06 22:55:27 [restartedMain] INFO  c.e.c.config.DataInitializer - === Создание клиентов ===
2026-04-06 22:55:27 [restartedMain] INFO  c.e.c.config.DataInitializer - === Создание машин ===
2026-04-06 22:55:27 [restartedMain] INFO  c.e.c.config.DataInitializer - === Создание механиков ===
2026-04-06 22:55:27 [restartedMain] INFO  c.e.c.config.DataInitializer - === Создание услуг ===
2026-04-06 22:55:27 [restartedMain] INFO  c.e.c.config.DataInitializer - === Создание запчастей ===
2026-04-06 22:55:27 [restartedMain] INFO  c.e.c.config.DataInitializer - === Создание заказов ===
2026-04-06 22:55:27 [restartedMain] INFO  c.e.c.config.DataInitializer - Клиентов: 4
2026-04-06 22:55:27 [restartedMain] INFO  c.e.c.config.DataInitializer - Машин: 5
2026-04-06 22:55:27 [restartedMain] INFO  c.e.c.config.DataInitializer - Механиков: 4
2026-04-06 22:55:27 [restartedMain] INFO  c.e.c.config.DataInitializer - Услуг: 5
2026-04-06 22:55:27 [restartedMain] INFO  c.e.c.config.DataInitializer - Запчастей: 5
2026-04-06 22:55:27 [restartedMain] INFO  c.e.c.config.DataInitializer - Заказов: 4
2026-04-06 22:55:27 [restartedMain] INFO  c.e.c.service.impl.OrderServiceImpl - === Без оптимизации (N+1) ===
2026-04-06 22:55:27 [restartedMain] INFO  c.e.c.service.impl.OrderServiceImpl - Загружено 4 заказов без оптимизации
2026-04-06 22:55:27 [restartedMain] DEBUG c.e.c.service.impl.OrderServiceImpl - Order 1: client Петров
2026-04-06 22:55:27 [restartedMain] DEBUG c.e.c.service.impl.OrderServiceImpl - Order 2: client Сидорова
2026-04-06 22:55:27 [restartedMain] DEBUG c.e.c.service.impl.OrderServiceImpl - Order 3: client Новикова
2026-04-06 22:55:27 [restartedMain] DEBUG c.e.c.service.impl.OrderServiceImpl - Order 4: client Петров
2026-04-06 22:55:27 [restartedMain] INFO  c.e.c.service.impl.OrderServiceImpl - === Конец N+1 ===
2026-04-06 22:55:27 [restartedMain] INFO  c.e.c.service.impl.OrderServiceImpl - === С оптимизацией (один запрос) ===
2026-04-06 22:55:27 [restartedMain] INFO  c.e.c.service.impl.OrderServiceImpl - Загружено 4 заказов с оптимизацией
2026-04-06 22:55:27 [restartedMain] DEBUG c.e.c.service.impl.OrderServiceImpl - Order 1: client Петров
2026-04-06 22:55:27 [restartedMain] DEBUG c.e.c.service.impl.OrderServiceImpl - Order 2: client Сидорова
2026-04-06 22:55:27 [restartedMain] DEBUG c.e.c.service.impl.OrderServiceImpl - Order 3: client Новикова
2026-04-06 22:55:27 [restartedMain] DEBUG c.e.c.service.impl.OrderServiceImpl - Order 4: client Петров
2026-04-06 22:55:27 [restartedMain] INFO  c.e.c.service.impl.OrderServiceImpl - === Конец оптимизации ===
2026-04-06 22:55:27 [restartedMain] INFO  c.e.c.aspect.ServiceLoggingAspect - Method OrderServiceImpl.demonstrateNplus1Problem() executed in 44 ms
2026-04-06 22:55:27 [restartedMain] INFO  c.e.c.config.DataInitializer - === Используем машину с ID: 1 ===
2026-04-06 22:55:27 [restartedMain] INFO  c.e.c.config.DataInitializer - 
=== ТЕСТ 1: Без @Transactional ===
2026-04-06 22:55:27 [restartedMain] INFO  c.e.c.service.impl.OrderServiceImpl - === СОХРАНЕНИЕ БЕЗ @Transactional ===
2026-04-06 22:55:27 [restartedMain] INFO  c.e.c.service.impl.OrderServiceImpl - 1. Заказ сохранён, ID: 5
2026-04-06 22:55:27 [restartedMain] INFO  c.e.c.service.impl.OrderServiceImpl - 2. Имитируем ошибку...
2026-04-06 22:55:27 [restartedMain] ERROR c.e.c.config.DataInitializer - Ошибка: Ошибка после частичного сохранения! Заказ остался в БД.
2026-04-06 22:55:27 [restartedMain] INFO  c.e.c.config.DataInitializer - 
=== ТЕСТ 2: С @Transactional ===
2026-04-06 22:55:27 [restartedMain] INFO  c.e.c.service.impl.OrderServiceImpl - === СОХРАНЕНИЕ С @Transactional ===
2026-04-06 22:55:27 [restartedMain] INFO  c.e.c.service.impl.OrderServiceImpl - 1. Заказ сохранён, ID: 6
2026-04-06 22:55:27 [restartedMain] INFO  c.e.c.service.impl.OrderServiceImpl - 2. Услуги добавлены
2026-04-06 22:55:27 [restartedMain] INFO  c.e.c.service.impl.OrderServiceImpl - 3. Имитируем ошибку...
2026-04-06 22:55:27 [restartedMain] ERROR c.e.c.config.DataInitializer - Ошибка: Ошибка! Всё должно откатиться.
2026-04-06 22:56:53 [SpringApplicationShutdownHook] INFO  o.s.b.w.e.tomcat.GracefulShutdown - Commencing graceful shutdown. Waiting for active requests to complete
2026-04-06 22:56:53 [tomcat-shutdown] INFO  o.s.b.w.e.tomcat.GracefulShutdown - Graceful shutdown complete
2026-04-06 22:56:53 [SpringApplicationShutdownHook] INFO  o.s.o.j.LocalContainerEntityManagerFactoryBean - Closing JPA EntityManagerFactory for persistence unit 'default'
2026-04-06 22:56:53 [SpringApplicationShutdownHook] INFO  com.zaxxer.hikari.HikariDataSource - HikariPool-1 - Shutdown initiated...
2026-04-06 22:56:53 [SpringApplicationShutdownHook] INFO  com.zaxxer.hikari.HikariDataSource - HikariPool-1 - Shutdown completed.
2026-04-06 22:57:28 [background-preinit] INFO  o.h.validator.internal.util.Version - HV000001: Hibernate Validator 8.0.3.Final
2026-04-06 22:57:28 [restartedMain] INFO  c.e.carservice.CarServiceApplication - Starting CarServiceApplication using Java 25.0.2 with PID 32616 (D:\Java\carService\target\classes started by Dzmitry in D:\Java\carService)
2026-04-06 22:57:28 [restartedMain] DEBUG c.e.carservice.CarServiceApplication - Running with Spring Boot v3.5.6, Spring v6.2.11
2026-04-06 22:57:28 [restartedMain] INFO  c.e.carservice.CarServiceApplication - The following 1 profile is active: "local"
2026-04-06 22:57:28 [restartedMain] INFO  o.s.b.d.e.DevToolsPropertyDefaultsPostProcessor - Devtools property defaults active! Set 'spring.devtools.add-properties' to 'false' to disable
2026-04-06 22:57:28 [restartedMain] INFO  o.s.b.d.e.DevToolsPropertyDefaultsPostProcessor - For additional web related logging consider setting the 'logging.level.web' property to 'DEBUG'
2026-04-06 22:57:28 [restartedMain] INFO  o.s.d.r.c.RepositoryConfigurationDelegate - Bootstrapping Spring Data JPA repositories in DEFAULT mode.
2026-04-06 22:57:29 [restartedMain] INFO  o.s.d.r.c.RepositoryConfigurationDelegate - Finished Spring Data repository scanning in 47 ms. Found 7 JPA repository interfaces.
2026-04-06 22:57:29 [restartedMain] INFO  o.s.b.w.e.tomcat.TomcatWebServer - Tomcat initialized with port 8080 (http)
2026-04-06 22:57:29 [restartedMain] INFO  o.a.coyote.http11.Http11NioProtocol - Initializing ProtocolHandler ["http-nio-8080"]
2026-04-06 22:57:29 [restartedMain] INFO  o.a.catalina.core.StandardService - Starting service [Tomcat]
2026-04-06 22:57:29 [restartedMain] INFO  o.a.catalina.core.StandardEngine - Starting Servlet engine: [Apache Tomcat/10.1.46]
2026-04-06 22:57:29 [restartedMain] INFO  o.a.c.c.C.[Tomcat].[localhost].[/] - Initializing Spring embedded WebApplicationContext
2026-04-06 22:57:29 [restartedMain] INFO  o.s.b.w.s.c.ServletWebServerApplicationContext - Root WebApplicationContext: initialization completed in 1150 ms
2026-04-06 22:57:29 [restartedMain] INFO  o.h.jpa.internal.util.LogHelper - HHH000204: Processing PersistenceUnitInfo [name: default]
2026-04-06 22:57:29 [restartedMain] INFO  org.hibernate.Version - HHH000412: Hibernate ORM core version 6.6.29.Final
2026-04-06 22:57:29 [restartedMain] INFO  o.h.c.i.RegionFactoryInitiator - HHH000026: Second-level cache disabled
2026-04-06 22:57:29 [restartedMain] INFO  o.s.o.j.p.SpringPersistenceUnitInfo - No LoadTimeWeaver setup: ignoring JPA class transformer
2026-04-06 22:57:29 [restartedMain] INFO  com.zaxxer.hikari.HikariDataSource - HikariPool-1 - Starting...
2026-04-06 22:57:30 [restartedMain] INFO  com.zaxxer.hikari.pool.HikariPool - HikariPool-1 - Added connection org.postgresql.jdbc.PgConnection@2343d9f9
2026-04-06 22:57:30 [restartedMain] INFO  com.zaxxer.hikari.HikariDataSource - HikariPool-1 - Start completed.
2026-04-06 22:57:30 [restartedMain] INFO  o.hibernate.orm.connections.pooling - HHH10001005: Database info:
	Database JDBC URL [Connecting through datasource 'HikariDataSource (HikariPool-1)']
	Database driver: undefined/unknown
	Database version: 18.3
	Autocommit mode: undefined/unknown
	Isolation level: undefined/unknown
	Minimum pool size: undefined/unknown
	Maximum pool size: undefined/unknown
2026-04-06 22:57:30 [restartedMain] INFO  o.h.e.t.j.p.i.JtaPlatformInitiator - HHH000489: No JTA platform available (set 'hibernate.transaction.jta.platform' to enable JTA platform integration)
2026-04-06 22:57:30 [restartedMain] INFO  o.s.o.j.LocalContainerEntityManagerFactoryBean - Initialized JPA EntityManagerFactory for persistence unit 'default'
2026-04-06 22:57:31 [restartedMain] INFO  o.s.d.j.r.query.QueryEnhancerFactory - Hibernate is in classpath; If applicable, HQL parser will be used.
2026-04-06 22:57:32 [restartedMain] WARN  o.s.b.a.o.j.JpaBaseConfiguration$JpaWebConfiguration - spring.jpa.open-in-view is enabled by default. Therefore, database queries may be performed during view rendering. Explicitly configure spring.jpa.open-in-view to disable this warning
2026-04-06 22:57:32 [restartedMain] INFO  o.s.b.d.a.OptionalLiveReloadServer - LiveReload server is running on port 35729
2026-04-06 22:57:32 [restartedMain] INFO  o.a.coyote.http11.Http11NioProtocol - Starting ProtocolHandler ["http-nio-8080"]
2026-04-06 22:57:32 [restartedMain] INFO  o.s.b.w.e.tomcat.TomcatWebServer - Tomcat started on port 8080 (http) with context path '/'
2026-04-06 22:57:32 [restartedMain] INFO  c.e.carservice.CarServiceApplication - Started CarServiceApplication in 4.974 seconds (process running for 5.494)
2026-04-06 22:57:32 [restartedMain] INFO  c.e.c.config.DataInitializer - === Создание клиентов ===
2026-04-06 22:57:33 [restartedMain] INFO  c.e.c.config.DataInitializer - === Создание машин ===
2026-04-06 22:57:33 [restartedMain] INFO  c.e.c.config.DataInitializer - === Создание механиков ===
2026-04-06 22:57:33 [restartedMain] INFO  c.e.c.config.DataInitializer - === Создание услуг ===
2026-04-06 22:57:33 [restartedMain] INFO  c.e.c.config.DataInitializer - === Создание запчастей ===
2026-04-06 22:57:33 [restartedMain] INFO  c.e.c.config.DataInitializer - === Создание заказов ===
2026-04-06 22:57:33 [restartedMain] INFO  c.e.c.config.DataInitializer - Клиентов: 4
2026-04-06 22:57:33 [restartedMain] INFO  c.e.c.config.DataInitializer - Машин: 5
2026-04-06 22:57:33 [restartedMain] INFO  c.e.c.config.DataInitializer - Механиков: 4
2026-04-06 22:57:33 [restartedMain] INFO  c.e.c.config.DataInitializer - Услуг: 5
2026-04-06 22:57:33 [restartedMain] INFO  c.e.c.config.DataInitializer - Запчастей: 5
2026-04-06 22:57:33 [restartedMain] INFO  c.e.c.config.DataInitializer - Заказов: 4
2026-04-06 22:57:33 [restartedMain] INFO  c.e.c.service.impl.OrderServiceImpl - === Без оптимизации (N+1) ===
2026-04-06 22:57:33 [restartedMain] INFO  c.e.c.service.impl.OrderServiceImpl - Загружено 4 заказов без оптимизации
2026-04-06 22:57:33 [restartedMain] DEBUG c.e.c.service.impl.OrderServiceImpl - Order 1: client Петров
2026-04-06 22:57:33 [restartedMain] DEBUG c.e.c.service.impl.OrderServiceImpl - Order 2: client Сидорова
2026-04-06 22:57:33 [restartedMain] DEBUG c.e.c.service.impl.OrderServiceImpl - Order 3: client Новикова
2026-04-06 22:57:33 [restartedMain] DEBUG c.e.c.service.impl.OrderServiceImpl - Order 4: client Петров
2026-04-06 22:57:33 [restartedMain] INFO  c.e.c.service.impl.OrderServiceImpl - === Конец N+1 ===
2026-04-06 22:57:33 [restartedMain] INFO  c.e.c.service.impl.OrderServiceImpl - === С оптимизацией (один запрос) ===
2026-04-06 22:57:33 [restartedMain] INFO  c.e.c.service.impl.OrderServiceImpl - Загружено 4 заказов с оптимизацией
2026-04-06 22:57:33 [restartedMain] DEBUG c.e.c.service.impl.OrderServiceImpl - Order 1: client Петров
2026-04-06 22:57:33 [restartedMain] DEBUG c.e.c.service.impl.OrderServiceImpl - Order 2: client Сидорова
2026-04-06 22:57:33 [restartedMain] DEBUG c.e.c.service.impl.OrderServiceImpl - Order 3: client Новикова
2026-04-06 22:57:33 [restartedMain] DEBUG c.e.c.service.impl.OrderServiceImpl - Order 4: client Петров
2026-04-06 22:57:33 [restartedMain] INFO  c.e.c.service.impl.OrderServiceImpl - === Конец оптимизации ===
2026-04-06 22:57:33 [restartedMain] INFO  c.e.c.aspect.ServiceLoggingAspect - Method OrderServiceImpl.demonstrateNplus1Problem() executed in 41 ms
2026-04-06 22:57:33 [restartedMain] INFO  c.e.c.config.DataInitializer - === Используем машину с ID: 1 ===
2026-04-06 22:57:33 [restartedMain] INFO  c.e.c.config.DataInitializer - 
=== ТЕСТ 1: Без @Transactional ===
2026-04-06 22:57:33 [restartedMain] INFO  c.e.c.service.impl.OrderServiceImpl - === СОХРАНЕНИЕ БЕЗ @Transactional ===
2026-04-06 22:57:33 [restartedMain] INFO  c.e.c.service.impl.OrderServiceImpl - 1. Заказ сохранён, ID: 5
2026-04-06 22:57:33 [restartedMain] INFO  c.e.c.service.impl.OrderServiceImpl - 2. Имитируем ошибку...
2026-04-06 22:57:33 [restartedMain] ERROR c.e.c.config.DataInitializer - Ошибка: Ошибка после частичного сохранения! Заказ остался в БД.
2026-04-06 22:57:33 [restartedMain] INFO  c.e.c.config.DataInitializer - 
=== ТЕСТ 2: С @Transactional ===
2026-04-06 22:57:33 [restartedMain] INFO  c.e.c.service.impl.OrderServiceImpl - === СОХРАНЕНИЕ С @Transactional ===
2026-04-06 22:57:33 [restartedMain] INFO  c.e.c.service.impl.OrderServiceImpl - 1. Заказ сохранён, ID: 6
2026-04-06 22:57:33 [restartedMain] INFO  c.e.c.service.impl.OrderServiceImpl - 2. Услуги добавлены
2026-04-06 22:57:33 [restartedMain] INFO  c.e.c.service.impl.OrderServiceImpl - 3. Имитируем ошибку...
2026-04-06 22:57:33 [restartedMain] ERROR c.e.c.config.DataInitializer - Ошибка: Ошибка! Всё должно откатиться.
2026-04-06 22:59:11 [http-nio-8080-exec-1] INFO  o.a.c.c.C.[Tomcat].[localhost].[/] - Initializing Spring DispatcherServlet 'dispatcherServlet'
2026-04-06 22:59:11 [http-nio-8080-exec-1] INFO  o.s.web.servlet.DispatcherServlet - Initializing Servlet 'dispatcherServlet'
2026-04-06 22:59:11 [http-nio-8080-exec-1] INFO  o.s.web.servlet.DispatcherServlet - Completed initialization in 3 ms
2026-04-06 22:59:13 [http-nio-8080-exec-4] INFO  o.s.api.AbstractOpenApiResource - Init duration for springdoc-openapi is: 1017 ms
2026-04-06 22:59:59 [File Watcher] INFO  o.s.b.d.a.LocalDevToolsAutoConfiguration$RestartingClassPathChangeChangedEventListener - Restarting due to 1 class path change (0 additions, 1 deletion, 0 modifications)
2026-04-06 22:59:59 [Thread-5] INFO  o.s.b.w.e.tomcat.GracefulShutdown - Commencing graceful shutdown. Waiting for active requests to complete
2026-04-06 22:59:59 [tomcat-shutdown] INFO  o.a.coyote.http11.Http11NioProtocol - Pausing ProtocolHandler ["http-nio-8080"]
2026-04-06 22:59:59 [tomcat-shutdown] INFO  o.s.b.w.e.tomcat.GracefulShutdown - Graceful shutdown complete
2026-04-06 22:59:59 [Thread-5] INFO  o.a.coyote.http11.Http11NioProtocol - Stopping ProtocolHandler ["http-nio-8080"]
2026-04-06 22:59:59 [Thread-5] INFO  o.s.o.j.LocalContainerEntityManagerFactoryBean - Closing JPA EntityManagerFactory for persistence unit 'default'
2026-04-06 22:59:59 [Thread-5] INFO  com.zaxxer.hikari.HikariDataSource - HikariPool-1 - Shutdown initiated...
2026-04-06 22:59:59 [Thread-5] INFO  com.zaxxer.hikari.HikariDataSource - HikariPool-1 - Shutdown completed.
2026-04-06 22:59:59 [restartedMain] INFO  c.e.carservice.CarServiceApplication - Starting CarServiceApplication using Java 25.0.2 with PID 32616 (D:\Java\carService\target\classes started by Dzmitry in D:\Java\carService)
2026-04-06 22:59:59 [restartedMain] DEBUG c.e.carservice.CarServiceApplication - Running with Spring Boot v3.5.6, Spring v6.2.11
2026-04-06 22:59:59 [restartedMain] INFO  c.e.carservice.CarServiceApplication - The following 1 profile is active: "local"
2026-04-06 23:00:00 [restartedMain] INFO  o.s.d.r.c.RepositoryConfigurationDelegate - Bootstrapping Spring Data JPA repositories in DEFAULT mode.
2026-04-06 23:00:00 [restartedMain] INFO  o.s.d.r.c.RepositoryConfigurationDelegate - Finished Spring Data repository scanning in 40 ms. Found 7 JPA repository interfaces.
2026-04-06 23:00:00 [restartedMain] INFO  o.s.b.w.e.tomcat.TomcatWebServer - Tomcat initialized with port 8080 (http)
2026-04-06 23:00:00 [restartedMain] INFO  o.a.coyote.http11.Http11NioProtocol - Initializing ProtocolHandler ["http-nio-8080"]
2026-04-06 23:00:00 [restartedMain] INFO  o.a.catalina.core.StandardService - Starting service [Tomcat]
2026-04-06 23:00:00 [restartedMain] INFO  o.a.catalina.core.StandardEngine - Starting Servlet engine: [Apache Tomcat/10.1.46]
2026-04-06 23:00:00 [restartedMain] INFO  o.a.c.c.C.[Tomcat].[localhost].[/] - Initializing Spring embedded WebApplicationContext
2026-04-06 23:00:00 [restartedMain] INFO  o.s.b.w.s.c.ServletWebServerApplicationContext - Root WebApplicationContext: initialization completed in 677 ms
2026-04-06 23:00:00 [restartedMain] INFO  o.h.jpa.internal.util.LogHelper - HHH000204: Processing PersistenceUnitInfo [name: default]
2026-04-06 23:00:00 [restartedMain] INFO  o.h.c.i.RegionFactoryInitiator - HHH000026: Second-level cache disabled
2026-04-06 23:00:00 [restartedMain] INFO  o.s.o.j.p.SpringPersistenceUnitInfo - No LoadTimeWeaver setup: ignoring JPA class transformer
2026-04-06 23:00:00 [restartedMain] INFO  com.zaxxer.hikari.HikariDataSource - HikariPool-2 - Starting...
2026-04-06 23:00:00 [restartedMain] INFO  com.zaxxer.hikari.pool.HikariPool - HikariPool-2 - Added connection org.postgresql.jdbc.PgConnection@243df976
2026-04-06 23:00:00 [restartedMain] INFO  com.zaxxer.hikari.HikariDataSource - HikariPool-2 - Start completed.
2026-04-06 23:00:00 [restartedMain] INFO  o.hibernate.orm.connections.pooling - HHH10001005: Database info:
	Database JDBC URL [Connecting through datasource 'HikariDataSource (HikariPool-2)']
	Database driver: undefined/unknown
	Database version: 18.3
	Autocommit mode: undefined/unknown
	Isolation level: undefined/unknown
	Minimum pool size: undefined/unknown
	Maximum pool size: undefined/unknown
2026-04-06 23:00:00 [restartedMain] INFO  o.h.e.t.j.p.i.JtaPlatformInitiator - HHH000489: No JTA platform available (set 'hibernate.transaction.jta.platform' to enable JTA platform integration)
2026-04-06 23:00:01 [restartedMain] INFO  o.s.o.j.LocalContainerEntityManagerFactoryBean - Initialized JPA EntityManagerFactory for persistence unit 'default'
2026-04-06 23:00:01 [restartedMain] WARN  o.s.b.a.o.j.JpaBaseConfiguration$JpaWebConfiguration - spring.jpa.open-in-view is enabled by default. Therefore, database queries may be performed during view rendering. Explicitly configure spring.jpa.open-in-view to disable this warning
2026-04-06 23:00:02 [restartedMain] INFO  o.s.b.d.a.OptionalLiveReloadServer - LiveReload server is running on port 35729
2026-04-06 23:00:02 [restartedMain] INFO  o.a.coyote.http11.Http11NioProtocol - Starting ProtocolHandler ["http-nio-8080"]
2026-04-06 23:00:02 [restartedMain] INFO  o.s.b.w.e.tomcat.TomcatWebServer - Tomcat started on port 8080 (http) with context path '/'
2026-04-06 23:00:02 [restartedMain] INFO  c.e.carservice.CarServiceApplication - Started CarServiceApplication in 2.291 seconds (process running for 154.581)
2026-04-06 23:00:02 [restartedMain] INFO  c.e.c.config.DataInitializer - === Создание клиентов ===
2026-04-06 23:00:02 [restartedMain] INFO  c.e.c.config.DataInitializer - === Создание машин ===
2026-04-06 23:00:02 [restartedMain] INFO  c.e.c.config.DataInitializer - === Создание механиков ===
2026-04-06 23:00:02 [restartedMain] INFO  c.e.c.config.DataInitializer - === Создание услуг ===
2026-04-06 23:00:02 [restartedMain] INFO  c.e.c.config.DataInitializer - === Создание запчастей ===
2026-04-06 23:00:02 [restartedMain] INFO  c.e.c.config.DataInitializer - === Создание заказов ===
2026-04-06 23:00:02 [restartedMain] INFO  c.e.c.config.DataInitializer - Клиентов: 4
2026-04-06 23:00:02 [restartedMain] INFO  c.e.c.config.DataInitializer - Машин: 5
2026-04-06 23:00:02 [restartedMain] INFO  c.e.c.config.DataInitializer - Механиков: 4
2026-04-06 23:00:02 [restartedMain] INFO  c.e.c.config.DataInitializer - Услуг: 5
2026-04-06 23:00:02 [restartedMain] INFO  c.e.c.config.DataInitializer - Запчастей: 5
2026-04-06 23:00:02 [restartedMain] INFO  c.e.c.config.DataInitializer - Заказов: 4
2026-04-06 23:00:02 [restartedMain] INFO  c.e.c.service.impl.OrderServiceImpl - === Без оптимизации (N+1) ===
2026-04-06 23:00:02 [restartedMain] INFO  c.e.c.service.impl.OrderServiceImpl - Загружено 4 заказов без оптимизации
2026-04-06 23:00:02 [restartedMain] DEBUG c.e.c.service.impl.OrderServiceImpl - Order 1: client Петров
2026-04-06 23:00:02 [restartedMain] DEBUG c.e.c.service.impl.OrderServiceImpl - Order 2: client Сидорова
2026-04-06 23:00:02 [restartedMain] DEBUG c.e.c.service.impl.OrderServiceImpl - Order 3: client Новикова
2026-04-06 23:00:02 [restartedMain] DEBUG c.e.c.service.impl.OrderServiceImpl - Order 4: client Петров
2026-04-06 23:00:02 [restartedMain] INFO  c.e.c.service.impl.OrderServiceImpl - === Конец N+1 ===
2026-04-06 23:00:02 [restartedMain] INFO  c.e.c.service.impl.OrderServiceImpl - === С оптимизацией (один запрос) ===
2026-04-06 23:00:02 [restartedMain] INFO  c.e.c.service.impl.OrderServiceImpl - Загружено 4 заказов с оптимизацией
2026-04-06 23:00:02 [restartedMain] DEBUG c.e.c.service.impl.OrderServiceImpl - Order 1: client Петров
2026-04-06 23:00:02 [restartedMain] DEBUG c.e.c.service.impl.OrderServiceImpl - Order 2: client Сидорова
2026-04-06 23:00:02 [restartedMain] DEBUG c.e.c.service.impl.OrderServiceImpl - Order 3: client Новикова
2026-04-06 23:00:02 [restartedMain] DEBUG c.e.c.service.impl.OrderServiceImpl - Order 4: client Петров
2026-04-06 23:00:02 [restartedMain] INFO  c.e.c.service.impl.OrderServiceImpl - === Конец оптимизации ===
2026-04-06 23:00:02 [restartedMain] INFO  c.e.c.aspect.ServiceLoggingAspect - Method OrderServiceImpl.demonstrateNplus1Problem() executed in 22 ms
2026-04-06 23:00:02 [restartedMain] INFO  c.e.c.config.DataInitializer - === Используем машину с ID: 1 ===
2026-04-06 23:00:02 [restartedMain] INFO  c.e.c.config.DataInitializer - 
=== ТЕСТ 1: Без @Transactional ===
2026-04-06 23:00:02 [restartedMain] INFO  c.e.c.service.impl.OrderServiceImpl - === СОХРАНЕНИЕ БЕЗ @Transactional ===
2026-04-06 23:00:02 [restartedMain] INFO  c.e.c.service.impl.OrderServiceImpl - 1. Заказ сохранён, ID: 5
2026-04-06 23:00:02 [restartedMain] INFO  c.e.c.service.impl.OrderServiceImpl - 2. Имитируем ошибку...
2026-04-06 23:00:02 [restartedMain] ERROR c.e.c.config.DataInitializer - Ошибка: Ошибка после частичного сохранения! Заказ остался в БД.
2026-04-06 23:00:02 [restartedMain] INFO  c.e.c.config.DataInitializer - 
=== ТЕСТ 2: С @Transactional ===
2026-04-06 23:00:02 [restartedMain] INFO  c.e.c.service.impl.OrderServiceImpl - === СОХРАНЕНИЕ С @Transactional ===
2026-04-06 23:00:02 [restartedMain] INFO  c.e.c.service.impl.OrderServiceImpl - 1. Заказ сохранён, ID: 6
2026-04-06 23:00:02 [restartedMain] INFO  c.e.c.service.impl.OrderServiceImpl - 2. Услуги добавлены
2026-04-06 23:00:02 [restartedMain] INFO  c.e.c.service.impl.OrderServiceImpl - 3. Имитируем ошибку...
2026-04-06 23:00:02 [restartedMain] ERROR c.e.c.config.DataInitializer - Ошибка: Ошибка! Всё должно откатиться.
2026-04-06 23:00:02 [restartedMain] INFO  o.s.b.d.a.ConditionEvaluationDeltaLoggingListener - Condition evaluation unchanged
2026-04-06 23:00:03 [File Watcher] INFO  o.s.b.d.a.LocalDevToolsAutoConfiguration$RestartingClassPathChangeChangedEventListener - Restarting due to 1 class path change (1 addition, 0 deletions, 0 modifications)
2026-04-06 23:00:03 [Thread-7] INFO  o.s.b.w.e.tomcat.GracefulShutdown - Commencing graceful shutdown. Waiting for active requests to complete
2026-04-06 23:00:03 [tomcat-shutdown] INFO  o.a.coyote.http11.Http11NioProtocol - Pausing ProtocolHandler ["http-nio-8080"]
2026-04-06 23:00:03 [tomcat-shutdown] INFO  o.s.b.w.e.tomcat.GracefulShutdown - Graceful shutdown complete
2026-04-06 23:00:03 [Thread-7] INFO  o.a.coyote.http11.Http11NioProtocol - Stopping ProtocolHandler ["http-nio-8080"]
2026-04-06 23:00:03 [Thread-7] INFO  o.s.o.j.LocalContainerEntityManagerFactoryBean - Closing JPA EntityManagerFactory for persistence unit 'default'
2026-04-06 23:00:03 [Thread-7] INFO  com.zaxxer.hikari.HikariDataSource - HikariPool-2 - Shutdown initiated...
2026-04-06 23:00:03 [Thread-7] INFO  com.zaxxer.hikari.HikariDataSource - HikariPool-2 - Shutdown completed.
2026-04-06 23:00:03 [restartedMain] INFO  c.e.carservice.CarServiceApplication - Starting CarServiceApplication using Java 25.0.2 with PID 32616 (D:\Java\carService\target\classes started by Dzmitry in D:\Java\carService)
2026-04-06 23:00:03 [restartedMain] DEBUG c.e.carservice.CarServiceApplication - Running with Spring Boot v3.5.6, Spring v6.2.11
2026-04-06 23:00:03 [restartedMain] INFO  c.e.carservice.CarServiceApplication - The following 1 profile is active: "local"
2026-04-06 23:00:03 [restartedMain] INFO  o.s.d.r.c.RepositoryConfigurationDelegate - Bootstrapping Spring Data JPA repositories in DEFAULT mode.
2026-04-06 23:00:03 [restartedMain] INFO  o.s.d.r.c.RepositoryConfigurationDelegate - Finished Spring Data repository scanning in 30 ms. Found 7 JPA repository interfaces.
2026-04-06 23:00:04 [restartedMain] INFO  o.s.b.w.e.tomcat.TomcatWebServer - Tomcat initialized with port 8080 (http)
2026-04-06 23:00:04 [restartedMain] INFO  o.a.coyote.http11.Http11NioProtocol - Initializing ProtocolHandler ["http-nio-8080"]
2026-04-06 23:00:04 [restartedMain] INFO  o.a.catalina.core.StandardService - Starting service [Tomcat]
2026-04-06 23:00:04 [restartedMain] INFO  o.a.catalina.core.StandardEngine - Starting Servlet engine: [Apache Tomcat/10.1.46]
2026-04-06 23:00:04 [restartedMain] INFO  o.a.c.c.C.[Tomcat].[localhost].[/] - Initializing Spring embedded WebApplicationContext
2026-04-06 23:00:04 [restartedMain] INFO  o.s.b.w.s.c.ServletWebServerApplicationContext - Root WebApplicationContext: initialization completed in 459 ms
2026-04-06 23:00:04 [restartedMain] INFO  o.h.jpa.internal.util.LogHelper - HHH000204: Processing PersistenceUnitInfo [name: default]
2026-04-06 23:00:04 [restartedMain] INFO  o.h.c.i.RegionFactoryInitiator - HHH000026: Second-level cache disabled
2026-04-06 23:00:04 [restartedMain] INFO  o.s.o.j.p.SpringPersistenceUnitInfo - No LoadTimeWeaver setup: ignoring JPA class transformer
2026-04-06 23:00:04 [restartedMain] INFO  com.zaxxer.hikari.HikariDataSource - HikariPool-3 - Starting...
2026-04-06 23:00:04 [restartedMain] INFO  com.zaxxer.hikari.pool.HikariPool - HikariPool-3 - Added connection org.postgresql.jdbc.PgConnection@3f930a27
2026-04-06 23:00:04 [restartedMain] INFO  com.zaxxer.hikari.HikariDataSource - HikariPool-3 - Start completed.
2026-04-06 23:00:04 [restartedMain] INFO  o.hibernate.orm.connections.pooling - HHH10001005: Database info:
	Database JDBC URL [Connecting through datasource 'HikariDataSource (HikariPool-3)']
	Database driver: undefined/unknown
	Database version: 18.3
	Autocommit mode: undefined/unknown
	Isolation level: undefined/unknown
	Minimum pool size: undefined/unknown
	Maximum pool size: undefined/unknown
2026-04-06 23:00:04 [restartedMain] INFO  o.h.e.t.j.p.i.JtaPlatformInitiator - HHH000489: No JTA platform available (set 'hibernate.transaction.jta.platform' to enable JTA platform integration)
2026-04-06 23:00:04 [restartedMain] INFO  o.s.o.j.LocalContainerEntityManagerFactoryBean - Initialized JPA EntityManagerFactory for persistence unit 'default'
2026-04-06 23:00:05 [restartedMain] WARN  o.s.b.a.o.j.JpaBaseConfiguration$JpaWebConfiguration - spring.jpa.open-in-view is enabled by default. Therefore, database queries may be performed during view rendering. Explicitly configure spring.jpa.open-in-view to disable this warning
2026-04-06 23:00:05 [restartedMain] INFO  o.s.b.d.a.OptionalLiveReloadServer - LiveReload server is running on port 35729
2026-04-06 23:00:05 [restartedMain] INFO  o.a.coyote.http11.Http11NioProtocol - Starting ProtocolHandler ["http-nio-8080"]
2026-04-06 23:00:05 [restartedMain] INFO  o.s.b.w.e.tomcat.TomcatWebServer - Tomcat started on port 8080 (http) with context path '/'
2026-04-06 23:00:05 [restartedMain] INFO  c.e.carservice.CarServiceApplication - Started CarServiceApplication in 1.77 seconds (process running for 157.895)
2026-04-06 23:00:05 [restartedMain] INFO  c.e.c.config.DataInitializer - === Создание клиентов ===
2026-04-06 23:00:05 [restartedMain] INFO  c.e.c.config.DataInitializer - === Создание машин ===
2026-04-06 23:00:05 [restartedMain] INFO  c.e.c.config.DataInitializer - === Создание механиков ===
2026-04-06 23:00:05 [restartedMain] INFO  c.e.c.config.DataInitializer - === Создание услуг ===
2026-04-06 23:00:05 [restartedMain] INFO  c.e.c.config.DataInitializer - === Создание запчастей ===
2026-04-06 23:00:05 [restartedMain] INFO  c.e.c.config.DataInitializer - === Создание заказов ===
2026-04-06 23:00:05 [restartedMain] INFO  c.e.c.config.DataInitializer - Клиентов: 4
2026-04-06 23:00:05 [restartedMain] INFO  c.e.c.config.DataInitializer - Машин: 5
2026-04-06 23:00:05 [restartedMain] INFO  c.e.c.config.DataInitializer - Механиков: 4
2026-04-06 23:00:05 [restartedMain] INFO  c.e.c.config.DataInitializer - Услуг: 5
2026-04-06 23:00:05 [restartedMain] INFO  c.e.c.config.DataInitializer - Запчастей: 5
2026-04-06 23:00:05 [restartedMain] INFO  c.e.c.config.DataInitializer - Заказов: 4
2026-04-06 23:00:05 [restartedMain] INFO  c.e.c.service.impl.OrderServiceImpl - === Без оптимизации (N+1) ===
2026-04-06 23:00:05 [restartedMain] INFO  c.e.c.service.impl.OrderServiceImpl - Загружено 4 заказов без оптимизации
2026-04-06 23:00:05 [restartedMain] DEBUG c.e.c.service.impl.OrderServiceImpl - Order 1: client Петров
2026-04-06 23:00:05 [restartedMain] DEBUG c.e.c.service.impl.OrderServiceImpl - Order 2: client Сидорова
2026-04-06 23:00:05 [restartedMain] DEBUG c.e.c.service.impl.OrderServiceImpl - Order 3: client Новикова
2026-04-06 23:00:05 [restartedMain] DEBUG c.e.c.service.impl.OrderServiceImpl - Order 4: client Петров
2026-04-06 23:00:05 [restartedMain] INFO  c.e.c.service.impl.OrderServiceImpl - === Конец N+1 ===
2026-04-06 23:00:05 [restartedMain] INFO  c.e.c.service.impl.OrderServiceImpl - === С оптимизацией (один запрос) ===
2026-04-06 23:00:05 [restartedMain] INFO  c.e.c.service.impl.OrderServiceImpl - Загружено 4 заказов с оптимизацией
2026-04-06 23:00:05 [restartedMain] DEBUG c.e.c.service.impl.OrderServiceImpl - Order 1: client Петров
2026-04-06 23:00:05 [restartedMain] DEBUG c.e.c.service.impl.OrderServiceImpl - Order 2: client Сидорова
2026-04-06 23:00:05 [restartedMain] DEBUG c.e.c.service.impl.OrderServiceImpl - Order 3: client Новикова
2026-04-06 23:00:05 [restartedMain] DEBUG c.e.c.service.impl.OrderServiceImpl - Order 4: client Петров
2026-04-06 23:00:05 [restartedMain] INFO  c.e.c.service.impl.OrderServiceImpl - === Конец оптимизации ===
2026-04-06 23:00:05 [restartedMain] INFO  c.e.c.aspect.ServiceLoggingAspect - Method OrderServiceImpl.demonstrateNplus1Problem() executed in 19 ms
2026-04-06 23:00:05 [restartedMain] INFO  c.e.c.config.DataInitializer - === Используем машину с ID: 1 ===
2026-04-06 23:00:05 [restartedMain] INFO  c.e.c.config.DataInitializer - 
=== ТЕСТ 1: Без @Transactional ===
2026-04-06 23:00:05 [restartedMain] INFO  c.e.c.service.impl.OrderServiceImpl - === СОХРАНЕНИЕ БЕЗ @Transactional ===
2026-04-06 23:00:05 [restartedMain] INFO  c.e.c.service.impl.OrderServiceImpl - 1. Заказ сохранён, ID: 5
2026-04-06 23:00:05 [restartedMain] INFO  c.e.c.service.impl.OrderServiceImpl - 2. Имитируем ошибку...
2026-04-06 23:00:05 [restartedMain] ERROR c.e.c.config.DataInitializer - Ошибка: Ошибка после частичного сохранения! Заказ остался в БД.
2026-04-06 23:00:05 [restartedMain] INFO  c.e.c.config.DataInitializer - 
=== ТЕСТ 2: С @Transactional ===
2026-04-06 23:00:05 [restartedMain] INFO  c.e.c.service.impl.OrderServiceImpl - === СОХРАНЕНИЕ С @Transactional ===
2026-04-06 23:00:05 [restartedMain] INFO  c.e.c.service.impl.OrderServiceImpl - 1. Заказ сохранён, ID: 6
2026-04-06 23:00:05 [restartedMain] INFO  c.e.c.service.impl.OrderServiceImpl - 2. Услуги добавлены
2026-04-06 23:00:05 [restartedMain] INFO  c.e.c.service.impl.OrderServiceImpl - 3. Имитируем ошибку...
2026-04-06 23:00:05 [restartedMain] ERROR c.e.c.config.DataInitializer - Ошибка: Ошибка! Всё должно откатиться.
2026-04-06 23:00:05 [restartedMain] INFO  o.s.b.d.a.ConditionEvaluationDeltaLoggingListener - Condition evaluation unchanged
2026-04-06 23:00:11 [File Watcher] INFO  o.s.b.d.a.LocalDevToolsAutoConfiguration$RestartingClassPathChangeChangedEventListener - Restarting due to 2 class path changes (0 additions, 2 deletions, 0 modifications)
2026-04-06 23:00:11 [Thread-11] INFO  o.s.b.w.e.tomcat.GracefulShutdown - Commencing graceful shutdown. Waiting for active requests to complete
2026-04-06 23:00:11 [tomcat-shutdown] INFO  o.a.coyote.http11.Http11NioProtocol - Pausing ProtocolHandler ["http-nio-8080"]
2026-04-06 23:00:11 [tomcat-shutdown] INFO  o.s.b.w.e.tomcat.GracefulShutdown - Graceful shutdown complete
2026-04-06 23:00:11 [Thread-11] INFO  o.a.coyote.http11.Http11NioProtocol - Stopping ProtocolHandler ["http-nio-8080"]
2026-04-06 23:00:11 [Thread-11] INFO  o.s.o.j.LocalContainerEntityManagerFactoryBean - Closing JPA EntityManagerFactory for persistence unit 'default'
2026-04-06 23:00:11 [Thread-11] INFO  com.zaxxer.hikari.HikariDataSource - HikariPool-3 - Shutdown initiated...
2026-04-06 23:00:11 [Thread-11] INFO  com.zaxxer.hikari.HikariDataSource - HikariPool-3 - Shutdown completed.
2026-04-06 23:00:12 [restartedMain] INFO  c.e.carservice.CarServiceApplication - Starting CarServiceApplication using Java 25.0.2 with PID 32616 (D:\Java\carService\target\classes started by Dzmitry in D:\Java\carService)
2026-04-06 23:00:12 [restartedMain] DEBUG c.e.carservice.CarServiceApplication - Running with Spring Boot v3.5.6, Spring v6.2.11
2026-04-06 23:00:12 [restartedMain] INFO  c.e.carservice.CarServiceApplication - The following 1 profile is active: "local"
2026-04-06 23:00:12 [restartedMain] INFO  o.s.d.r.c.RepositoryConfigurationDelegate - Bootstrapping Spring Data JPA repositories in DEFAULT mode.
2026-04-06 23:00:12 [restartedMain] INFO  o.s.d.r.c.RepositoryConfigurationDelegate - Finished Spring Data repository scanning in 35 ms. Found 7 JPA repository interfaces.
2026-04-06 23:00:12 [restartedMain] INFO  o.s.b.w.e.tomcat.TomcatWebServer - Tomcat initialized with port 8080 (http)
2026-04-06 23:00:12 [restartedMain] INFO  o.a.coyote.http11.Http11NioProtocol - Initializing ProtocolHandler ["http-nio-8080"]
2026-04-06 23:00:12 [restartedMain] INFO  o.a.catalina.core.StandardService - Starting service [Tomcat]
2026-04-06 23:00:12 [restartedMain] INFO  o.a.catalina.core.StandardEngine - Starting Servlet engine: [Apache Tomcat/10.1.46]
2026-04-06 23:00:12 [restartedMain] INFO  o.a.c.c.C.[Tomcat].[localhost].[/] - Initializing Spring embedded WebApplicationContext
2026-04-06 23:00:12 [restartedMain] INFO  o.s.b.w.s.c.ServletWebServerApplicationContext - Root WebApplicationContext: initialization completed in 602 ms
2026-04-06 23:00:12 [restartedMain] INFO  o.h.jpa.internal.util.LogHelper - HHH000204: Processing PersistenceUnitInfo [name: default]
2026-04-06 23:00:12 [restartedMain] INFO  o.h.c.i.RegionFactoryInitiator - HHH000026: Second-level cache disabled
2026-04-06 23:00:12 [restartedMain] INFO  o.s.o.j.p.SpringPersistenceUnitInfo - No LoadTimeWeaver setup: ignoring JPA class transformer
2026-04-06 23:00:12 [restartedMain] INFO  com.zaxxer.hikari.HikariDataSource - HikariPool-4 - Starting...
2026-04-06 23:00:12 [restartedMain] INFO  com.zaxxer.hikari.pool.HikariPool - HikariPool-4 - Added connection org.postgresql.jdbc.PgConnection@1b8dc73c
2026-04-06 23:00:12 [restartedMain] INFO  com.zaxxer.hikari.HikariDataSource - HikariPool-4 - Start completed.
2026-04-06 23:00:12 [restartedMain] INFO  o.hibernate.orm.connections.pooling - HHH10001005: Database info:
	Database JDBC URL [Connecting through datasource 'HikariDataSource (HikariPool-4)']
	Database driver: undefined/unknown
	Database version: 18.3
	Autocommit mode: undefined/unknown
	Isolation level: undefined/unknown
	Minimum pool size: undefined/unknown
	Maximum pool size: undefined/unknown
2026-04-06 23:00:13 [restartedMain] INFO  o.h.e.t.j.p.i.JtaPlatformInitiator - HHH000489: No JTA platform available (set 'hibernate.transaction.jta.platform' to enable JTA platform integration)
2026-04-06 23:00:13 [restartedMain] INFO  o.s.o.j.LocalContainerEntityManagerFactoryBean - Initialized JPA EntityManagerFactory for persistence unit 'default'
2026-04-06 23:00:13 [restartedMain] WARN  o.s.b.a.o.j.JpaBaseConfiguration$JpaWebConfiguration - spring.jpa.open-in-view is enabled by default. Therefore, database queries may be performed during view rendering. Explicitly configure spring.jpa.open-in-view to disable this warning
2026-04-06 23:00:13 [restartedMain] INFO  o.s.b.d.a.OptionalLiveReloadServer - LiveReload server is running on port 35729
2026-04-06 23:00:13 [restartedMain] INFO  o.a.coyote.http11.Http11NioProtocol - Starting ProtocolHandler ["http-nio-8080"]
2026-04-06 23:00:13 [restartedMain] INFO  o.s.b.w.e.tomcat.TomcatWebServer - Tomcat started on port 8080 (http) with context path '/'
2026-04-06 23:00:13 [restartedMain] INFO  c.e.carservice.CarServiceApplication - Started CarServiceApplication in 1.879 seconds (process running for 166.388)
2026-04-06 23:00:13 [restartedMain] INFO  c.e.c.config.DataInitializer - === Создание клиентов ===
2026-04-06 23:00:13 [restartedMain] INFO  c.e.c.config.DataInitializer - === Создание машин ===
2026-04-06 23:00:13 [restartedMain] INFO  c.e.c.config.DataInitializer - === Создание механиков ===
2026-04-06 23:00:13 [restartedMain] INFO  c.e.c.config.DataInitializer - === Создание услуг ===
2026-04-06 23:00:13 [restartedMain] INFO  c.e.c.config.DataInitializer - === Создание запчастей ===
2026-04-06 23:00:13 [restartedMain] INFO  c.e.c.config.DataInitializer - === Создание заказов ===
2026-04-06 23:00:14 [restartedMain] INFO  c.e.c.config.DataInitializer - Клиентов: 4
2026-04-06 23:00:14 [restartedMain] INFO  c.e.c.config.DataInitializer - Машин: 5
2026-04-06 23:00:14 [restartedMain] INFO  c.e.c.config.DataInitializer - Механиков: 4
2026-04-06 23:00:14 [restartedMain] INFO  c.e.c.config.DataInitializer - Услуг: 5
2026-04-06 23:00:14 [restartedMain] INFO  c.e.c.config.DataInitializer - Запчастей: 5
2026-04-06 23:00:14 [restartedMain] INFO  c.e.c.config.DataInitializer - Заказов: 4
2026-04-06 23:00:14 [restartedMain] INFO  c.e.c.service.impl.OrderServiceImpl - === Без оптимизации (N+1) ===
2026-04-06 23:00:14 [restartedMain] INFO  c.e.c.service.impl.OrderServiceImpl - Загружено 4 заказов без оптимизации
2026-04-06 23:00:14 [restartedMain] DEBUG c.e.c.service.impl.OrderServiceImpl - Order 1: client Петров
2026-04-06 23:00:14 [restartedMain] DEBUG c.e.c.service.impl.OrderServiceImpl - Order 2: client Сидорова
2026-04-06 23:00:14 [restartedMain] DEBUG c.e.c.service.impl.OrderServiceImpl - Order 3: client Новикова
2026-04-06 23:00:14 [restartedMain] DEBUG c.e.c.service.impl.OrderServiceImpl - Order 4: client Петров
2026-04-06 23:00:14 [restartedMain] INFO  c.e.c.service.impl.OrderServiceImpl - === Конец N+1 ===
2026-04-06 23:00:14 [restartedMain] INFO  c.e.c.service.impl.OrderServiceImpl - === С оптимизацией (один запрос) ===
2026-04-06 23:00:14 [restartedMain] INFO  c.e.c.service.impl.OrderServiceImpl - Загружено 4 заказов с оптимизацией
2026-04-06 23:00:14 [restartedMain] DEBUG c.e.c.service.impl.OrderServiceImpl - Order 1: client Петров
2026-04-06 23:00:14 [restartedMain] DEBUG c.e.c.service.impl.OrderServiceImpl - Order 2: client Сидорова
2026-04-06 23:00:14 [restartedMain] DEBUG c.e.c.service.impl.OrderServiceImpl - Order 3: client Новикова
2026-04-06 23:00:14 [restartedMain] DEBUG c.e.c.service.impl.OrderServiceImpl - Order 4: client Петров
2026-04-06 23:00:14 [restartedMain] INFO  c.e.c.service.impl.OrderServiceImpl - === Конец оптимизации ===
2026-04-06 23:00:14 [restartedMain] INFO  c.e.c.aspect.ServiceLoggingAspect - Method OrderServiceImpl.demonstrateNplus1Problem() executed in 18 ms
2026-04-06 23:00:14 [restartedMain] INFO  c.e.c.config.DataInitializer - === Используем машину с ID: 1 ===
2026-04-06 23:00:14 [restartedMain] INFO  c.e.c.config.DataInitializer - 
=== ТЕСТ 1: Без @Transactional ===
2026-04-06 23:00:14 [restartedMain] INFO  c.e.c.service.impl.OrderServiceImpl - === СОХРАНЕНИЕ БЕЗ @Transactional ===
2026-04-06 23:00:14 [restartedMain] INFO  c.e.c.service.impl.OrderServiceImpl - 1. Заказ сохранён, ID: 5
2026-04-06 23:00:14 [restartedMain] INFO  c.e.c.service.impl.OrderServiceImpl - 2. Имитируем ошибку...
2026-04-06 23:00:14 [restartedMain] ERROR c.e.c.config.DataInitializer - Ошибка: Ошибка после частичного сохранения! Заказ остался в БД.
2026-04-06 23:00:14 [restartedMain] INFO  c.e.c.config.DataInitializer - 
=== ТЕСТ 2: С @Transactional ===
2026-04-06 23:00:14 [restartedMain] INFO  c.e.c.service.impl.OrderServiceImpl - === СОХРАНЕНИЕ С @Transactional ===
2026-04-06 23:00:14 [restartedMain] INFO  c.e.c.service.impl.OrderServiceImpl - 1. Заказ сохранён, ID: 6
2026-04-06 23:00:14 [restartedMain] INFO  c.e.c.service.impl.OrderServiceImpl - 2. Услуги добавлены
2026-04-06 23:00:14 [restartedMain] INFO  c.e.c.service.impl.OrderServiceImpl - 3. Имитируем ошибку...
2026-04-06 23:00:14 [restartedMain] ERROR c.e.c.config.DataInitializer - Ошибка: Ошибка! Всё должно откатиться.
2026-04-06 23:00:14 [restartedMain] INFO  o.s.b.d.a.ConditionEvaluationDeltaLoggingListener - Condition evaluation unchanged
2026-04-06 23:00:15 [File Watcher] INFO  o.s.b.d.a.LocalDevToolsAutoConfiguration$RestartingClassPathChangeChangedEventListener - Restarting due to 2 class path changes (2 additions, 0 deletions, 0 modifications)
2026-04-06 23:00:15 [Thread-15] INFO  o.s.b.w.e.tomcat.GracefulShutdown - Commencing graceful shutdown. Waiting for active requests to complete
2026-04-06 23:00:15 [tomcat-shutdown] INFO  o.a.coyote.http11.Http11NioProtocol - Pausing ProtocolHandler ["http-nio-8080"]
2026-04-06 23:00:15 [tomcat-shutdown] INFO  o.s.b.w.e.tomcat.GracefulShutdown - Graceful shutdown complete
2026-04-06 23:00:15 [Thread-15] INFO  o.a.coyote.http11.Http11NioProtocol - Stopping ProtocolHandler ["http-nio-8080"]
2026-04-06 23:00:15 [Thread-15] INFO  o.s.o.j.LocalContainerEntityManagerFactoryBean - Closing JPA EntityManagerFactory for persistence unit 'default'
2026-04-06 23:00:15 [Thread-15] INFO  com.zaxxer.hikari.HikariDataSource - HikariPool-4 - Shutdown initiated...
2026-04-06 23:00:15 [Thread-15] INFO  com.zaxxer.hikari.HikariDataSource - HikariPool-4 - Shutdown completed.
2026-04-06 23:00:15 [restartedMain] INFO  c.e.carservice.CarServiceApplication - Starting CarServiceApplication using Java 25.0.2 with PID 32616 (D:\Java\carService\target\classes started by Dzmitry in D:\Java\carService)
2026-04-06 23:00:15 [restartedMain] DEBUG c.e.carservice.CarServiceApplication - Running with Spring Boot v3.5.6, Spring v6.2.11
2026-04-06 23:00:15 [restartedMain] INFO  c.e.carservice.CarServiceApplication - The following 1 profile is active: "local"
2026-04-06 23:00:15 [restartedMain] INFO  o.s.d.r.c.RepositoryConfigurationDelegate - Bootstrapping Spring Data JPA repositories in DEFAULT mode.
2026-04-06 23:00:15 [restartedMain] INFO  o.s.d.r.c.RepositoryConfigurationDelegate - Finished Spring Data repository scanning in 13 ms. Found 7 JPA repository interfaces.
2026-04-06 23:00:15 [restartedMain] INFO  o.s.b.w.e.tomcat.TomcatWebServer - Tomcat initialized with port 8080 (http)
2026-04-06 23:00:15 [restartedMain] INFO  o.a.coyote.http11.Http11NioProtocol - Initializing ProtocolHandler ["http-nio-8080"]
2026-04-06 23:00:15 [restartedMain] INFO  o.a.catalina.core.StandardService - Starting service [Tomcat]
2026-04-06 23:00:15 [restartedMain] INFO  o.a.catalina.core.StandardEngine - Starting Servlet engine: [Apache Tomcat/10.1.46]
2026-04-06 23:00:15 [restartedMain] INFO  o.a.c.c.C.[Tomcat].[localhost].[/] - Initializing Spring embedded WebApplicationContext
2026-04-06 23:00:15 [restartedMain] INFO  o.s.b.w.s.c.ServletWebServerApplicationContext - Root WebApplicationContext: initialization completed in 234 ms
2026-04-06 23:00:15 [restartedMain] INFO  o.h.jpa.internal.util.LogHelper - HHH000204: Processing PersistenceUnitInfo [name: default]
2026-04-06 23:00:15 [restartedMain] INFO  o.h.c.i.RegionFactoryInitiator - HHH000026: Second-level cache disabled
2026-04-06 23:00:15 [restartedMain] INFO  o.s.o.j.p.SpringPersistenceUnitInfo - No LoadTimeWeaver setup: ignoring JPA class transformer
2026-04-06 23:00:15 [restartedMain] INFO  com.zaxxer.hikari.HikariDataSource - HikariPool-5 - Starting...
2026-04-06 23:00:15 [restartedMain] INFO  com.zaxxer.hikari.pool.HikariPool - HikariPool-5 - Added connection org.postgresql.jdbc.PgConnection@158e68d2
2026-04-06 23:00:15 [restartedMain] INFO  com.zaxxer.hikari.HikariDataSource - HikariPool-5 - Start completed.
2026-04-06 23:00:15 [restartedMain] INFO  o.hibernate.orm.connections.pooling - HHH10001005: Database info:
	Database JDBC URL [Connecting through datasource 'HikariDataSource (HikariPool-5)']
	Database driver: undefined/unknown
	Database version: 18.3
	Autocommit mode: undefined/unknown
	Isolation level: undefined/unknown
	Minimum pool size: undefined/unknown
	Maximum pool size: undefined/unknown
2026-04-06 23:00:15 [restartedMain] INFO  o.h.e.t.j.p.i.JtaPlatformInitiator - HHH000489: No JTA platform available (set 'hibernate.transaction.jta.platform' to enable JTA platform integration)
2026-04-06 23:00:15 [restartedMain] INFO  o.s.o.j.LocalContainerEntityManagerFactoryBean - Initialized JPA EntityManagerFactory for persistence unit 'default'
2026-04-06 23:00:16 [restartedMain] WARN  o.s.b.a.o.j.JpaBaseConfiguration$JpaWebConfiguration - spring.jpa.open-in-view is enabled by default. Therefore, database queries may be performed during view rendering. Explicitly configure spring.jpa.open-in-view to disable this warning
2026-04-06 23:00:16 [restartedMain] INFO  o.s.b.d.a.OptionalLiveReloadServer - LiveReload server is running on port 35729
2026-04-06 23:00:16 [restartedMain] INFO  o.a.coyote.http11.Http11NioProtocol - Starting ProtocolHandler ["http-nio-8080"]
2026-04-06 23:00:16 [restartedMain] INFO  o.s.b.w.e.tomcat.TomcatWebServer - Tomcat started on port 8080 (http) with context path '/'
2026-04-06 23:00:16 [restartedMain] INFO  c.e.carservice.CarServiceApplication - Started CarServiceApplication in 1.59 seconds (process running for 169.49)
2026-04-06 23:00:16 [restartedMain] INFO  c.e.c.config.DataInitializer - === Создание клиентов ===
2026-04-06 23:00:16 [restartedMain] INFO  c.e.c.config.DataInitializer - === Создание машин ===
2026-04-06 23:00:17 [restartedMain] INFO  c.e.c.config.DataInitializer - === Создание механиков ===
2026-04-06 23:00:17 [restartedMain] INFO  c.e.c.config.DataInitializer - === Создание услуг ===
2026-04-06 23:00:17 [restartedMain] INFO  c.e.c.config.DataInitializer - === Создание запчастей ===
2026-04-06 23:00:17 [restartedMain] INFO  c.e.c.config.DataInitializer - === Создание заказов ===
2026-04-06 23:00:17 [restartedMain] INFO  c.e.c.config.DataInitializer - Клиентов: 4
2026-04-06 23:00:17 [restartedMain] INFO  c.e.c.config.DataInitializer - Машин: 5
2026-04-06 23:00:17 [restartedMain] INFO  c.e.c.config.DataInitializer - Механиков: 4
2026-04-06 23:00:17 [restartedMain] INFO  c.e.c.config.DataInitializer - Услуг: 5
2026-04-06 23:00:17 [restartedMain] INFO  c.e.c.config.DataInitializer - Запчастей: 5
2026-04-06 23:00:17 [restartedMain] INFO  c.e.c.config.DataInitializer - Заказов: 4
2026-04-06 23:00:17 [restartedMain] INFO  c.e.c.service.impl.OrderServiceImpl - === Без оптимизации (N+1) ===
2026-04-06 23:00:17 [restartedMain] INFO  c.e.c.service.impl.OrderServiceImpl - Загружено 4 заказов без оптимизации
2026-04-06 23:00:17 [restartedMain] DEBUG c.e.c.service.impl.OrderServiceImpl - Order 1: client Петров
2026-04-06 23:00:17 [restartedMain] DEBUG c.e.c.service.impl.OrderServiceImpl - Order 2: client Сидорова
2026-04-06 23:00:17 [restartedMain] DEBUG c.e.c.service.impl.OrderServiceImpl - Order 3: client Новикова
2026-04-06 23:00:17 [restartedMain] DEBUG c.e.c.service.impl.OrderServiceImpl - Order 4: client Петров
2026-04-06 23:00:17 [restartedMain] INFO  c.e.c.service.impl.OrderServiceImpl - === Конец N+1 ===
2026-04-06 23:00:17 [restartedMain] INFO  c.e.c.service.impl.OrderServiceImpl - === С оптимизацией (один запрос) ===
2026-04-06 23:00:17 [restartedMain] INFO  c.e.c.service.impl.OrderServiceImpl - Загружено 4 заказов с оптимизацией
2026-04-06 23:00:17 [restartedMain] DEBUG c.e.c.service.impl.OrderServiceImpl - Order 1: client Петров
2026-04-06 23:00:17 [restartedMain] DEBUG c.e.c.service.impl.OrderServiceImpl - Order 2: client Сидорова
2026-04-06 23:00:17 [restartedMain] DEBUG c.e.c.service.impl.OrderServiceImpl - Order 3: client Новикова
2026-04-06 23:00:17 [restartedMain] DEBUG c.e.c.service.impl.OrderServiceImpl - Order 4: client Петров
2026-04-06 23:00:17 [restartedMain] INFO  c.e.c.service.impl.OrderServiceImpl - === Конец оптимизации ===
2026-04-06 23:00:17 [restartedMain] INFO  c.e.c.aspect.ServiceLoggingAspect - Method OrderServiceImpl.demonstrateNplus1Problem() executed in 26 ms
2026-04-06 23:00:17 [restartedMain] INFO  c.e.c.config.DataInitializer - === Используем машину с ID: 1 ===
2026-04-06 23:00:17 [restartedMain] INFO  c.e.c.config.DataInitializer - 
=== ТЕСТ 1: Без @Transactional ===
2026-04-06 23:00:17 [restartedMain] INFO  c.e.c.service.impl.OrderServiceImpl - === СОХРАНЕНИЕ БЕЗ @Transactional ===
2026-04-06 23:00:17 [restartedMain] INFO  c.e.c.service.impl.OrderServiceImpl - 1. Заказ сохранён, ID: 5
2026-04-06 23:00:17 [restartedMain] INFO  c.e.c.service.impl.OrderServiceImpl - 2. Имитируем ошибку...
2026-04-06 23:00:17 [restartedMain] ERROR c.e.c.config.DataInitializer - Ошибка: Ошибка после частичного сохранения! Заказ остался в БД.
2026-04-06 23:00:17 [restartedMain] INFO  c.e.c.config.DataInitializer - 
=== ТЕСТ 2: С @Transactional ===
2026-04-06 23:00:17 [restartedMain] INFO  c.e.c.service.impl.OrderServiceImpl - === СОХРАНЕНИЕ С @Transactional ===
2026-04-06 23:00:17 [restartedMain] INFO  c.e.c.service.impl.OrderServiceImpl - 1. Заказ сохранён, ID: 6
2026-04-06 23:00:17 [restartedMain] INFO  c.e.c.service.impl.OrderServiceImpl - 2. Услуги добавлены
2026-04-06 23:00:17 [restartedMain] INFO  c.e.c.service.impl.OrderServiceImpl - 3. Имитируем ошибку...
2026-04-06 23:00:17 [restartedMain] ERROR c.e.c.config.DataInitializer - Ошибка: Ошибка! Всё должно откатиться.
2026-04-06 23:00:17 [restartedMain] INFO  o.s.b.d.a.ConditionEvaluationDeltaLoggingListener - Condition evaluation unchanged
2026-04-06 23:00:18 [File Watcher] INFO  o.s.b.d.a.LocalDevToolsAutoConfiguration$RestartingClassPathChangeChangedEventListener - Restarting due to 2 class path changes (0 additions, 2 deletions, 0 modifications)
2026-04-06 23:00:18 [Thread-19] INFO  o.s.b.w.e.tomcat.GracefulShutdown - Commencing graceful shutdown. Waiting for active requests to complete
2026-04-06 23:00:18 [tomcat-shutdown] INFO  o.a.coyote.http11.Http11NioProtocol - Pausing ProtocolHandler ["http-nio-8080"]
2026-04-06 23:00:18 [tomcat-shutdown] INFO  o.s.b.w.e.tomcat.GracefulShutdown - Graceful shutdown complete
2026-04-06 23:00:18 [Thread-19] INFO  o.a.coyote.http11.Http11NioProtocol - Stopping ProtocolHandler ["http-nio-8080"]
2026-04-06 23:00:18 [Thread-19] INFO  o.s.o.j.LocalContainerEntityManagerFactoryBean - Closing JPA EntityManagerFactory for persistence unit 'default'
2026-04-06 23:00:18 [Thread-19] INFO  com.zaxxer.hikari.HikariDataSource - HikariPool-5 - Shutdown initiated...
2026-04-06 23:00:18 [Thread-19] INFO  com.zaxxer.hikari.HikariDataSource - HikariPool-5 - Shutdown completed.
2026-04-06 23:00:18 [restartedMain] INFO  c.e.carservice.CarServiceApplication - Starting CarServiceApplication using Java 25.0.2 with PID 32616 (D:\Java\carService\target\classes started by Dzmitry in D:\Java\carService)
2026-04-06 23:00:18 [restartedMain] DEBUG c.e.carservice.CarServiceApplication - Running with Spring Boot v3.5.6, Spring v6.2.11
2026-04-06 23:00:18 [restartedMain] INFO  c.e.carservice.CarServiceApplication - The following 1 profile is active: "local"
2026-04-06 23:00:18 [restartedMain] INFO  o.s.d.r.c.RepositoryConfigurationDelegate - Bootstrapping Spring Data JPA repositories in DEFAULT mode.
2026-04-06 23:00:18 [restartedMain] INFO  o.s.d.r.c.RepositoryConfigurationDelegate - Finished Spring Data repository scanning in 32 ms. Found 7 JPA repository interfaces.
2026-04-06 23:00:19 [restartedMain] INFO  o.s.b.w.e.tomcat.TomcatWebServer - Tomcat initialized with port 8080 (http)
2026-04-06 23:00:19 [restartedMain] INFO  o.a.coyote.http11.Http11NioProtocol - Initializing ProtocolHandler ["http-nio-8080"]
2026-04-06 23:00:19 [restartedMain] INFO  o.a.catalina.core.StandardService - Starting service [Tomcat]
2026-04-06 23:00:19 [restartedMain] INFO  o.a.catalina.core.StandardEngine - Starting Servlet engine: [Apache Tomcat/10.1.46]
2026-04-06 23:00:19 [restartedMain] INFO  o.a.c.c.C.[Tomcat].[localhost].[/] - Initializing Spring embedded WebApplicationContext
2026-04-06 23:00:19 [restartedMain] INFO  o.s.b.w.s.c.ServletWebServerApplicationContext - Root WebApplicationContext: initialization completed in 551 ms
2026-04-06 23:00:19 [restartedMain] INFO  o.h.jpa.internal.util.LogHelper - HHH000204: Processing PersistenceUnitInfo [name: default]
2026-04-06 23:00:19 [restartedMain] INFO  o.h.c.i.RegionFactoryInitiator - HHH000026: Second-level cache disabled
2026-04-06 23:00:19 [restartedMain] INFO  o.s.o.j.p.SpringPersistenceUnitInfo - No LoadTimeWeaver setup: ignoring JPA class transformer
2026-04-06 23:00:19 [restartedMain] INFO  com.zaxxer.hikari.HikariDataSource - HikariPool-6 - Starting...
2026-04-06 23:00:19 [restartedMain] INFO  com.zaxxer.hikari.pool.HikariPool - HikariPool-6 - Added connection org.postgresql.jdbc.PgConnection@65a72703
2026-04-06 23:00:19 [restartedMain] INFO  com.zaxxer.hikari.HikariDataSource - HikariPool-6 - Start completed.
2026-04-06 23:00:19 [restartedMain] INFO  o.hibernate.orm.connections.pooling - HHH10001005: Database info:
	Database JDBC URL [Connecting through datasource 'HikariDataSource (HikariPool-6)']
	Database driver: undefined/unknown
	Database version: 18.3
	Autocommit mode: undefined/unknown
	Isolation level: undefined/unknown
	Minimum pool size: undefined/unknown
	Maximum pool size: undefined/unknown
2026-04-06 23:00:19 [restartedMain] INFO  o.h.e.t.j.p.i.JtaPlatformInitiator - HHH000489: No JTA platform available (set 'hibernate.transaction.jta.platform' to enable JTA platform integration)
2026-04-06 23:00:19 [restartedMain] INFO  o.s.o.j.LocalContainerEntityManagerFactoryBean - Initialized JPA EntityManagerFactory for persistence unit 'default'
2026-04-06 23:00:20 [restartedMain] WARN  o.s.b.w.s.c.AnnotationConfigServletWebServerApplicationContext - Exception encountered during context initialization - cancelling refresh attempt: org.springframework.beans.factory.UnsatisfiedDependencyException: Error creating bean with name 'dataInitializer' defined in file [D:\Java\carService\target\classes\com\example\carservice\config\DataInitializer.class]: Unsatisfied dependency expressed through constructor parameter 6: Error creating bean with name 'orderServiceImpl': Lookup method resolution failed
2026-04-06 23:00:20 [restartedMain] INFO  o.s.o.j.LocalContainerEntityManagerFactoryBean - Closing JPA EntityManagerFactory for persistence unit 'default'
2026-04-06 23:00:20 [restartedMain] INFO  com.zaxxer.hikari.HikariDataSource - HikariPool-6 - Shutdown initiated...
2026-04-06 23:00:20 [restartedMain] INFO  com.zaxxer.hikari.HikariDataSource - HikariPool-6 - Shutdown completed.
2026-04-06 23:00:20 [restartedMain] INFO  o.a.catalina.core.StandardService - Stopping service [Tomcat]
2026-04-06 23:00:20 [restartedMain] INFO  o.s.b.a.l.ConditionEvaluationReportLogger - 

Error starting ApplicationContext. To display the condition evaluation report re-run your application with 'debug' enabled.
2026-04-06 23:00:20 [restartedMain] ERROR o.s.boot.SpringApplication - Application run failed
org.springframework.beans.factory.UnsatisfiedDependencyException: Error creating bean with name 'dataInitializer' defined in file [D:\Java\carService\target\classes\com\example\carservice\config\DataInitializer.class]: Unsatisfied dependency expressed through constructor parameter 6: Error creating bean with name 'orderServiceImpl': Lookup method resolution failed
	at org.springframework.beans.factory.support.ConstructorResolver.createArgumentArray(ConstructorResolver.java:804)
	at org.springframework.beans.factory.support.ConstructorResolver.autowireConstructor(ConstructorResolver.java:240)
	at org.springframework.beans.factory.support.AbstractAutowireCapableBeanFactory.autowireConstructor(AbstractAutowireCapableBeanFactory.java:1395)
	at org.springframework.beans.factory.support.AbstractAutowireCapableBeanFactory.createBeanInstance(AbstractAutowireCapableBeanFactory.java:1232)
	at org.springframework.beans.factory.support.AbstractAutowireCapableBeanFactory.doCreateBean(AbstractAutowireCapableBeanFactory.java:569)
	at org.springframework.beans.factory.support.AbstractAutowireCapableBeanFactory.createBean(AbstractAutowireCapableBeanFactory.java:529)
	at org.springframework.beans.factory.support.AbstractBeanFactory.lambda$doGetBean$0(AbstractBeanFactory.java:339)
	at org.springframework.beans.factory.support.DefaultSingletonBeanRegistry.getSingleton(DefaultSingletonBeanRegistry.java:373)
	at org.springframework.beans.factory.support.AbstractBeanFactory.doGetBean(AbstractBeanFactory.java:337)
	at org.springframework.beans.factory.support.AbstractBeanFactory.getBean(AbstractBeanFactory.java:202)
	at org.springframework.beans.factory.support.DefaultListableBeanFactory.instantiateSingleton(DefaultListableBeanFactory.java:1221)
	at org.springframework.beans.factory.support.DefaultListableBeanFactory.preInstantiateSingleton(DefaultListableBeanFactory.java:1187)
	at org.springframework.beans.factory.support.DefaultListableBeanFactory.preInstantiateSingletons(DefaultListableBeanFactory.java:1123)
	at org.springframework.context.support.AbstractApplicationContext.finishBeanFactoryInitialization(AbstractApplicationContext.java:987)
	at org.springframework.context.support.AbstractApplicationContext.refresh(AbstractApplicationContext.java:627)
	at org.springframework.boot.web.servlet.context.ServletWebServerApplicationContext.refresh(ServletWebServerApplicationContext.java:146)
	at org.springframework.boot.SpringApplication.refresh(SpringApplication.java:752)
	at org.springframework.boot.SpringApplication.refreshContext(SpringApplication.java:439)
	at org.springframework.boot.SpringApplication.run(SpringApplication.java:318)
	at org.springframework.boot.SpringApplication.run(SpringApplication.java:1361)
	at org.springframework.boot.SpringApplication.run(SpringApplication.java:1350)
	at com.example.carservice.CarServiceApplication.main(CarServiceApplication.java:10)
	at java.base/jdk.internal.reflect.DirectMethodHandleAccessor.invoke(DirectMethodHandleAccessor.java:104)
	at java.base/java.lang.reflect.Method.invoke(Method.java:565)
	at org.springframework.boot.devtools.restart.RestartLauncher.run(RestartLauncher.java:50)
Caused by: org.springframework.beans.factory.BeanCreationException: Error creating bean with name 'orderServiceImpl': Lookup method resolution failed
	at org.springframework.beans.factory.annotation.AutowiredAnnotationBeanPostProcessor.checkLookupMethods(AutowiredAnnotationBeanPostProcessor.java:498)
	at org.springframework.beans.factory.annotation.AutowiredAnnotationBeanPostProcessor.determineCandidateConstructors(AutowiredAnnotationBeanPostProcessor.java:368)
	at org.springframework.beans.factory.support.AbstractAutowireCapableBeanFactory.determineConstructorsFromBeanPostProcessors(AbstractAutowireCapableBeanFactory.java:1334)
	at org.springframework.beans.factory.support.AbstractAutowireCapableBeanFactory.createBeanInstance(AbstractAutowireCapableBeanFactory.java:1229)
	at org.springframework.beans.factory.support.AbstractAutowireCapableBeanFactory.doCreateBean(AbstractAutowireCapableBeanFactory.java:569)
	at org.springframework.beans.factory.support.AbstractAutowireCapableBeanFactory.createBean(AbstractAutowireCapableBeanFactory.java:529)
	at org.springframework.beans.factory.support.AbstractBeanFactory.lambda$doGetBean$0(AbstractBeanFactory.java:339)
	at org.springframework.beans.factory.support.DefaultSingletonBeanRegistry.getSingleton(DefaultSingletonBeanRegistry.java:373)
	at org.springframework.beans.factory.support.AbstractBeanFactory.doGetBean(AbstractBeanFactory.java:337)
	at org.springframework.beans.factory.support.AbstractBeanFactory.getBean(AbstractBeanFactory.java:202)
	at org.springframework.beans.factory.config.DependencyDescriptor.resolveCandidate(DependencyDescriptor.java:254)
	at org.springframework.beans.factory.support.DefaultListableBeanFactory.doResolveDependency(DefaultListableBeanFactory.java:1760)
	at org.springframework.beans.factory.support.DefaultListableBeanFactory.resolveDependency(DefaultListableBeanFactory.java:1643)
	at org.springframework.beans.factory.support.ConstructorResolver.resolveAutowiredArgument(ConstructorResolver.java:913)
	at org.springframework.beans.factory.support.ConstructorResolver.createArgumentArray(ConstructorResolver.java:791)
	... 24 common frames omitted
Caused by: java.lang.IllegalStateException: Failed to introspect Class [com.example.carservice.service.impl.OrderServiceImpl] from ClassLoader [org.springframework.boot.devtools.restart.classloader.RestartClassLoader@6863595e]
	at org.springframework.util.ReflectionUtils.getDeclaredMethods(ReflectionUtils.java:483)
	at org.springframework.util.ReflectionUtils.doWithLocalMethods(ReflectionUtils.java:320)
	at org.springframework.beans.factory.annotation.AutowiredAnnotationBeanPostProcessor.checkLookupMethods(AutowiredAnnotationBeanPostProcessor.java:476)
	... 38 common frames omitted
Caused by: java.lang.NoClassDefFoundError: com/example/carservice/dto/OrderDto
	at java.base/java.lang.Class.getDeclaredMethods0(Native Method)
	at java.base/java.lang.Class.privateGetDeclaredMethods(Class.java:3010)
	at java.base/java.lang.Class.getDeclaredMethods(Class.java:2329)
	at org.springframework.util.ReflectionUtils.getDeclaredMethods(ReflectionUtils.java:465)
	... 40 common frames omitted
Caused by: java.lang.ClassNotFoundException: com.example.carservice.dto.OrderDto
	at java.base/jdk.internal.loader.BuiltinClassLoader.loadClass(BuiltinClassLoader.java:580)
	at java.base/java.lang.ClassLoader.loadClass(ClassLoader.java:490)
	at java.base/java.lang.Class.forName0(Native Method)
	at java.base/java.lang.Class.forName(Class.java:547)
	at org.springframework.boot.devtools.restart.classloader.RestartClassLoader.loadClass(RestartClassLoader.java:121)
	at java.base/java.lang.ClassLoader.loadClass(ClassLoader.java:490)
	... 44 common frames omitted
2026-04-06 23:00:21 [restartedMain] INFO  c.e.carservice.CarServiceApplication - Starting CarServiceApplication using Java 25.0.2 with PID 32616 (D:\Java\carService\target\classes started by Dzmitry in D:\Java\carService)
2026-04-06 23:00:21 [restartedMain] DEBUG c.e.carservice.CarServiceApplication - Running with Spring Boot v3.5.6, Spring v6.2.11
2026-04-06 23:00:21 [restartedMain] INFO  c.e.carservice.CarServiceApplication - The following 1 profile is active: "local"
2026-04-06 23:00:21 [restartedMain] INFO  o.s.d.r.c.RepositoryConfigurationDelegate - Bootstrapping Spring Data JPA repositories in DEFAULT mode.
2026-04-06 23:00:21 [restartedMain] INFO  o.s.d.r.c.RepositoryConfigurationDelegate - Finished Spring Data repository scanning in 12 ms. Found 7 JPA repository interfaces.
2026-04-06 23:00:22 [restartedMain] INFO  o.s.b.w.e.tomcat.TomcatWebServer - Tomcat initialized with port 8080 (http)
2026-04-06 23:00:22 [restartedMain] INFO  o.a.coyote.http11.Http11NioProtocol - Initializing ProtocolHandler ["http-nio-8080"]
2026-04-06 23:00:22 [restartedMain] INFO  o.a.catalina.core.StandardService - Starting service [Tomcat]
2026-04-06 23:00:22 [restartedMain] INFO  o.a.catalina.core.StandardEngine - Starting Servlet engine: [Apache Tomcat/10.1.46]
2026-04-06 23:00:22 [restartedMain] INFO  o.a.c.c.C.[Tomcat-1].[localhost].[/] - Initializing Spring embedded WebApplicationContext
2026-04-06 23:00:22 [restartedMain] INFO  o.s.b.w.s.c.ServletWebServerApplicationContext - Root WebApplicationContext: initialization completed in 228 ms
2026-04-06 23:00:22 [restartedMain] INFO  o.h.jpa.internal.util.LogHelper - HHH000204: Processing PersistenceUnitInfo [name: default]
2026-04-06 23:00:22 [restartedMain] INFO  o.h.c.i.RegionFactoryInitiator - HHH000026: Second-level cache disabled
2026-04-06 23:00:22 [restartedMain] INFO  o.s.o.j.p.SpringPersistenceUnitInfo - No LoadTimeWeaver setup: ignoring JPA class transformer
2026-04-06 23:00:22 [restartedMain] INFO  com.zaxxer.hikari.HikariDataSource - HikariPool-7 - Starting...
2026-04-06 23:00:22 [restartedMain] INFO  com.zaxxer.hikari.pool.HikariPool - HikariPool-7 - Added connection org.postgresql.jdbc.PgConnection@308c1a03
2026-04-06 23:00:22 [restartedMain] INFO  com.zaxxer.hikari.HikariDataSource - HikariPool-7 - Start completed.
2026-04-06 23:00:22 [restartedMain] INFO  o.hibernate.orm.connections.pooling - HHH10001005: Database info:
	Database JDBC URL [Connecting through datasource 'HikariDataSource (HikariPool-7)']
	Database driver: undefined/unknown
	Database version: 18.3
	Autocommit mode: undefined/unknown
	Isolation level: undefined/unknown
	Minimum pool size: undefined/unknown
	Maximum pool size: undefined/unknown
2026-04-06 23:00:22 [restartedMain] INFO  o.h.e.t.j.p.i.JtaPlatformInitiator - HHH000489: No JTA platform available (set 'hibernate.transaction.jta.platform' to enable JTA platform integration)
2026-04-06 23:00:22 [restartedMain] INFO  o.s.o.j.LocalContainerEntityManagerFactoryBean - Initialized JPA EntityManagerFactory for persistence unit 'default'
2026-04-06 23:00:22 [restartedMain] WARN  o.s.b.a.o.j.JpaBaseConfiguration$JpaWebConfiguration - spring.jpa.open-in-view is enabled by default. Therefore, database queries may be performed during view rendering. Explicitly configure spring.jpa.open-in-view to disable this warning
2026-04-06 23:00:22 [restartedMain] INFO  o.s.b.d.a.OptionalLiveReloadServer - LiveReload server is running on port 35729
2026-04-06 23:00:22 [restartedMain] INFO  o.a.coyote.http11.Http11NioProtocol - Starting ProtocolHandler ["http-nio-8080"]
2026-04-06 23:00:22 [restartedMain] INFO  o.s.b.w.e.tomcat.TomcatWebServer - Tomcat started on port 8080 (http) with context path '/'
2026-04-06 23:00:22 [restartedMain] INFO  c.e.carservice.CarServiceApplication - Started CarServiceApplication in 0.951 seconds (process running for 175.267)
2026-04-06 23:00:22 [restartedMain] INFO  c.e.c.config.DataInitializer - === Создание клиентов ===
2026-04-06 23:00:22 [restartedMain] INFO  c.e.c.config.DataInitializer - === Создание машин ===
2026-04-06 23:00:22 [restartedMain] INFO  c.e.c.config.DataInitializer - === Создание механиков ===
2026-04-06 23:00:22 [restartedMain] INFO  c.e.c.config.DataInitializer - === Создание услуг ===
2026-04-06 23:00:22 [restartedMain] INFO  c.e.c.config.DataInitializer - === Создание запчастей ===
2026-04-06 23:00:22 [restartedMain] INFO  c.e.c.config.DataInitializer - === Создание заказов ===
2026-04-06 23:00:22 [restartedMain] INFO  c.e.c.config.DataInitializer - Клиентов: 4
2026-04-06 23:00:22 [restartedMain] INFO  c.e.c.config.DataInitializer - Машин: 5
2026-04-06 23:00:22 [restartedMain] INFO  c.e.c.config.DataInitializer - Механиков: 4
2026-04-06 23:00:22 [restartedMain] INFO  c.e.c.config.DataInitializer - Услуг: 5
2026-04-06 23:00:22 [restartedMain] INFO  c.e.c.config.DataInitializer - Запчастей: 5
2026-04-06 23:00:22 [restartedMain] INFO  c.e.c.config.DataInitializer - Заказов: 4
2026-04-06 23:00:22 [restartedMain] INFO  c.e.c.service.impl.OrderServiceImpl - === Без оптимизации (N+1) ===
2026-04-06 23:00:22 [restartedMain] INFO  c.e.c.service.impl.OrderServiceImpl - Загружено 4 заказов без оптимизации
2026-04-06 23:00:22 [restartedMain] DEBUG c.e.c.service.impl.OrderServiceImpl - Order 1: client Петров
2026-04-06 23:00:22 [restartedMain] DEBUG c.e.c.service.impl.OrderServiceImpl - Order 2: client Сидорова
2026-04-06 23:00:22 [restartedMain] DEBUG c.e.c.service.impl.OrderServiceImpl - Order 3: client Новикова
2026-04-06 23:00:22 [restartedMain] DEBUG c.e.c.service.impl.OrderServiceImpl - Order 4: client Петров
2026-04-06 23:00:22 [restartedMain] INFO  c.e.c.service.impl.OrderServiceImpl - === Конец N+1 ===
2026-04-06 23:00:22 [restartedMain] INFO  c.e.c.service.impl.OrderServiceImpl - === С оптимизацией (один запрос) ===
2026-04-06 23:00:22 [restartedMain] INFO  c.e.c.service.impl.OrderServiceImpl - Загружено 4 заказов с оптимизацией
2026-04-06 23:00:22 [restartedMain] DEBUG c.e.c.service.impl.OrderServiceImpl - Order 1: client Петров
2026-04-06 23:00:22 [restartedMain] DEBUG c.e.c.service.impl.OrderServiceImpl - Order 2: client Сидорова
2026-04-06 23:00:22 [restartedMain] DEBUG c.e.c.service.impl.OrderServiceImpl - Order 3: client Новикова
2026-04-06 23:00:22 [restartedMain] DEBUG c.e.c.service.impl.OrderServiceImpl - Order 4: client Петров
2026-04-06 23:00:22 [restartedMain] INFO  c.e.c.service.impl.OrderServiceImpl - === Конец оптимизации ===
2026-04-06 23:00:22 [restartedMain] INFO  c.e.c.aspect.ServiceLoggingAspect - Method OrderServiceImpl.demonstrateNplus1Problem() executed in 20 ms
2026-04-06 23:00:22 [restartedMain] INFO  c.e.c.config.DataInitializer - === Используем машину с ID: 1 ===
2026-04-06 23:00:22 [restartedMain] INFO  c.e.c.config.DataInitializer - 
=== ТЕСТ 1: Без @Transactional ===
2026-04-06 23:00:22 [restartedMain] INFO  c.e.c.service.impl.OrderServiceImpl - === СОХРАНЕНИЕ БЕЗ @Transactional ===
2026-04-06 23:00:22 [restartedMain] INFO  c.e.c.service.impl.OrderServiceImpl - 1. Заказ сохранён, ID: 5
2026-04-06 23:00:22 [restartedMain] INFO  c.e.c.service.impl.OrderServiceImpl - 2. Имитируем ошибку...
2026-04-06 23:00:22 [restartedMain] ERROR c.e.c.config.DataInitializer - Ошибка: Ошибка после частичного сохранения! Заказ остался в БД.
2026-04-06 23:00:22 [restartedMain] INFO  c.e.c.config.DataInitializer - 
=== ТЕСТ 2: С @Transactional ===
2026-04-06 23:00:22 [restartedMain] INFO  c.e.c.service.impl.OrderServiceImpl - === СОХРАНЕНИЕ С @Transactional ===
2026-04-06 23:00:22 [restartedMain] INFO  c.e.c.service.impl.OrderServiceImpl - 1. Заказ сохранён, ID: 6
2026-04-06 23:00:22 [restartedMain] INFO  c.e.c.service.impl.OrderServiceImpl - 2. Услуги добавлены
2026-04-06 23:00:22 [restartedMain] INFO  c.e.c.service.impl.OrderServiceImpl - 3. Имитируем ошибку...
2026-04-06 23:00:22 [restartedMain] ERROR c.e.c.config.DataInitializer - Ошибка: Ошибка! Всё должно откатиться.
2026-04-06 23:00:22 [restartedMain] INFO  o.s.b.d.a.ConditionEvaluationDeltaLoggingListener - Condition evaluation unchanged
2026-04-06 23:00:25 [File Watcher] INFO  o.s.b.d.a.LocalDevToolsAutoConfiguration$RestartingClassPathChangeChangedEventListener - Restarting due to 2 class path changes (0 additions, 2 deletions, 0 modifications)
2026-04-06 23:00:25 [Thread-23] INFO  o.s.b.w.e.tomcat.GracefulShutdown - Commencing graceful shutdown. Waiting for active requests to complete
2026-04-06 23:00:25 [tomcat-shutdown] INFO  o.a.coyote.http11.Http11NioProtocol - Pausing ProtocolHandler ["http-nio-8080"]
2026-04-06 23:00:25 [tomcat-shutdown] INFO  o.s.b.w.e.tomcat.GracefulShutdown - Graceful shutdown complete
2026-04-06 23:00:25 [Thread-23] INFO  o.a.coyote.http11.Http11NioProtocol - Stopping ProtocolHandler ["http-nio-8080"]
2026-04-06 23:00:25 [Thread-23] INFO  o.s.o.j.LocalContainerEntityManagerFactoryBean - Closing JPA EntityManagerFactory for persistence unit 'default'
2026-04-06 23:00:25 [Thread-23] INFO  com.zaxxer.hikari.HikariDataSource - HikariPool-7 - Shutdown initiated...
2026-04-06 23:00:25 [Thread-23] INFO  com.zaxxer.hikari.HikariDataSource - HikariPool-7 - Shutdown completed.
2026-04-06 23:00:25 [restartedMain] INFO  c.e.carservice.CarServiceApplication - Starting CarServiceApplication using Java 25.0.2 with PID 32616 (D:\Java\carService\target\classes started by Dzmitry in D:\Java\carService)
2026-04-06 23:00:25 [restartedMain] DEBUG c.e.carservice.CarServiceApplication - Running with Spring Boot v3.5.6, Spring v6.2.11
2026-04-06 23:00:25 [restartedMain] INFO  c.e.carservice.CarServiceApplication - The following 1 profile is active: "local"
2026-04-06 23:00:25 [restartedMain] INFO  o.s.d.r.c.RepositoryConfigurationDelegate - Bootstrapping Spring Data JPA repositories in DEFAULT mode.
2026-04-06 23:00:25 [restartedMain] INFO  o.s.d.r.c.RepositoryConfigurationDelegate - Finished Spring Data repository scanning in 35 ms. Found 7 JPA repository interfaces.
2026-04-06 23:00:25 [restartedMain] INFO  o.s.b.w.e.tomcat.TomcatWebServer - Tomcat initialized with port 8080 (http)
2026-04-06 23:00:25 [restartedMain] INFO  o.a.coyote.http11.Http11NioProtocol - Initializing ProtocolHandler ["http-nio-8080"]
2026-04-06 23:00:25 [restartedMain] INFO  o.a.catalina.core.StandardService - Starting service [Tomcat]
2026-04-06 23:00:25 [restartedMain] INFO  o.a.catalina.core.StandardEngine - Starting Servlet engine: [Apache Tomcat/10.1.46]
2026-04-06 23:00:25 [restartedMain] INFO  o.a.c.c.C.[Tomcat-1].[localhost].[/] - Initializing Spring embedded WebApplicationContext
2026-04-06 23:00:25 [restartedMain] INFO  o.s.b.w.s.c.ServletWebServerApplicationContext - Root WebApplicationContext: initialization completed in 577 ms
2026-04-06 23:00:26 [restartedMain] INFO  o.h.jpa.internal.util.LogHelper - HHH000204: Processing PersistenceUnitInfo [name: default]
2026-04-06 23:00:26 [restartedMain] INFO  o.h.c.i.RegionFactoryInitiator - HHH000026: Second-level cache disabled
2026-04-06 23:00:26 [restartedMain] INFO  o.s.o.j.p.SpringPersistenceUnitInfo - No LoadTimeWeaver setup: ignoring JPA class transformer
2026-04-06 23:00:26 [restartedMain] INFO  com.zaxxer.hikari.HikariDataSource - HikariPool-8 - Starting...
2026-04-06 23:00:26 [restartedMain] INFO  com.zaxxer.hikari.pool.HikariPool - HikariPool-8 - Added connection org.postgresql.jdbc.PgConnection@1a81cf73
2026-04-06 23:00:26 [restartedMain] INFO  com.zaxxer.hikari.HikariDataSource - HikariPool-8 - Start completed.
2026-04-06 23:00:26 [restartedMain] INFO  o.hibernate.orm.connections.pooling - HHH10001005: Database info:
	Database JDBC URL [Connecting through datasource 'HikariDataSource (HikariPool-8)']
	Database driver: undefined/unknown
	Database version: 18.3
	Autocommit mode: undefined/unknown
	Isolation level: undefined/unknown
	Minimum pool size: undefined/unknown
	Maximum pool size: undefined/unknown
2026-04-06 23:00:26 [restartedMain] INFO  o.h.e.t.j.p.i.JtaPlatformInitiator - HHH000489: No JTA platform available (set 'hibernate.transaction.jta.platform' to enable JTA platform integration)
2026-04-06 23:00:26 [restartedMain] INFO  o.s.o.j.LocalContainerEntityManagerFactoryBean - Initialized JPA EntityManagerFactory for persistence unit 'default'
2026-04-06 23:00:26 [restartedMain] WARN  o.s.b.w.s.c.AnnotationConfigServletWebServerApplicationContext - Exception encountered during context initialization - cancelling refresh attempt: org.springframework.beans.factory.BeanCreationException: Error creating bean with name 'serviceController': Lookup method resolution failed
2026-04-06 23:00:26 [restartedMain] INFO  o.s.o.j.LocalContainerEntityManagerFactoryBean - Closing JPA EntityManagerFactory for persistence unit 'default'
2026-04-06 23:00:26 [restartedMain] INFO  com.zaxxer.hikari.HikariDataSource - HikariPool-8 - Shutdown initiated...
2026-04-06 23:00:27 [restartedMain] INFO  com.zaxxer.hikari.HikariDataSource - HikariPool-8 - Shutdown completed.
2026-04-06 23:00:27 [restartedMain] INFO  o.a.catalina.core.StandardService - Stopping service [Tomcat]
2026-04-06 23:00:27 [restartedMain] INFO  o.s.b.a.l.ConditionEvaluationReportLogger - 

Error starting ApplicationContext. To display the condition evaluation report re-run your application with 'debug' enabled.
2026-04-06 23:00:27 [restartedMain] ERROR o.s.boot.SpringApplication - Application run failed
org.springframework.beans.factory.BeanCreationException: Error creating bean with name 'serviceController': Lookup method resolution failed
	at org.springframework.beans.factory.annotation.AutowiredAnnotationBeanPostProcessor.checkLookupMethods(AutowiredAnnotationBeanPostProcessor.java:498)
	at org.springframework.beans.factory.annotation.AutowiredAnnotationBeanPostProcessor.determineCandidateConstructors(AutowiredAnnotationBeanPostProcessor.java:368)
	at org.springframework.beans.factory.support.AbstractAutowireCapableBeanFactory.determineConstructorsFromBeanPostProcessors(AbstractAutowireCapableBeanFactory.java:1334)
	at org.springframework.beans.factory.support.AbstractAutowireCapableBeanFactory.createBeanInstance(AbstractAutowireCapableBeanFactory.java:1229)
	at org.springframework.beans.factory.support.AbstractAutowireCapableBeanFactory.doCreateBean(AbstractAutowireCapableBeanFactory.java:569)
	at org.springframework.beans.factory.support.AbstractAutowireCapableBeanFactory.createBean(AbstractAutowireCapableBeanFactory.java:529)
	at org.springframework.beans.factory.support.AbstractBeanFactory.lambda$doGetBean$0(AbstractBeanFactory.java:339)
	at org.springframework.beans.factory.support.DefaultSingletonBeanRegistry.getSingleton(DefaultSingletonBeanRegistry.java:373)
	at org.springframework.beans.factory.support.AbstractBeanFactory.doGetBean(AbstractBeanFactory.java:337)
	at org.springframework.beans.factory.support.AbstractBeanFactory.getBean(AbstractBeanFactory.java:202)
	at org.springframework.beans.factory.support.DefaultListableBeanFactory.instantiateSingleton(DefaultListableBeanFactory.java:1221)
	at org.springframework.beans.factory.support.DefaultListableBeanFactory.preInstantiateSingleton(DefaultListableBeanFactory.java:1187)
	at org.springframework.beans.factory.support.DefaultListableBeanFactory.preInstantiateSingletons(DefaultListableBeanFactory.java:1123)
	at org.springframework.context.support.AbstractApplicationContext.finishBeanFactoryInitialization(AbstractApplicationContext.java:987)
	at org.springframework.context.support.AbstractApplicationContext.refresh(AbstractApplicationContext.java:627)
	at org.springframework.boot.web.servlet.context.ServletWebServerApplicationContext.refresh(ServletWebServerApplicationContext.java:146)
	at org.springframework.boot.SpringApplication.refresh(SpringApplication.java:752)
	at org.springframework.boot.SpringApplication.refreshContext(SpringApplication.java:439)
	at org.springframework.boot.SpringApplication.run(SpringApplication.java:318)
	at org.springframework.boot.SpringApplication.run(SpringApplication.java:1361)
	at org.springframework.boot.SpringApplication.run(SpringApplication.java:1350)
	at com.example.carservice.CarServiceApplication.main(CarServiceApplication.java:10)
	at java.base/jdk.internal.reflect.DirectMethodHandleAccessor.invoke(DirectMethodHandleAccessor.java:104)
	at java.base/java.lang.reflect.Method.invoke(Method.java:565)
	at org.springframework.boot.devtools.restart.RestartLauncher.run(RestartLauncher.java:50)
Caused by: java.lang.IllegalStateException: Failed to introspect Class [com.example.carservice.controller.ServiceController] from ClassLoader [org.springframework.boot.devtools.restart.classloader.RestartClassLoader@16e6caf4]
	at org.springframework.util.ReflectionUtils.getDeclaredMethods(ReflectionUtils.java:483)
	at org.springframework.util.ReflectionUtils.doWithLocalMethods(ReflectionUtils.java:320)
	at org.springframework.beans.factory.annotation.AutowiredAnnotationBeanPostProcessor.checkLookupMethods(AutowiredAnnotationBeanPostProcessor.java:476)
	... 24 common frames omitted
Caused by: java.lang.NoClassDefFoundError: com/example/carservice/dto/ServiceDto
	at java.base/java.lang.Class.getDeclaredMethods0(Native Method)
	at java.base/java.lang.Class.privateGetDeclaredMethods(Class.java:3010)
	at java.base/java.lang.Class.getDeclaredMethods(Class.java:2329)
	at org.springframework.util.ReflectionUtils.getDeclaredMethods(ReflectionUtils.java:465)
	... 26 common frames omitted
Caused by: java.lang.ClassNotFoundException: com.example.carservice.dto.ServiceDto
	at java.base/jdk.internal.loader.BuiltinClassLoader.loadClass(BuiltinClassLoader.java:580)
	at java.base/java.lang.ClassLoader.loadClass(ClassLoader.java:490)
	at java.base/java.lang.Class.forName0(Native Method)
	at java.base/java.lang.Class.forName(Class.java:547)
	at org.springframework.boot.devtools.restart.classloader.RestartClassLoader.loadClass(RestartClassLoader.java:121)
	at java.base/java.lang.ClassLoader.loadClass(ClassLoader.java:490)
	... 30 common frames omitted
2026-04-06 23:00:28 [restartedMain] INFO  c.e.carservice.CarServiceApplication - Starting CarServiceApplication using Java 25.0.2 with PID 32616 (D:\Java\carService\target\classes started by Dzmitry in D:\Java\carService)
2026-04-06 23:00:28 [restartedMain] DEBUG c.e.carservice.CarServiceApplication - Running with Spring Boot v3.5.6, Spring v6.2.11
2026-04-06 23:00:28 [restartedMain] INFO  c.e.carservice.CarServiceApplication - The following 1 profile is active: "local"
2026-04-06 23:00:28 [restartedMain] INFO  o.s.d.r.c.RepositoryConfigurationDelegate - Bootstrapping Spring Data JPA repositories in DEFAULT mode.
2026-04-06 23:00:28 [restartedMain] INFO  o.s.d.r.c.RepositoryConfigurationDelegate - Finished Spring Data repository scanning in 25 ms. Found 7 JPA repository interfaces.
2026-04-06 23:00:28 [restartedMain] INFO  o.s.b.w.e.tomcat.TomcatWebServer - Tomcat initialized with port 8080 (http)
2026-04-06 23:00:28 [restartedMain] INFO  o.a.coyote.http11.Http11NioProtocol - Initializing ProtocolHandler ["http-nio-8080"]
2026-04-06 23:00:28 [restartedMain] INFO  o.a.catalina.core.StandardService - Starting service [Tomcat]
2026-04-06 23:00:28 [restartedMain] INFO  o.a.catalina.core.StandardEngine - Starting Servlet engine: [Apache Tomcat/10.1.46]
2026-04-06 23:00:28 [restartedMain] INFO  o.a.c.c.C.[Tomcat-2].[localhost].[/] - Initializing Spring embedded WebApplicationContext
2026-04-06 23:00:28 [restartedMain] INFO  o.s.b.w.s.c.ServletWebServerApplicationContext - Root WebApplicationContext: initialization completed in 395 ms
2026-04-06 23:00:28 [restartedMain] INFO  o.h.jpa.internal.util.LogHelper - HHH000204: Processing PersistenceUnitInfo [name: default]
2026-04-06 23:00:28 [restartedMain] INFO  o.h.c.i.RegionFactoryInitiator - HHH000026: Second-level cache disabled
2026-04-06 23:00:28 [restartedMain] INFO  o.s.o.j.p.SpringPersistenceUnitInfo - No LoadTimeWeaver setup: ignoring JPA class transformer
2026-04-06 23:00:28 [restartedMain] INFO  com.zaxxer.hikari.HikariDataSource - HikariPool-9 - Starting...
2026-04-06 23:00:29 [restartedMain] INFO  com.zaxxer.hikari.pool.HikariPool - HikariPool-9 - Added connection org.postgresql.jdbc.PgConnection@145307a2
2026-04-06 23:00:29 [restartedMain] INFO  com.zaxxer.hikari.HikariDataSource - HikariPool-9 - Start completed.
2026-04-06 23:00:29 [restartedMain] INFO  o.hibernate.orm.connections.pooling - HHH10001005: Database info:
	Database JDBC URL [Connecting through datasource 'HikariDataSource (HikariPool-9)']
	Database driver: undefined/unknown
	Database version: 18.3
	Autocommit mode: undefined/unknown
	Isolation level: undefined/unknown
	Minimum pool size: undefined/unknown
	Maximum pool size: undefined/unknown
2026-04-06 23:00:29 [restartedMain] INFO  o.h.e.t.j.p.i.JtaPlatformInitiator - HHH000489: No JTA platform available (set 'hibernate.transaction.jta.platform' to enable JTA platform integration)
2026-04-06 23:00:29 [restartedMain] INFO  o.s.o.j.LocalContainerEntityManagerFactoryBean - Initialized JPA EntityManagerFactory for persistence unit 'default'
2026-04-06 23:00:29 [restartedMain] WARN  o.s.b.a.o.j.JpaBaseConfiguration$JpaWebConfiguration - spring.jpa.open-in-view is enabled by default. Therefore, database queries may be performed during view rendering. Explicitly configure spring.jpa.open-in-view to disable this warning
2026-04-06 23:00:29 [restartedMain] INFO  o.s.b.d.a.OptionalLiveReloadServer - LiveReload server is running on port 35729
2026-04-06 23:00:29 [restartedMain] INFO  o.a.coyote.http11.Http11NioProtocol - Starting ProtocolHandler ["http-nio-8080"]
2026-04-06 23:00:29 [restartedMain] INFO  o.s.b.w.e.tomcat.TomcatWebServer - Tomcat started on port 8080 (http) with context path '/'
2026-04-06 23:00:29 [restartedMain] INFO  c.e.carservice.CarServiceApplication - Started CarServiceApplication in 1.172 seconds (process running for 182.215)
2026-04-06 23:00:29 [restartedMain] INFO  c.e.c.config.DataInitializer - === Создание клиентов ===
2026-04-06 23:00:29 [restartedMain] INFO  c.e.c.config.DataInitializer - === Создание машин ===
2026-04-06 23:00:29 [restartedMain] INFO  c.e.c.config.DataInitializer - === Создание механиков ===
2026-04-06 23:00:29 [restartedMain] INFO  c.e.c.config.DataInitializer - === Создание услуг ===
2026-04-06 23:00:29 [restartedMain] INFO  c.e.c.config.DataInitializer - === Создание запчастей ===
2026-04-06 23:00:29 [restartedMain] INFO  c.e.c.config.DataInitializer - === Создание заказов ===
2026-04-06 23:00:29 [restartedMain] INFO  c.e.c.config.DataInitializer - Клиентов: 4
2026-04-06 23:00:29 [restartedMain] INFO  c.e.c.config.DataInitializer - Машин: 5
2026-04-06 23:00:29 [restartedMain] INFO  c.e.c.config.DataInitializer - Механиков: 4
2026-04-06 23:00:29 [restartedMain] INFO  c.e.c.config.DataInitializer - Услуг: 5
2026-04-06 23:00:29 [restartedMain] INFO  c.e.c.config.DataInitializer - Запчастей: 5
2026-04-06 23:00:29 [restartedMain] INFO  c.e.c.config.DataInitializer - Заказов: 4
2026-04-06 23:00:29 [restartedMain] INFO  c.e.c.service.impl.OrderServiceImpl - === Без оптимизации (N+1) ===
2026-04-06 23:00:29 [restartedMain] INFO  c.e.c.service.impl.OrderServiceImpl - Загружено 4 заказов без оптимизации
2026-04-06 23:00:29 [restartedMain] DEBUG c.e.c.service.impl.OrderServiceImpl - Order 1: client Петров
2026-04-06 23:00:29 [restartedMain] DEBUG c.e.c.service.impl.OrderServiceImpl - Order 2: client Сидорова
2026-04-06 23:00:29 [restartedMain] DEBUG c.e.c.service.impl.OrderServiceImpl - Order 3: client Новикова
2026-04-06 23:00:29 [restartedMain] DEBUG c.e.c.service.impl.OrderServiceImpl - Order 4: client Петров
2026-04-06 23:00:29 [restartedMain] INFO  c.e.c.service.impl.OrderServiceImpl - === Конец N+1 ===
2026-04-06 23:00:29 [restartedMain] INFO  c.e.c.service.impl.OrderServiceImpl - === С оптимизацией (один запрос) ===
2026-04-06 23:00:29 [restartedMain] INFO  c.e.c.service.impl.OrderServiceImpl - Загружено 4 заказов с оптимизацией
2026-04-06 23:00:29 [restartedMain] DEBUG c.e.c.service.impl.OrderServiceImpl - Order 1: client Петров
2026-04-06 23:00:29 [restartedMain] DEBUG c.e.c.service.impl.OrderServiceImpl - Order 2: client Сидорова
2026-04-06 23:00:29 [restartedMain] DEBUG c.e.c.service.impl.OrderServiceImpl - Order 3: client Новикова
2026-04-06 23:00:29 [restartedMain] DEBUG c.e.c.service.impl.OrderServiceImpl - Order 4: client Петров
2026-04-06 23:00:29 [restartedMain] INFO  c.e.c.service.impl.OrderServiceImpl - === Конец оптимизации ===
2026-04-06 23:00:29 [restartedMain] INFO  c.e.c.aspect.ServiceLoggingAspect - Method OrderServiceImpl.demonstrateNplus1Problem() executed in 11 ms
2026-04-06 23:00:29 [restartedMain] INFO  c.e.c.config.DataInitializer - === Используем машину с ID: 1 ===
2026-04-06 23:00:29 [restartedMain] INFO  c.e.c.config.DataInitializer - 
=== ТЕСТ 1: Без @Transactional ===
2026-04-06 23:00:29 [restartedMain] INFO  c.e.c.service.impl.OrderServiceImpl - === СОХРАНЕНИЕ БЕЗ @Transactional ===
2026-04-06 23:00:29 [restartedMain] INFO  c.e.c.service.impl.OrderServiceImpl - 1. Заказ сохранён, ID: 5
2026-04-06 23:00:29 [restartedMain] INFO  c.e.c.service.impl.OrderServiceImpl - 2. Имитируем ошибку...
2026-04-06 23:00:29 [restartedMain] ERROR c.e.c.config.DataInitializer - Ошибка: Ошибка после частичного сохранения! Заказ остался в БД.
2026-04-06 23:00:29 [restartedMain] INFO  c.e.c.config.DataInitializer - 
=== ТЕСТ 2: С @Transactional ===
2026-04-06 23:00:29 [restartedMain] INFO  c.e.c.service.impl.OrderServiceImpl - === СОХРАНЕНИЕ С @Transactional ===
2026-04-06 23:00:29 [restartedMain] INFO  c.e.c.service.impl.OrderServiceImpl - 1. Заказ сохранён, ID: 6
2026-04-06 23:00:29 [restartedMain] INFO  c.e.c.service.impl.OrderServiceImpl - 2. Услуги добавлены
2026-04-06 23:00:29 [restartedMain] INFO  c.e.c.service.impl.OrderServiceImpl - 3. Имитируем ошибку...
2026-04-06 23:00:29 [restartedMain] ERROR c.e.c.config.DataInitializer - Ошибка: Ошибка! Всё должно откатиться.
2026-04-06 23:00:29 [restartedMain] INFO  o.s.b.d.a.ConditionEvaluationDeltaLoggingListener - Condition evaluation unchanged
2026-04-06 23:00:33 [File Watcher] INFO  o.s.b.d.a.LocalDevToolsAutoConfiguration$RestartingClassPathChangeChangedEventListener - Restarting due to 2 class path changes (0 additions, 2 deletions, 0 modifications)
2026-04-06 23:00:33 [Thread-30] INFO  o.s.b.w.e.tomcat.GracefulShutdown - Commencing graceful shutdown. Waiting for active requests to complete
2026-04-06 23:00:33 [tomcat-shutdown] INFO  o.a.coyote.http11.Http11NioProtocol - Pausing ProtocolHandler ["http-nio-8080"]
2026-04-06 23:00:33 [tomcat-shutdown] INFO  o.s.b.w.e.tomcat.GracefulShutdown - Graceful shutdown complete
2026-04-06 23:00:33 [Thread-30] INFO  o.a.coyote.http11.Http11NioProtocol - Stopping ProtocolHandler ["http-nio-8080"]
2026-04-06 23:00:33 [Thread-30] INFO  o.s.o.j.LocalContainerEntityManagerFactoryBean - Closing JPA EntityManagerFactory for persistence unit 'default'
2026-04-06 23:00:33 [Thread-30] INFO  com.zaxxer.hikari.HikariDataSource - HikariPool-9 - Shutdown initiated...
2026-04-06 23:00:33 [Thread-30] INFO  com.zaxxer.hikari.HikariDataSource - HikariPool-9 - Shutdown completed.
2026-04-06 23:00:33 [restartedMain] INFO  c.e.carservice.CarServiceApplication - Starting CarServiceApplication using Java 25.0.2 with PID 32616 (D:\Java\carService\target\classes started by Dzmitry in D:\Java\carService)
2026-04-06 23:00:33 [restartedMain] DEBUG c.e.carservice.CarServiceApplication - Running with Spring Boot v3.5.6, Spring v6.2.11
2026-04-06 23:00:33 [restartedMain] INFO  c.e.carservice.CarServiceApplication - The following 1 profile is active: "local"
2026-04-06 23:00:33 [restartedMain] INFO  o.s.d.r.c.RepositoryConfigurationDelegate - Bootstrapping Spring Data JPA repositories in DEFAULT mode.
2026-04-06 23:00:33 [restartedMain] INFO  o.s.d.r.c.RepositoryConfigurationDelegate - Finished Spring Data repository scanning in 34 ms. Found 7 JPA repository interfaces.
2026-04-06 23:00:33 [restartedMain] INFO  o.s.b.w.e.tomcat.TomcatWebServer - Tomcat initialized with port 8080 (http)
2026-04-06 23:00:33 [restartedMain] INFO  o.a.coyote.http11.Http11NioProtocol - Initializing ProtocolHandler ["http-nio-8080"]
2026-04-06 23:00:33 [restartedMain] INFO  o.a.catalina.core.StandardService - Starting service [Tomcat]
2026-04-06 23:00:33 [restartedMain] INFO  o.a.catalina.core.StandardEngine - Starting Servlet engine: [Apache Tomcat/10.1.46]
2026-04-06 23:00:33 [restartedMain] INFO  o.a.c.c.C.[Tomcat-2].[localhost].[/] - Initializing Spring embedded WebApplicationContext
2026-04-06 23:00:33 [restartedMain] INFO  o.s.b.w.s.c.ServletWebServerApplicationContext - Root WebApplicationContext: initialization completed in 578 ms
2026-04-06 23:00:33 [restartedMain] INFO  o.h.jpa.internal.util.LogHelper - HHH000204: Processing PersistenceUnitInfo [name: default]
2026-04-06 23:00:33 [restartedMain] INFO  o.h.c.i.RegionFactoryInitiator - HHH000026: Second-level cache disabled
2026-04-06 23:00:34 [restartedMain] INFO  o.s.o.j.p.SpringPersistenceUnitInfo - No LoadTimeWeaver setup: ignoring JPA class transformer
2026-04-06 23:00:34 [restartedMain] INFO  com.zaxxer.hikari.HikariDataSource - HikariPool-10 - Starting...
2026-04-06 23:00:34 [restartedMain] INFO  com.zaxxer.hikari.pool.HikariPool - HikariPool-10 - Added connection org.postgresql.jdbc.PgConnection@7063b157
2026-04-06 23:00:34 [restartedMain] INFO  com.zaxxer.hikari.HikariDataSource - HikariPool-10 - Start completed.
2026-04-06 23:00:34 [restartedMain] INFO  o.hibernate.orm.connections.pooling - HHH10001005: Database info:
	Database JDBC URL [Connecting through datasource 'HikariDataSource (HikariPool-10)']
	Database driver: undefined/unknown
	Database version: 18.3
	Autocommit mode: undefined/unknown
	Isolation level: undefined/unknown
	Minimum pool size: undefined/unknown
	Maximum pool size: undefined/unknown
2026-04-06 23:00:34 [restartedMain] INFO  o.h.e.t.j.p.i.JtaPlatformInitiator - HHH000489: No JTA platform available (set 'hibernate.transaction.jta.platform' to enable JTA platform integration)
2026-04-06 23:00:34 [restartedMain] INFO  o.s.o.j.LocalContainerEntityManagerFactoryBean - Initialized JPA EntityManagerFactory for persistence unit 'default'
2026-04-06 23:00:34 [restartedMain] WARN  o.s.b.a.o.j.JpaBaseConfiguration$JpaWebConfiguration - spring.jpa.open-in-view is enabled by default. Therefore, database queries may be performed during view rendering. Explicitly configure spring.jpa.open-in-view to disable this warning
2026-04-06 23:00:35 [restartedMain] INFO  o.s.b.d.a.OptionalLiveReloadServer - LiveReload server is running on port 35729
2026-04-06 23:00:35 [restartedMain] INFO  o.a.coyote.http11.Http11NioProtocol - Starting ProtocolHandler ["http-nio-8080"]
2026-04-06 23:00:35 [restartedMain] INFO  o.s.b.w.e.tomcat.TomcatWebServer - Tomcat started on port 8080 (http) with context path '/'
2026-04-06 23:00:35 [restartedMain] INFO  c.e.carservice.CarServiceApplication - Started CarServiceApplication in 1.917 seconds (process running for 187.736)
2026-04-06 23:00:35 [restartedMain] INFO  c.e.c.config.DataInitializer - === Создание клиентов ===
2026-04-06 23:00:35 [restartedMain] INFO  c.e.c.config.DataInitializer - === Создание машин ===
2026-04-06 23:00:35 [restartedMain] INFO  c.e.c.config.DataInitializer - === Создание механиков ===
2026-04-06 23:00:35 [restartedMain] INFO  c.e.c.config.DataInitializer - === Создание услуг ===
2026-04-06 23:00:35 [restartedMain] INFO  c.e.c.config.DataInitializer - === Создание запчастей ===
2026-04-06 23:00:35 [restartedMain] INFO  c.e.c.config.DataInitializer - === Создание заказов ===
2026-04-06 23:00:35 [restartedMain] INFO  c.e.c.config.DataInitializer - Клиентов: 4
2026-04-06 23:00:35 [restartedMain] INFO  c.e.c.config.DataInitializer - Машин: 5
2026-04-06 23:00:35 [restartedMain] INFO  c.e.c.config.DataInitializer - Механиков: 4
2026-04-06 23:00:35 [restartedMain] INFO  c.e.c.config.DataInitializer - Услуг: 5
2026-04-06 23:00:35 [restartedMain] INFO  c.e.c.config.DataInitializer - Запчастей: 5
2026-04-06 23:00:35 [restartedMain] INFO  c.e.c.config.DataInitializer - Заказов: 4
2026-04-06 23:00:35 [restartedMain] INFO  c.e.c.service.impl.OrderServiceImpl - === Без оптимизации (N+1) ===
2026-04-06 23:00:35 [restartedMain] INFO  c.e.c.service.impl.OrderServiceImpl - Загружено 4 заказов без оптимизации
2026-04-06 23:00:35 [restartedMain] DEBUG c.e.c.service.impl.OrderServiceImpl - Order 1: client Петров
2026-04-06 23:00:35 [restartedMain] DEBUG c.e.c.service.impl.OrderServiceImpl - Order 2: client Сидорова
2026-04-06 23:00:35 [restartedMain] DEBUG c.e.c.service.impl.OrderServiceImpl - Order 3: client Новикова
2026-04-06 23:00:35 [restartedMain] DEBUG c.e.c.service.impl.OrderServiceImpl - Order 4: client Петров
2026-04-06 23:00:35 [restartedMain] INFO  c.e.c.service.impl.OrderServiceImpl - === Конец N+1 ===
2026-04-06 23:00:35 [restartedMain] INFO  c.e.c.service.impl.OrderServiceImpl - === С оптимизацией (один запрос) ===
2026-04-06 23:00:35 [restartedMain] INFO  c.e.c.service.impl.OrderServiceImpl - Загружено 4 заказов с оптимизацией
2026-04-06 23:00:35 [restartedMain] DEBUG c.e.c.service.impl.OrderServiceImpl - Order 1: client Петров
2026-04-06 23:00:35 [restartedMain] DEBUG c.e.c.service.impl.OrderServiceImpl - Order 2: client Сидорова
2026-04-06 23:00:35 [restartedMain] DEBUG c.e.c.service.impl.OrderServiceImpl - Order 3: client Новикова
2026-04-06 23:00:35 [restartedMain] DEBUG c.e.c.service.impl.OrderServiceImpl - Order 4: client Петров
2026-04-06 23:00:35 [restartedMain] INFO  c.e.c.service.impl.OrderServiceImpl - === Конец оптимизации ===
2026-04-06 23:00:35 [restartedMain] INFO  c.e.c.aspect.ServiceLoggingAspect - Method OrderServiceImpl.demonstrateNplus1Problem() executed in 17 ms
2026-04-06 23:00:35 [restartedMain] INFO  c.e.c.config.DataInitializer - === Используем машину с ID: 1 ===
2026-04-06 23:00:35 [restartedMain] INFO  c.e.c.config.DataInitializer - 
=== ТЕСТ 1: Без @Transactional ===
2026-04-06 23:00:35 [restartedMain] INFO  c.e.c.service.impl.OrderServiceImpl - === СОХРАНЕНИЕ БЕЗ @Transactional ===
2026-04-06 23:00:35 [restartedMain] INFO  c.e.c.service.impl.OrderServiceImpl - 1. Заказ сохранён, ID: 5
2026-04-06 23:00:35 [restartedMain] INFO  c.e.c.service.impl.OrderServiceImpl - 2. Имитируем ошибку...
2026-04-06 23:00:35 [restartedMain] ERROR c.e.c.config.DataInitializer - Ошибка: Ошибка после частичного сохранения! Заказ остался в БД.
2026-04-06 23:00:35 [restartedMain] INFO  c.e.c.config.DataInitializer - 
=== ТЕСТ 2: С @Transactional ===
2026-04-06 23:00:35 [restartedMain] INFO  c.e.c.service.impl.OrderServiceImpl - === СОХРАНЕНИЕ С @Transactional ===
2026-04-06 23:00:35 [restartedMain] INFO  c.e.c.service.impl.OrderServiceImpl - 1. Заказ сохранён, ID: 6
2026-04-06 23:00:35 [restartedMain] INFO  c.e.c.service.impl.OrderServiceImpl - 2. Услуги добавлены
2026-04-06 23:00:35 [restartedMain] INFO  c.e.c.service.impl.OrderServiceImpl - 3. Имитируем ошибку...
2026-04-06 23:00:35 [restartedMain] ERROR c.e.c.config.DataInitializer - Ошибка: Ошибка! Всё должно откатиться.
2026-04-06 23:00:35 [restartedMain] INFO  o.s.b.d.a.ConditionEvaluationDeltaLoggingListener - Condition evaluation unchanged
2026-04-06 23:00:36 [File Watcher] INFO  o.s.b.d.a.LocalDevToolsAutoConfiguration$RestartingClassPathChangeChangedEventListener - Restarting due to 2 class path changes (2 additions, 0 deletions, 0 modifications)
2026-04-06 23:00:36 [Thread-37] INFO  o.s.b.w.e.tomcat.GracefulShutdown - Commencing graceful shutdown. Waiting for active requests to complete
2026-04-06 23:00:36 [tomcat-shutdown] INFO  o.a.coyote.http11.Http11NioProtocol - Pausing ProtocolHandler ["http-nio-8080"]
2026-04-06 23:00:36 [tomcat-shutdown] INFO  o.s.b.w.e.tomcat.GracefulShutdown - Graceful shutdown complete
2026-04-06 23:00:36 [Thread-37] INFO  o.a.coyote.http11.Http11NioProtocol - Stopping ProtocolHandler ["http-nio-8080"]
2026-04-06 23:00:36 [Thread-37] INFO  o.s.o.j.LocalContainerEntityManagerFactoryBean - Closing JPA EntityManagerFactory for persistence unit 'default'
2026-04-06 23:00:36 [Thread-37] INFO  com.zaxxer.hikari.HikariDataSource - HikariPool-10 - Shutdown initiated...
2026-04-06 23:00:36 [Thread-37] INFO  com.zaxxer.hikari.HikariDataSource - HikariPool-10 - Shutdown completed.
2026-04-06 23:00:36 [restartedMain] INFO  c.e.carservice.CarServiceApplication - Starting CarServiceApplication using Java 25.0.2 with PID 32616 (D:\Java\carService\target\classes started by Dzmitry in D:\Java\carService)
2026-04-06 23:00:36 [restartedMain] DEBUG c.e.carservice.CarServiceApplication - Running with Spring Boot v3.5.6, Spring v6.2.11
2026-04-06 23:00:36 [restartedMain] INFO  c.e.carservice.CarServiceApplication - The following 1 profile is active: "local"
2026-04-06 23:00:37 [restartedMain] INFO  o.s.d.r.c.RepositoryConfigurationDelegate - Bootstrapping Spring Data JPA repositories in DEFAULT mode.
2026-04-06 23:00:37 [restartedMain] INFO  o.s.d.r.c.RepositoryConfigurationDelegate - Finished Spring Data repository scanning in 29 ms. Found 7 JPA repository interfaces.
2026-04-06 23:00:37 [restartedMain] INFO  o.s.b.w.e.tomcat.TomcatWebServer - Tomcat initialized with port 8080 (http)
2026-04-06 23:00:37 [restartedMain] INFO  o.a.coyote.http11.Http11NioProtocol - Initializing ProtocolHandler ["http-nio-8080"]
2026-04-06 23:00:37 [restartedMain] INFO  o.a.catalina.core.StandardService - Starting service [Tomcat]
2026-04-06 23:00:37 [restartedMain] INFO  o.a.catalina.core.StandardEngine - Starting Servlet engine: [Apache Tomcat/10.1.46]
2026-04-06 23:00:37 [restartedMain] INFO  o.a.c.c.C.[Tomcat-2].[localhost].[/] - Initializing Spring embedded WebApplicationContext
2026-04-06 23:00:37 [restartedMain] INFO  o.s.b.w.s.c.ServletWebServerApplicationContext - Root WebApplicationContext: initialization completed in 540 ms
2026-04-06 23:00:37 [restartedMain] INFO  o.h.jpa.internal.util.LogHelper - HHH000204: Processing PersistenceUnitInfo [name: default]
2026-04-06 23:00:37 [restartedMain] INFO  o.h.c.i.RegionFactoryInitiator - HHH000026: Second-level cache disabled
2026-04-06 23:00:37 [restartedMain] INFO  o.s.o.j.p.SpringPersistenceUnitInfo - No LoadTimeWeaver setup: ignoring JPA class transformer
2026-04-06 23:00:37 [restartedMain] INFO  com.zaxxer.hikari.HikariDataSource - HikariPool-11 - Starting...
2026-04-06 23:00:37 [restartedMain] INFO  com.zaxxer.hikari.pool.HikariPool - HikariPool-11 - Added connection org.postgresql.jdbc.PgConnection@21e6ea45
2026-04-06 23:00:37 [restartedMain] INFO  com.zaxxer.hikari.HikariDataSource - HikariPool-11 - Start completed.
2026-04-06 23:00:37 [restartedMain] INFO  o.hibernate.orm.connections.pooling - HHH10001005: Database info:
	Database JDBC URL [Connecting through datasource 'HikariDataSource (HikariPool-11)']
	Database driver: undefined/unknown
	Database version: 18.3
	Autocommit mode: undefined/unknown
	Isolation level: undefined/unknown
	Minimum pool size: undefined/unknown
	Maximum pool size: undefined/unknown
2026-04-06 23:00:37 [restartedMain] INFO  o.h.e.t.j.p.i.JtaPlatformInitiator - HHH000489: No JTA platform available (set 'hibernate.transaction.jta.platform' to enable JTA platform integration)
2026-04-06 23:00:37 [restartedMain] INFO  o.s.o.j.LocalContainerEntityManagerFactoryBean - Initialized JPA EntityManagerFactory for persistence unit 'default'
2026-04-06 23:00:38 [restartedMain] WARN  o.s.b.a.o.j.JpaBaseConfiguration$JpaWebConfiguration - spring.jpa.open-in-view is enabled by default. Therefore, database queries may be performed during view rendering. Explicitly configure spring.jpa.open-in-view to disable this warning
2026-04-06 23:00:38 [restartedMain] INFO  o.s.b.d.a.OptionalLiveReloadServer - LiveReload server is running on port 35729
2026-04-06 23:00:38 [restartedMain] INFO  o.a.coyote.http11.Http11NioProtocol - Starting ProtocolHandler ["http-nio-8080"]
2026-04-06 23:00:38 [restartedMain] INFO  o.s.b.w.e.tomcat.TomcatWebServer - Tomcat started on port 8080 (http) with context path '/'
2026-04-06 23:00:38 [restartedMain] INFO  c.e.carservice.CarServiceApplication - Started CarServiceApplication in 1.731 seconds (process running for 191.074)
2026-04-06 23:00:38 [restartedMain] INFO  c.e.c.config.DataInitializer - === Создание клиентов ===
2026-04-06 23:00:38 [restartedMain] INFO  c.e.c.config.DataInitializer - === Создание машин ===
2026-04-06 23:00:38 [restartedMain] INFO  c.e.c.config.DataInitializer - === Создание механиков ===
2026-04-06 23:00:38 [restartedMain] INFO  c.e.c.config.DataInitializer - === Создание услуг ===
2026-04-06 23:00:38 [restartedMain] INFO  c.e.c.config.DataInitializer - === Создание запчастей ===
2026-04-06 23:00:38 [restartedMain] INFO  c.e.c.config.DataInitializer - === Создание заказов ===
2026-04-06 23:00:38 [restartedMain] INFO  c.e.c.config.DataInitializer - Клиентов: 4
2026-04-06 23:00:38 [restartedMain] INFO  c.e.c.config.DataInitializer - Машин: 5
2026-04-06 23:00:38 [restartedMain] INFO  c.e.c.config.DataInitializer - Механиков: 4
2026-04-06 23:00:38 [restartedMain] INFO  c.e.c.config.DataInitializer - Услуг: 5
2026-04-06 23:00:38 [restartedMain] INFO  c.e.c.config.DataInitializer - Запчастей: 5
2026-04-06 23:00:38 [restartedMain] INFO  c.e.c.config.DataInitializer - Заказов: 4
2026-04-06 23:00:38 [restartedMain] INFO  c.e.c.service.impl.OrderServiceImpl - === Без оптимизации (N+1) ===
2026-04-06 23:00:38 [restartedMain] INFO  c.e.c.service.impl.OrderServiceImpl - Загружено 4 заказов без оптимизации
2026-04-06 23:00:38 [restartedMain] DEBUG c.e.c.service.impl.OrderServiceImpl - Order 1: client Петров
2026-04-06 23:00:38 [restartedMain] DEBUG c.e.c.service.impl.OrderServiceImpl - Order 2: client Сидорова
2026-04-06 23:00:38 [restartedMain] DEBUG c.e.c.service.impl.OrderServiceImpl - Order 3: client Новикова
2026-04-06 23:00:38 [restartedMain] DEBUG c.e.c.service.impl.OrderServiceImpl - Order 4: client Петров
2026-04-06 23:00:38 [restartedMain] INFO  c.e.c.service.impl.OrderServiceImpl - === Конец N+1 ===
2026-04-06 23:00:38 [restartedMain] INFO  c.e.c.service.impl.OrderServiceImpl - === С оптимизацией (один запрос) ===
2026-04-06 23:00:38 [restartedMain] INFO  c.e.c.service.impl.OrderServiceImpl - Загружено 4 заказов с оптимизацией
2026-04-06 23:00:38 [restartedMain] DEBUG c.e.c.service.impl.OrderServiceImpl - Order 1: client Петров
2026-04-06 23:00:38 [restartedMain] DEBUG c.e.c.service.impl.OrderServiceImpl - Order 2: client Сидорова
2026-04-06 23:00:38 [restartedMain] DEBUG c.e.c.service.impl.OrderServiceImpl - Order 3: client Новикова
2026-04-06 23:00:38 [restartedMain] DEBUG c.e.c.service.impl.OrderServiceImpl - Order 4: client Петров
2026-04-06 23:00:38 [restartedMain] INFO  c.e.c.service.impl.OrderServiceImpl - === Конец оптимизации ===
2026-04-06 23:00:38 [restartedMain] INFO  c.e.c.aspect.ServiceLoggingAspect - Method OrderServiceImpl.demonstrateNplus1Problem() executed in 12 ms
2026-04-06 23:00:38 [restartedMain] INFO  c.e.c.config.DataInitializer - === Используем машину с ID: 1 ===
2026-04-06 23:00:38 [restartedMain] INFO  c.e.c.config.DataInitializer - 
=== ТЕСТ 1: Без @Transactional ===
2026-04-06 23:00:38 [restartedMain] INFO  c.e.c.service.impl.OrderServiceImpl - === СОХРАНЕНИЕ БЕЗ @Transactional ===
2026-04-06 23:00:38 [restartedMain] INFO  c.e.c.service.impl.OrderServiceImpl - 1. Заказ сохранён, ID: 5
2026-04-06 23:00:38 [restartedMain] INFO  c.e.c.service.impl.OrderServiceImpl - 2. Имитируем ошибку...
2026-04-06 23:00:38 [restartedMain] ERROR c.e.c.config.DataInitializer - Ошибка: Ошибка после частичного сохранения! Заказ остался в БД.
2026-04-06 23:00:38 [restartedMain] INFO  c.e.c.config.DataInitializer - 
=== ТЕСТ 2: С @Transactional ===
2026-04-06 23:00:38 [restartedMain] INFO  c.e.c.service.impl.OrderServiceImpl - === СОХРАНЕНИЕ С @Transactional ===
2026-04-06 23:00:38 [restartedMain] INFO  c.e.c.service.impl.OrderServiceImpl - 1. Заказ сохранён, ID: 6
2026-04-06 23:00:38 [restartedMain] INFO  c.e.c.service.impl.OrderServiceImpl - 2. Услуги добавлены
2026-04-06 23:00:38 [restartedMain] INFO  c.e.c.service.impl.OrderServiceImpl - 3. Имитируем ошибку...
2026-04-06 23:00:38 [restartedMain] ERROR c.e.c.config.DataInitializer - Ошибка: Ошибка! Всё должно откатиться.
2026-04-06 23:00:38 [restartedMain] INFO  o.s.b.d.a.ConditionEvaluationDeltaLoggingListener - Condition evaluation unchanged
2026-04-06 23:01:01 [SpringApplicationShutdownHook] INFO  o.s.b.w.e.tomcat.GracefulShutdown - Commencing graceful shutdown. Waiting for active requests to complete
2026-04-06 23:01:01 [tomcat-shutdown] INFO  o.s.b.w.e.tomcat.GracefulShutdown - Graceful shutdown complete
2026-04-06 23:01:01 [SpringApplicationShutdownHook] INFO  o.s.o.j.LocalContainerEntityManagerFactoryBean - Closing JPA EntityManagerFactory for persistence unit 'default'
2026-04-06 23:01:01 [SpringApplicationShutdownHook] INFO  com.zaxxer.hikari.HikariDataSource - HikariPool-11 - Shutdown initiated...
2026-04-06 23:01:01 [SpringApplicationShutdownHook] INFO  com.zaxxer.hikari.HikariDataSource - HikariPool-11 - Shutdown completed.
2026-04-06 23:01:03 [background-preinit] INFO  o.h.validator.internal.util.Version - HV000001: Hibernate Validator 8.0.3.Final
2026-04-06 23:01:03 [restartedMain] INFO  c.e.carservice.CarServiceApplication - Starting CarServiceApplication using Java 25.0.2 with PID 31016 (D:\Java\carService\target\classes started by Dzmitry in D:\Java\carService)
2026-04-06 23:01:03 [restartedMain] DEBUG c.e.carservice.CarServiceApplication - Running with Spring Boot v3.5.6, Spring v6.2.11
2026-04-06 23:01:03 [restartedMain] INFO  c.e.carservice.CarServiceApplication - The following 1 profile is active: "local"
2026-04-06 23:01:03 [restartedMain] INFO  o.s.b.d.e.DevToolsPropertyDefaultsPostProcessor - Devtools property defaults active! Set 'spring.devtools.add-properties' to 'false' to disable
2026-04-06 23:01:03 [restartedMain] INFO  o.s.b.d.e.DevToolsPropertyDefaultsPostProcessor - For additional web related logging consider setting the 'logging.level.web' property to 'DEBUG'
2026-04-06 23:01:04 [restartedMain] INFO  o.s.d.r.c.RepositoryConfigurationDelegate - Bootstrapping Spring Data JPA repositories in DEFAULT mode.
2026-04-06 23:01:04 [restartedMain] INFO  o.s.d.r.c.RepositoryConfigurationDelegate - Finished Spring Data repository scanning in 45 ms. Found 7 JPA repository interfaces.
2026-04-06 23:01:04 [restartedMain] INFO  o.s.b.w.e.tomcat.TomcatWebServer - Tomcat initialized with port 8080 (http)
2026-04-06 23:01:04 [restartedMain] INFO  o.a.coyote.http11.Http11NioProtocol - Initializing ProtocolHandler ["http-nio-8080"]
2026-04-06 23:01:04 [restartedMain] INFO  o.a.catalina.core.StandardService - Starting service [Tomcat]
2026-04-06 23:01:04 [restartedMain] INFO  o.a.catalina.core.StandardEngine - Starting Servlet engine: [Apache Tomcat/10.1.46]
2026-04-06 23:01:04 [restartedMain] INFO  o.a.c.c.C.[Tomcat].[localhost].[/] - Initializing Spring embedded WebApplicationContext
2026-04-06 23:01:04 [restartedMain] INFO  o.s.b.w.s.c.ServletWebServerApplicationContext - Root WebApplicationContext: initialization completed in 1055 ms
2026-04-06 23:01:04 [restartedMain] INFO  o.h.jpa.internal.util.LogHelper - HHH000204: Processing PersistenceUnitInfo [name: default]
2026-04-06 23:01:04 [restartedMain] INFO  org.hibernate.Version - HHH000412: Hibernate ORM core version 6.6.29.Final
2026-04-06 23:01:04 [restartedMain] INFO  o.h.c.i.RegionFactoryInitiator - HHH000026: Second-level cache disabled
2026-04-06 23:01:04 [restartedMain] INFO  o.s.o.j.p.SpringPersistenceUnitInfo - No LoadTimeWeaver setup: ignoring JPA class transformer
2026-04-06 23:01:04 [restartedMain] INFO  com.zaxxer.hikari.HikariDataSource - HikariPool-1 - Starting...
2026-04-06 23:01:05 [restartedMain] INFO  com.zaxxer.hikari.pool.HikariPool - HikariPool-1 - Added connection org.postgresql.jdbc.PgConnection@f552e
2026-04-06 23:01:05 [restartedMain] INFO  com.zaxxer.hikari.HikariDataSource - HikariPool-1 - Start completed.
2026-04-06 23:01:05 [restartedMain] INFO  o.hibernate.orm.connections.pooling - HHH10001005: Database info:
	Database JDBC URL [Connecting through datasource 'HikariDataSource (HikariPool-1)']
	Database driver: undefined/unknown
	Database version: 18.3
	Autocommit mode: undefined/unknown
	Isolation level: undefined/unknown
	Minimum pool size: undefined/unknown
	Maximum pool size: undefined/unknown
2026-04-06 23:01:05 [restartedMain] INFO  o.h.e.t.j.p.i.JtaPlatformInitiator - HHH000489: No JTA platform available (set 'hibernate.transaction.jta.platform' to enable JTA platform integration)
2026-04-06 23:01:05 [restartedMain] INFO  o.s.o.j.LocalContainerEntityManagerFactoryBean - Initialized JPA EntityManagerFactory for persistence unit 'default'
2026-04-06 23:01:06 [restartedMain] INFO  o.s.d.j.r.query.QueryEnhancerFactory - Hibernate is in classpath; If applicable, HQL parser will be used.
2026-04-06 23:01:07 [restartedMain] WARN  o.s.b.a.o.j.JpaBaseConfiguration$JpaWebConfiguration - spring.jpa.open-in-view is enabled by default. Therefore, database queries may be performed during view rendering. Explicitly configure spring.jpa.open-in-view to disable this warning
2026-04-06 23:01:07 [restartedMain] INFO  o.s.b.d.a.OptionalLiveReloadServer - LiveReload server is running on port 35729
2026-04-06 23:01:07 [restartedMain] INFO  o.a.coyote.http11.Http11NioProtocol - Starting ProtocolHandler ["http-nio-8080"]
2026-04-06 23:01:07 [restartedMain] INFO  o.s.b.w.e.tomcat.TomcatWebServer - Tomcat started on port 8080 (http) with context path '/'
2026-04-06 23:01:07 [restartedMain] INFO  c.e.carservice.CarServiceApplication - Started CarServiceApplication in 4.562 seconds (process running for 5.199)
2026-04-06 23:01:07 [restartedMain] INFO  c.e.c.config.DataInitializer - === Создание клиентов ===
2026-04-06 23:01:07 [restartedMain] INFO  c.e.c.config.DataInitializer - === Создание машин ===
2026-04-06 23:01:07 [restartedMain] INFO  c.e.c.config.DataInitializer - === Создание механиков ===
2026-04-06 23:01:07 [restartedMain] INFO  c.e.c.config.DataInitializer - === Создание услуг ===
2026-04-06 23:01:07 [restartedMain] INFO  c.e.c.config.DataInitializer - === Создание запчастей ===
2026-04-06 23:01:07 [restartedMain] INFO  c.e.c.config.DataInitializer - === Создание заказов ===
2026-04-06 23:01:07 [restartedMain] INFO  c.e.c.config.DataInitializer - Клиентов: 4
2026-04-06 23:01:07 [restartedMain] INFO  c.e.c.config.DataInitializer - Машин: 5
2026-04-06 23:01:07 [restartedMain] INFO  c.e.c.config.DataInitializer - Механиков: 4
2026-04-06 23:01:07 [restartedMain] INFO  c.e.c.config.DataInitializer - Услуг: 5
2026-04-06 23:01:07 [restartedMain] INFO  c.e.c.config.DataInitializer - Запчастей: 5
2026-04-06 23:01:07 [restartedMain] INFO  c.e.c.config.DataInitializer - Заказов: 4
2026-04-06 23:01:07 [restartedMain] INFO  c.e.c.service.impl.OrderServiceImpl - === Без оптимизации (N+1) ===
2026-04-06 23:01:07 [restartedMain] INFO  c.e.c.service.impl.OrderServiceImpl - Загружено 4 заказов без оптимизации
2026-04-06 23:01:07 [restartedMain] DEBUG c.e.c.service.impl.OrderServiceImpl - Order 1: client Петров
2026-04-06 23:01:07 [restartedMain] DEBUG c.e.c.service.impl.OrderServiceImpl - Order 2: client Сидорова
2026-04-06 23:01:07 [restartedMain] DEBUG c.e.c.service.impl.OrderServiceImpl - Order 3: client Новикова
2026-04-06 23:01:07 [restartedMain] DEBUG c.e.c.service.impl.OrderServiceImpl - Order 4: client Петров
2026-04-06 23:01:07 [restartedMain] INFO  c.e.c.service.impl.OrderServiceImpl - === Конец N+1 ===
2026-04-06 23:01:07 [restartedMain] INFO  c.e.c.service.impl.OrderServiceImpl - === С оптимизацией (один запрос) ===
2026-04-06 23:01:07 [restartedMain] INFO  c.e.c.service.impl.OrderServiceImpl - Загружено 4 заказов с оптимизацией
2026-04-06 23:01:07 [restartedMain] DEBUG c.e.c.service.impl.OrderServiceImpl - Order 1: client Петров
2026-04-06 23:01:07 [restartedMain] DEBUG c.e.c.service.impl.OrderServiceImpl - Order 2: client Сидорова
2026-04-06 23:01:07 [restartedMain] DEBUG c.e.c.service.impl.OrderServiceImpl - Order 3: client Новикова
2026-04-06 23:01:07 [restartedMain] DEBUG c.e.c.service.impl.OrderServiceImpl - Order 4: client Петров
2026-04-06 23:01:07 [restartedMain] INFO  c.e.c.service.impl.OrderServiceImpl - === Конец оптимизации ===
2026-04-06 23:01:07 [restartedMain] INFO  c.e.c.aspect.ServiceLoggingAspect - Method OrderServiceImpl.demonstrateNplus1Problem() executed in 45 ms
2026-04-06 23:01:07 [restartedMain] INFO  c.e.c.config.DataInitializer - === Используем машину с ID: 1 ===
2026-04-06 23:01:07 [restartedMain] INFO  c.e.c.config.DataInitializer - 
=== ТЕСТ 1: Без @Transactional ===
2026-04-06 23:01:07 [restartedMain] INFO  c.e.c.service.impl.OrderServiceImpl - === СОХРАНЕНИЕ БЕЗ @Transactional ===
2026-04-06 23:01:07 [restartedMain] INFO  c.e.c.service.impl.OrderServiceImpl - 1. Заказ сохранён, ID: 5
2026-04-06 23:01:07 [restartedMain] INFO  c.e.c.service.impl.OrderServiceImpl - 2. Имитируем ошибку...
2026-04-06 23:01:07 [restartedMain] ERROR c.e.c.config.DataInitializer - Ошибка: Ошибка после частичного сохранения! Заказ остался в БД.
2026-04-06 23:01:07 [restartedMain] INFO  c.e.c.config.DataInitializer - 
=== ТЕСТ 2: С @Transactional ===
2026-04-06 23:01:07 [restartedMain] INFO  c.e.c.service.impl.OrderServiceImpl - === СОХРАНЕНИЕ С @Transactional ===
2026-04-06 23:01:07 [restartedMain] INFO  c.e.c.service.impl.OrderServiceImpl - 1. Заказ сохранён, ID: 6
2026-04-06 23:01:07 [restartedMain] INFO  c.e.c.service.impl.OrderServiceImpl - 2. Услуги добавлены
2026-04-06 23:01:07 [restartedMain] INFO  c.e.c.service.impl.OrderServiceImpl - 3. Имитируем ошибку...
2026-04-06 23:01:07 [restartedMain] ERROR c.e.c.config.DataInitializer - Ошибка: Ошибка! Всё должно откатиться.
2026-04-06 23:20:23 [HikariPool-1:housekeeper] WARN  com.zaxxer.hikari.pool.HikariPool - HikariPool-1 - Thread starvation or clock leap detected (housekeeper delta=2m48s409ms461µs200ns).
2026-04-06 23:24:59 [File Watcher] INFO  o.s.b.d.a.LocalDevToolsAutoConfiguration$RestartingClassPathChangeChangedEventListener - Restarting due to 1 class path change (0 additions, 1 deletion, 0 modifications)
2026-04-06 23:24:59 [Thread-5] INFO  o.s.b.w.e.tomcat.GracefulShutdown - Commencing graceful shutdown. Waiting for active requests to complete
2026-04-06 23:24:59 [tomcat-shutdown] INFO  o.a.coyote.http11.Http11NioProtocol - Pausing ProtocolHandler ["http-nio-8080"]
2026-04-06 23:24:59 [tomcat-shutdown] INFO  o.s.b.w.e.tomcat.GracefulShutdown - Graceful shutdown complete
2026-04-06 23:24:59 [Thread-5] INFO  o.a.coyote.http11.Http11NioProtocol - Stopping ProtocolHandler ["http-nio-8080"]
2026-04-06 23:24:59 [Thread-5] INFO  o.s.o.j.LocalContainerEntityManagerFactoryBean - Closing JPA EntityManagerFactory for persistence unit 'default'
2026-04-06 23:25:00 [Thread-5] INFO  com.zaxxer.hikari.HikariDataSource - HikariPool-1 - Shutdown initiated...
2026-04-06 23:25:00 [Thread-5] INFO  com.zaxxer.hikari.HikariDataSource - HikariPool-1 - Shutdown completed.
2026-04-06 23:25:00 [restartedMain] INFO  c.e.carservice.CarServiceApplication - Starting CarServiceApplication using Java 25.0.2 with PID 31016 (D:\Java\carService\target\classes started by Dzmitry in D:\Java\carService)
2026-04-06 23:25:00 [restartedMain] DEBUG c.e.carservice.CarServiceApplication - Running with Spring Boot v3.5.6, Spring v6.2.11
2026-04-06 23:25:00 [restartedMain] INFO  c.e.carservice.CarServiceApplication - The following 1 profile is active: "local"
2026-04-06 23:25:00 [restartedMain] INFO  o.s.d.r.c.RepositoryConfigurationDelegate - Bootstrapping Spring Data JPA repositories in DEFAULT mode.
2026-04-06 23:25:00 [restartedMain] INFO  o.s.d.r.c.RepositoryConfigurationDelegate - Finished Spring Data repository scanning in 21 ms. Found 7 JPA repository interfaces.
2026-04-06 23:25:00 [restartedMain] INFO  o.s.b.w.e.tomcat.TomcatWebServer - Tomcat initialized with port 8080 (http)
2026-04-06 23:25:00 [restartedMain] INFO  o.a.coyote.http11.Http11NioProtocol - Initializing ProtocolHandler ["http-nio-8080"]
2026-04-06 23:25:00 [restartedMain] INFO  o.a.catalina.core.StandardService - Starting service [Tomcat]
2026-04-06 23:25:00 [restartedMain] INFO  o.a.catalina.core.StandardEngine - Starting Servlet engine: [Apache Tomcat/10.1.46]
2026-04-06 23:25:00 [restartedMain] INFO  o.a.c.c.C.[Tomcat].[localhost].[/] - Initializing Spring embedded WebApplicationContext
2026-04-06 23:25:00 [restartedMain] INFO  o.s.b.w.s.c.ServletWebServerApplicationContext - Root WebApplicationContext: initialization completed in 477 ms
2026-04-06 23:25:00 [restartedMain] INFO  o.h.jpa.internal.util.LogHelper - HHH000204: Processing PersistenceUnitInfo [name: default]
2026-04-06 23:25:00 [restartedMain] INFO  o.h.c.i.RegionFactoryInitiator - HHH000026: Second-level cache disabled
2026-04-06 23:25:00 [restartedMain] INFO  o.s.o.j.p.SpringPersistenceUnitInfo - No LoadTimeWeaver setup: ignoring JPA class transformer
2026-04-06 23:25:00 [restartedMain] INFO  com.zaxxer.hikari.HikariDataSource - HikariPool-2 - Starting...
2026-04-06 23:25:00 [restartedMain] INFO  com.zaxxer.hikari.pool.HikariPool - HikariPool-2 - Added connection org.postgresql.jdbc.PgConnection@3e9521b3
2026-04-06 23:25:00 [restartedMain] INFO  com.zaxxer.hikari.HikariDataSource - HikariPool-2 - Start completed.
2026-04-06 23:25:00 [restartedMain] INFO  o.hibernate.orm.connections.pooling - HHH10001005: Database info:
	Database JDBC URL [Connecting through datasource 'HikariDataSource (HikariPool-2)']
	Database driver: undefined/unknown
	Database version: 18.3
	Autocommit mode: undefined/unknown
	Isolation level: undefined/unknown
	Minimum pool size: undefined/unknown
	Maximum pool size: undefined/unknown
2026-04-06 23:25:01 [restartedMain] INFO  o.h.e.t.j.p.i.JtaPlatformInitiator - HHH000489: No JTA platform available (set 'hibernate.transaction.jta.platform' to enable JTA platform integration)
2026-04-06 23:25:01 [restartedMain] INFO  o.s.o.j.LocalContainerEntityManagerFactoryBean - Initialized JPA EntityManagerFactory for persistence unit 'default'
2026-04-06 23:25:01 [restartedMain] WARN  o.s.b.a.o.j.JpaBaseConfiguration$JpaWebConfiguration - spring.jpa.open-in-view is enabled by default. Therefore, database queries may be performed during view rendering. Explicitly configure spring.jpa.open-in-view to disable this warning
2026-04-06 23:25:01 [restartedMain] INFO  o.s.b.d.a.OptionalLiveReloadServer - LiveReload server is running on port 35729
2026-04-06 23:25:01 [restartedMain] INFO  o.a.coyote.http11.Http11NioProtocol - Starting ProtocolHandler ["http-nio-8080"]
2026-04-06 23:25:01 [restartedMain] INFO  o.s.b.w.e.tomcat.TomcatWebServer - Tomcat started on port 8080 (http) with context path '/'
2026-04-06 23:25:01 [restartedMain] INFO  c.e.carservice.CarServiceApplication - Started CarServiceApplication in 1.634 seconds (process running for 1439.388)
2026-04-06 23:25:01 [restartedMain] INFO  c.e.c.config.DataInitializer - === Создание клиентов ===
2026-04-06 23:25:01 [restartedMain] INFO  c.e.c.config.DataInitializer - === Создание машин ===
2026-04-06 23:25:01 [restartedMain] INFO  c.e.c.config.DataInitializer - === Создание механиков ===
2026-04-06 23:25:01 [restartedMain] INFO  c.e.c.config.DataInitializer - === Создание услуг ===
2026-04-06 23:25:01 [restartedMain] INFO  c.e.c.config.DataInitializer - === Создание запчастей ===
2026-04-06 23:25:01 [restartedMain] INFO  c.e.c.config.DataInitializer - === Создание заказов ===
2026-04-06 23:25:01 [restartedMain] INFO  c.e.c.config.DataInitializer - Клиентов: 4
2026-04-06 23:25:01 [restartedMain] INFO  c.e.c.config.DataInitializer - Машин: 5
2026-04-06 23:25:01 [restartedMain] INFO  c.e.c.config.DataInitializer - Механиков: 4
2026-04-06 23:25:01 [restartedMain] INFO  c.e.c.config.DataInitializer - Услуг: 5
2026-04-06 23:25:01 [restartedMain] INFO  c.e.c.config.DataInitializer - Запчастей: 5
2026-04-06 23:25:01 [restartedMain] INFO  c.e.c.config.DataInitializer - Заказов: 4
2026-04-06 23:25:01 [restartedMain] INFO  c.e.c.service.impl.OrderServiceImpl - === Без оптимизации (N+1) ===
2026-04-06 23:25:01 [restartedMain] INFO  c.e.c.service.impl.OrderServiceImpl - Загружено 4 заказов без оптимизации
2026-04-06 23:25:01 [restartedMain] DEBUG c.e.c.service.impl.OrderServiceImpl - Order 1: client Петров
2026-04-06 23:25:01 [restartedMain] DEBUG c.e.c.service.impl.OrderServiceImpl - Order 2: client Сидорова
2026-04-06 23:25:01 [restartedMain] DEBUG c.e.c.service.impl.OrderServiceImpl - Order 3: client Новикова
2026-04-06 23:25:01 [restartedMain] DEBUG c.e.c.service.impl.OrderServiceImpl - Order 4: client Петров
2026-04-06 23:25:01 [restartedMain] INFO  c.e.c.service.impl.OrderServiceImpl - === Конец N+1 ===
2026-04-06 23:25:01 [restartedMain] INFO  c.e.c.service.impl.OrderServiceImpl - === С оптимизацией (один запрос) ===
2026-04-06 23:25:01 [restartedMain] INFO  c.e.c.service.impl.OrderServiceImpl - Загружено 4 заказов с оптимизацией
2026-04-06 23:25:01 [restartedMain] DEBUG c.e.c.service.impl.OrderServiceImpl - Order 1: client Петров
2026-04-06 23:25:01 [restartedMain] DEBUG c.e.c.service.impl.OrderServiceImpl - Order 2: client Сидорова
2026-04-06 23:25:01 [restartedMain] DEBUG c.e.c.service.impl.OrderServiceImpl - Order 3: client Новикова
2026-04-06 23:25:01 [restartedMain] DEBUG c.e.c.service.impl.OrderServiceImpl - Order 4: client Петров
2026-04-06 23:25:01 [restartedMain] INFO  c.e.c.service.impl.OrderServiceImpl - === Конец оптимизации ===
2026-04-06 23:25:01 [restartedMain] INFO  c.e.c.aspect.ServiceLoggingAspect - Method OrderServiceImpl.demonstrateNplus1Problem() executed in 16 ms
2026-04-06 23:25:01 [restartedMain] INFO  c.e.c.config.DataInitializer - === Используем машину с ID: 1 ===
2026-04-06 23:25:01 [restartedMain] INFO  c.e.c.config.DataInitializer - 
=== ТЕСТ 1: Без @Transactional ===
2026-04-06 23:25:01 [restartedMain] INFO  c.e.c.service.impl.OrderServiceImpl - === СОХРАНЕНИЕ БЕЗ @Transactional ===
2026-04-06 23:25:01 [restartedMain] INFO  c.e.c.service.impl.OrderServiceImpl - 1. Заказ сохранён, ID: 5
2026-04-06 23:25:01 [restartedMain] INFO  c.e.c.service.impl.OrderServiceImpl - 2. Имитируем ошибку...
2026-04-06 23:25:01 [restartedMain] ERROR c.e.c.config.DataInitializer - Ошибка: Ошибка после частичного сохранения! Заказ остался в БД.
2026-04-06 23:25:01 [restartedMain] INFO  c.e.c.config.DataInitializer - 
=== ТЕСТ 2: С @Transactional ===
2026-04-06 23:25:01 [restartedMain] INFO  c.e.c.service.impl.OrderServiceImpl - === СОХРАНЕНИЕ С @Transactional ===
2026-04-06 23:25:01 [restartedMain] INFO  c.e.c.service.impl.OrderServiceImpl - 1. Заказ сохранён, ID: 6
2026-04-06 23:25:01 [restartedMain] INFO  c.e.c.service.impl.OrderServiceImpl - 2. Услуги добавлены
2026-04-06 23:25:01 [restartedMain] INFO  c.e.c.service.impl.OrderServiceImpl - 3. Имитируем ошибку...
2026-04-06 23:25:01 [restartedMain] ERROR c.e.c.config.DataInitializer - Ошибка: Ошибка! Всё должно откатиться.
2026-04-06 23:25:01 [restartedMain] INFO  o.s.b.d.a.ConditionEvaluationDeltaLoggingListener - Condition evaluation unchanged
2026-04-06 23:25:03 [File Watcher] INFO  o.s.b.d.a.LocalDevToolsAutoConfiguration$RestartingClassPathChangeChangedEventListener - Restarting due to 1 class path change (1 addition, 0 deletions, 0 modifications)
2026-04-06 23:25:03 [Thread-7] INFO  o.s.b.w.e.tomcat.GracefulShutdown - Commencing graceful shutdown. Waiting for active requests to complete
2026-04-06 23:25:03 [tomcat-shutdown] INFO  o.a.coyote.http11.Http11NioProtocol - Pausing ProtocolHandler ["http-nio-8080"]
2026-04-06 23:25:03 [tomcat-shutdown] INFO  o.s.b.w.e.tomcat.GracefulShutdown - Graceful shutdown complete
2026-04-06 23:25:03 [Thread-7] INFO  o.a.coyote.http11.Http11NioProtocol - Stopping ProtocolHandler ["http-nio-8080"]
2026-04-06 23:25:03 [Thread-7] INFO  o.s.o.j.LocalContainerEntityManagerFactoryBean - Closing JPA EntityManagerFactory for persistence unit 'default'
2026-04-06 23:25:03 [Thread-7] INFO  com.zaxxer.hikari.HikariDataSource - HikariPool-2 - Shutdown initiated...
2026-04-06 23:25:03 [Thread-7] INFO  com.zaxxer.hikari.HikariDataSource - HikariPool-2 - Shutdown completed.
2026-04-06 23:25:03 [restartedMain] INFO  c.e.carservice.CarServiceApplication - Starting CarServiceApplication using Java 25.0.2 with PID 31016 (D:\Java\carService\target\classes started by Dzmitry in D:\Java\carService)
2026-04-06 23:25:03 [restartedMain] DEBUG c.e.carservice.CarServiceApplication - Running with Spring Boot v3.5.6, Spring v6.2.11
2026-04-06 23:25:03 [restartedMain] INFO  c.e.carservice.CarServiceApplication - The following 1 profile is active: "local"
2026-04-06 23:25:03 [restartedMain] INFO  o.s.d.r.c.RepositoryConfigurationDelegate - Bootstrapping Spring Data JPA repositories in DEFAULT mode.
2026-04-06 23:25:03 [restartedMain] INFO  o.s.d.r.c.RepositoryConfigurationDelegate - Finished Spring Data repository scanning in 19 ms. Found 7 JPA repository interfaces.
2026-04-06 23:25:03 [restartedMain] INFO  o.s.b.w.e.tomcat.TomcatWebServer - Tomcat initialized with port 8080 (http)
2026-04-06 23:25:03 [restartedMain] INFO  o.a.coyote.http11.Http11NioProtocol - Initializing ProtocolHandler ["http-nio-8080"]
2026-04-06 23:25:03 [restartedMain] INFO  o.a.catalina.core.StandardService - Starting service [Tomcat]
2026-04-06 23:25:03 [restartedMain] INFO  o.a.catalina.core.StandardEngine - Starting Servlet engine: [Apache Tomcat/10.1.46]
2026-04-06 23:25:03 [restartedMain] INFO  o.a.c.c.C.[Tomcat].[localhost].[/] - Initializing Spring embedded WebApplicationContext
2026-04-06 23:25:03 [restartedMain] INFO  o.s.b.w.s.c.ServletWebServerApplicationContext - Root WebApplicationContext: initialization completed in 269 ms
2026-04-06 23:25:03 [restartedMain] INFO  o.h.jpa.internal.util.LogHelper - HHH000204: Processing PersistenceUnitInfo [name: default]
2026-04-06 23:25:03 [restartedMain] INFO  o.h.c.i.RegionFactoryInitiator - HHH000026: Second-level cache disabled
2026-04-06 23:25:03 [restartedMain] INFO  o.s.o.j.p.SpringPersistenceUnitInfo - No LoadTimeWeaver setup: ignoring JPA class transformer
2026-04-06 23:25:03 [restartedMain] INFO  com.zaxxer.hikari.HikariDataSource - HikariPool-3 - Starting...
2026-04-06 23:25:03 [restartedMain] INFO  com.zaxxer.hikari.pool.HikariPool - HikariPool-3 - Added connection org.postgresql.jdbc.PgConnection@29160727
2026-04-06 23:25:03 [restartedMain] INFO  com.zaxxer.hikari.HikariDataSource - HikariPool-3 - Start completed.
2026-04-06 23:25:03 [restartedMain] INFO  o.hibernate.orm.connections.pooling - HHH10001005: Database info:
	Database JDBC URL [Connecting through datasource 'HikariDataSource (HikariPool-3)']
	Database driver: undefined/unknown
	Database version: 18.3
	Autocommit mode: undefined/unknown
	Isolation level: undefined/unknown
	Minimum pool size: undefined/unknown
	Maximum pool size: undefined/unknown
2026-04-06 23:25:03 [restartedMain] INFO  o.h.e.t.j.p.i.JtaPlatformInitiator - HHH000489: No JTA platform available (set 'hibernate.transaction.jta.platform' to enable JTA platform integration)
2026-04-06 23:25:03 [restartedMain] INFO  o.s.o.j.LocalContainerEntityManagerFactoryBean - Initialized JPA EntityManagerFactory for persistence unit 'default'
2026-04-06 23:25:04 [restartedMain] WARN  o.s.b.a.o.j.JpaBaseConfiguration$JpaWebConfiguration - spring.jpa.open-in-view is enabled by default. Therefore, database queries may be performed during view rendering. Explicitly configure spring.jpa.open-in-view to disable this warning
2026-04-06 23:25:04 [restartedMain] INFO  o.s.b.d.a.OptionalLiveReloadServer - LiveReload server is running on port 35729
2026-04-06 23:25:04 [restartedMain] INFO  o.a.coyote.http11.Http11NioProtocol - Starting ProtocolHandler ["http-nio-8080"]
2026-04-06 23:25:04 [restartedMain] INFO  o.s.b.w.e.tomcat.TomcatWebServer - Tomcat started on port 8080 (http) with context path '/'
2026-04-06 23:25:04 [restartedMain] INFO  c.e.carservice.CarServiceApplication - Started CarServiceApplication in 1.092 seconds (process running for 1441.979)
2026-04-06 23:25:04 [restartedMain] INFO  c.e.c.config.DataInitializer - === Создание клиентов ===
2026-04-06 23:25:04 [restartedMain] INFO  c.e.c.config.DataInitializer - === Создание машин ===
2026-04-06 23:25:04 [restartedMain] INFO  c.e.c.config.DataInitializer - === Создание механиков ===
2026-04-06 23:25:04 [restartedMain] INFO  c.e.c.config.DataInitializer - === Создание услуг ===
2026-04-06 23:25:04 [restartedMain] INFO  c.e.c.config.DataInitializer - === Создание запчастей ===
2026-04-06 23:25:04 [restartedMain] INFO  c.e.c.config.DataInitializer - === Создание заказов ===
2026-04-06 23:25:04 [restartedMain] INFO  c.e.c.config.DataInitializer - Клиентов: 4
2026-04-06 23:25:04 [restartedMain] INFO  c.e.c.config.DataInitializer - Машин: 5
2026-04-06 23:25:04 [restartedMain] INFO  c.e.c.config.DataInitializer - Механиков: 4
2026-04-06 23:25:04 [restartedMain] INFO  c.e.c.config.DataInitializer - Услуг: 5
2026-04-06 23:25:04 [restartedMain] INFO  c.e.c.config.DataInitializer - Запчастей: 5
2026-04-06 23:25:04 [restartedMain] INFO  c.e.c.config.DataInitializer - Заказов: 4
2026-04-06 23:25:04 [restartedMain] INFO  c.e.c.service.impl.OrderServiceImpl - === Без оптимизации (N+1) ===
2026-04-06 23:25:04 [restartedMain] INFO  c.e.c.service.impl.OrderServiceImpl - Загружено 4 заказов без оптимизации
2026-04-06 23:25:04 [restartedMain] DEBUG c.e.c.service.impl.OrderServiceImpl - Order 1: client Петров
2026-04-06 23:25:04 [restartedMain] DEBUG c.e.c.service.impl.OrderServiceImpl - Order 2: client Сидорова
2026-04-06 23:25:04 [restartedMain] DEBUG c.e.c.service.impl.OrderServiceImpl - Order 3: client Новикова
2026-04-06 23:25:04 [restartedMain] DEBUG c.e.c.service.impl.OrderServiceImpl - Order 4: client Петров
2026-04-06 23:25:04 [restartedMain] INFO  c.e.c.service.impl.OrderServiceImpl - === Конец N+1 ===
2026-04-06 23:25:04 [restartedMain] INFO  c.e.c.service.impl.OrderServiceImpl - === С оптимизацией (один запрос) ===
2026-04-06 23:25:04 [restartedMain] INFO  c.e.c.service.impl.OrderServiceImpl - Загружено 4 заказов с оптимизацией
2026-04-06 23:25:04 [restartedMain] DEBUG c.e.c.service.impl.OrderServiceImpl - Order 1: client Петров
2026-04-06 23:25:04 [restartedMain] DEBUG c.e.c.service.impl.OrderServiceImpl - Order 2: client Сидорова
2026-04-06 23:25:04 [restartedMain] DEBUG c.e.c.service.impl.OrderServiceImpl - Order 3: client Новикова
2026-04-06 23:25:04 [restartedMain] DEBUG c.e.c.service.impl.OrderServiceImpl - Order 4: client Петров
2026-04-06 23:25:04 [restartedMain] INFO  c.e.c.service.impl.OrderServiceImpl - === Конец оптимизации ===
2026-04-06 23:25:04 [restartedMain] INFO  c.e.c.aspect.ServiceLoggingAspect - Method OrderServiceImpl.demonstrateNplus1Problem() executed in 21 ms
2026-04-06 23:25:04 [restartedMain] INFO  c.e.c.config.DataInitializer - === Используем машину с ID: 1 ===
2026-04-06 23:25:04 [restartedMain] INFO  c.e.c.config.DataInitializer - 
=== ТЕСТ 1: Без @Transactional ===
2026-04-06 23:25:04 [restartedMain] INFO  c.e.c.service.impl.OrderServiceImpl - === СОХРАНЕНИЕ БЕЗ @Transactional ===
2026-04-06 23:25:04 [restartedMain] INFO  c.e.c.service.impl.OrderServiceImpl - 1. Заказ сохранён, ID: 5
2026-04-06 23:25:04 [restartedMain] INFO  c.e.c.service.impl.OrderServiceImpl - 2. Имитируем ошибку...
2026-04-06 23:25:04 [restartedMain] ERROR c.e.c.config.DataInitializer - Ошибка: Ошибка после частичного сохранения! Заказ остался в БД.
2026-04-06 23:25:04 [restartedMain] INFO  c.e.c.config.DataInitializer - 
=== ТЕСТ 2: С @Transactional ===
2026-04-06 23:25:04 [restartedMain] INFO  c.e.c.service.impl.OrderServiceImpl - === СОХРАНЕНИЕ С @Transactional ===
2026-04-06 23:25:04 [restartedMain] INFO  c.e.c.service.impl.OrderServiceImpl - 1. Заказ сохранён, ID: 6
2026-04-06 23:25:04 [restartedMain] INFO  c.e.c.service.impl.OrderServiceImpl - 2. Услуги добавлены
2026-04-06 23:25:04 [restartedMain] INFO  c.e.c.service.impl.OrderServiceImpl - 3. Имитируем ошибку...
2026-04-06 23:25:04 [restartedMain] ERROR c.e.c.config.DataInitializer - Ошибка: Ошибка! Всё должно откатиться.
2026-04-06 23:25:04 [restartedMain] INFO  o.s.b.d.a.ConditionEvaluationDeltaLoggingListener - Condition evaluation unchanged
2026-04-06 23:35:47 [SpringApplicationShutdownHook] INFO  o.s.b.w.e.tomcat.GracefulShutdown - Commencing graceful shutdown. Waiting for active requests to complete
2026-04-06 23:35:47 [tomcat-shutdown] INFO  o.s.b.w.e.tomcat.GracefulShutdown - Graceful shutdown complete
2026-04-06 23:35:47 [SpringApplicationShutdownHook] INFO  o.s.o.j.LocalContainerEntityManagerFactoryBean - Closing JPA EntityManagerFactory for persistence unit 'default'
2026-04-06 23:35:47 [SpringApplicationShutdownHook] INFO  com.zaxxer.hikari.HikariDataSource - HikariPool-3 - Shutdown initiated...
2026-04-06 23:35:47 [SpringApplicationShutdownHook] INFO  com.zaxxer.hikari.HikariDataSource - HikariPool-3 - Shutdown completed.
2026-04-06 23:35:50 [background-preinit] INFO  o.h.validator.internal.util.Version - HV000001: Hibernate Validator 8.0.3.Final
2026-04-06 23:35:50 [restartedMain] INFO  c.e.carservice.CarServiceApplication - Starting CarServiceApplication using Java 25.0.2 with PID 38208 (D:\Java\carService\target\classes started by Dzmitry in D:\Java\carService)
2026-04-06 23:35:50 [restartedMain] DEBUG c.e.carservice.CarServiceApplication - Running with Spring Boot v3.5.6, Spring v6.2.11
2026-04-06 23:35:50 [restartedMain] INFO  c.e.carservice.CarServiceApplication - The following 1 profile is active: "local"
2026-04-06 23:35:50 [restartedMain] INFO  o.s.b.d.e.DevToolsPropertyDefaultsPostProcessor - Devtools property defaults active! Set 'spring.devtools.add-properties' to 'false' to disable
2026-04-06 23:35:50 [restartedMain] INFO  o.s.b.d.e.DevToolsPropertyDefaultsPostProcessor - For additional web related logging consider setting the 'logging.level.web' property to 'DEBUG'
2026-04-06 23:35:51 [restartedMain] INFO  o.s.d.r.c.RepositoryConfigurationDelegate - Bootstrapping Spring Data JPA repositories in DEFAULT mode.
2026-04-06 23:35:51 [restartedMain] INFO  o.s.d.r.c.RepositoryConfigurationDelegate - Finished Spring Data repository scanning in 47 ms. Found 7 JPA repository interfaces.
2026-04-06 23:35:51 [restartedMain] INFO  o.s.b.w.e.tomcat.TomcatWebServer - Tomcat initialized with port 8080 (http)
2026-04-06 23:35:51 [restartedMain] INFO  o.a.coyote.http11.Http11NioProtocol - Initializing ProtocolHandler ["http-nio-8080"]
2026-04-06 23:35:51 [restartedMain] INFO  o.a.catalina.core.StandardService - Starting service [Tomcat]
2026-04-06 23:35:51 [restartedMain] INFO  o.a.catalina.core.StandardEngine - Starting Servlet engine: [Apache Tomcat/10.1.46]
2026-04-06 23:35:51 [restartedMain] INFO  o.a.c.c.C.[Tomcat].[localhost].[/] - Initializing Spring embedded WebApplicationContext
2026-04-06 23:35:51 [restartedMain] INFO  o.s.b.w.s.c.ServletWebServerApplicationContext - Root WebApplicationContext: initialization completed in 1112 ms
2026-04-06 23:35:52 [restartedMain] INFO  o.h.jpa.internal.util.LogHelper - HHH000204: Processing PersistenceUnitInfo [name: default]
2026-04-06 23:35:52 [restartedMain] INFO  org.hibernate.Version - HHH000412: Hibernate ORM core version 6.6.29.Final
2026-04-06 23:35:52 [restartedMain] INFO  o.h.c.i.RegionFactoryInitiator - HHH000026: Second-level cache disabled
2026-04-06 23:35:52 [restartedMain] INFO  o.s.o.j.p.SpringPersistenceUnitInfo - No LoadTimeWeaver setup: ignoring JPA class transformer
2026-04-06 23:35:52 [restartedMain] INFO  com.zaxxer.hikari.HikariDataSource - HikariPool-1 - Starting...
2026-04-06 23:35:52 [restartedMain] INFO  com.zaxxer.hikari.pool.HikariPool - HikariPool-1 - Added connection org.postgresql.jdbc.PgConnection@11cc0eb9
2026-04-06 23:35:52 [restartedMain] INFO  com.zaxxer.hikari.HikariDataSource - HikariPool-1 - Start completed.
2026-04-06 23:35:52 [restartedMain] INFO  o.hibernate.orm.connections.pooling - HHH10001005: Database info:
	Database JDBC URL [Connecting through datasource 'HikariDataSource (HikariPool-1)']
	Database driver: undefined/unknown
	Database version: 18.3
	Autocommit mode: undefined/unknown
	Isolation level: undefined/unknown
	Minimum pool size: undefined/unknown
	Maximum pool size: undefined/unknown
2026-04-06 23:35:53 [restartedMain] INFO  o.h.e.t.j.p.i.JtaPlatformInitiator - HHH000489: No JTA platform available (set 'hibernate.transaction.jta.platform' to enable JTA platform integration)
2026-04-06 23:35:53 [restartedMain] INFO  o.s.o.j.LocalContainerEntityManagerFactoryBean - Initialized JPA EntityManagerFactory for persistence unit 'default'
2026-04-06 23:35:53 [restartedMain] INFO  o.s.d.j.r.query.QueryEnhancerFactory - Hibernate is in classpath; If applicable, HQL parser will be used.
2026-04-06 23:35:54 [restartedMain] WARN  o.s.b.a.o.j.JpaBaseConfiguration$JpaWebConfiguration - spring.jpa.open-in-view is enabled by default. Therefore, database queries may be performed during view rendering. Explicitly configure spring.jpa.open-in-view to disable this warning
2026-04-06 23:35:55 [restartedMain] INFO  o.s.b.d.a.OptionalLiveReloadServer - LiveReload server is running on port 35729
2026-04-06 23:35:55 [restartedMain] INFO  o.a.coyote.http11.Http11NioProtocol - Starting ProtocolHandler ["http-nio-8080"]
2026-04-06 23:35:55 [restartedMain] INFO  o.s.b.w.e.tomcat.TomcatWebServer - Tomcat started on port 8080 (http) with context path '/'
2026-04-06 23:35:55 [restartedMain] INFO  c.e.carservice.CarServiceApplication - Started CarServiceApplication in 4.73 seconds (process running for 5.245)
2026-04-06 23:35:55 [restartedMain] INFO  c.e.c.config.DataInitializer - === Создание клиентов ===
2026-04-06 23:35:55 [restartedMain] INFO  c.e.c.config.DataInitializer - === Создание машин ===
2026-04-06 23:35:55 [restartedMain] INFO  c.e.c.config.DataInitializer - === Создание механиков ===
2026-04-06 23:35:55 [restartedMain] INFO  c.e.c.config.DataInitializer - === Создание услуг ===
2026-04-06 23:35:55 [restartedMain] INFO  c.e.c.config.DataInitializer - === Создание запчастей ===
2026-04-06 23:35:55 [restartedMain] INFO  c.e.c.config.DataInitializer - === Создание заказов ===
2026-04-06 23:35:55 [restartedMain] INFO  c.e.c.config.DataInitializer - Клиентов: 4
2026-04-06 23:35:55 [restartedMain] INFO  c.e.c.config.DataInitializer - Машин: 5
2026-04-06 23:35:55 [restartedMain] INFO  c.e.c.config.DataInitializer - Механиков: 4
2026-04-06 23:35:55 [restartedMain] INFO  c.e.c.config.DataInitializer - Услуг: 5
2026-04-06 23:35:55 [restartedMain] INFO  c.e.c.config.DataInitializer - Запчастей: 5
2026-04-06 23:35:55 [restartedMain] INFO  c.e.c.config.DataInitializer - Заказов: 4
2026-04-06 23:35:55 [restartedMain] INFO  c.e.c.service.impl.OrderServiceImpl - === Без оптимизации (N+1) ===
2026-04-06 23:35:55 [restartedMain] INFO  c.e.c.service.impl.OrderServiceImpl - Загружено 4 заказов без оптимизации
2026-04-06 23:35:55 [restartedMain] DEBUG c.e.c.service.impl.OrderServiceImpl - Order 1: client Петров
2026-04-06 23:35:55 [restartedMain] DEBUG c.e.c.service.impl.OrderServiceImpl - Order 2: client Сидорова
2026-04-06 23:35:55 [restartedMain] DEBUG c.e.c.service.impl.OrderServiceImpl - Order 3: client Новикова
2026-04-06 23:35:55 [restartedMain] DEBUG c.e.c.service.impl.OrderServiceImpl - Order 4: client Петров
2026-04-06 23:35:55 [restartedMain] INFO  c.e.c.service.impl.OrderServiceImpl - === Конец N+1 ===
2026-04-06 23:35:55 [restartedMain] INFO  c.e.c.service.impl.OrderServiceImpl - === С оптимизацией (один запрос) ===
2026-04-06 23:35:55 [restartedMain] INFO  c.e.c.service.impl.OrderServiceImpl - Загружено 4 заказов с оптимизацией
2026-04-06 23:35:55 [restartedMain] DEBUG c.e.c.service.impl.OrderServiceImpl - Order 1: client Петров
2026-04-06 23:35:55 [restartedMain] DEBUG c.e.c.service.impl.OrderServiceImpl - Order 2: client Сидорова
2026-04-06 23:35:55 [restartedMain] DEBUG c.e.c.service.impl.OrderServiceImpl - Order 3: client Новикова
2026-04-06 23:35:55 [restartedMain] DEBUG c.e.c.service.impl.OrderServiceImpl - Order 4: client Петров
2026-04-06 23:35:55 [restartedMain] INFO  c.e.c.service.impl.OrderServiceImpl - === Конец оптимизации ===
2026-04-06 23:35:55 [restartedMain] INFO  c.e.c.aspect.ServiceLoggingAspect - Method OrderServiceImpl.demonstrateNplus1Problem() executed in 41 ms
2026-04-06 23:35:55 [restartedMain] INFO  c.e.c.config.DataInitializer - === Используем машину с ID: 1 ===
2026-04-06 23:35:55 [restartedMain] INFO  c.e.c.config.DataInitializer - 
=== ТЕСТ 1: Без @Transactional ===
2026-04-06 23:35:55 [restartedMain] INFO  c.e.c.service.impl.OrderServiceImpl - === СОХРАНЕНИЕ БЕЗ @Transactional ===
2026-04-06 23:35:55 [restartedMain] INFO  c.e.c.service.impl.OrderServiceImpl - 1. Заказ сохранён, ID: 5
2026-04-06 23:35:55 [restartedMain] INFO  c.e.c.service.impl.OrderServiceImpl - 2. Имитируем ошибку...
2026-04-06 23:35:55 [restartedMain] ERROR c.e.c.config.DataInitializer - Ошибка: Ошибка после частичного сохранения! Заказ остался в БД.
2026-04-06 23:35:55 [restartedMain] INFO  c.e.c.config.DataInitializer - 
=== ТЕСТ 2: С @Transactional ===
2026-04-06 23:35:55 [restartedMain] INFO  c.e.c.service.impl.OrderServiceImpl - === СОХРАНЕНИЕ С @Transactional ===
2026-04-06 23:35:55 [restartedMain] INFO  c.e.c.service.impl.OrderServiceImpl - 1. Заказ сохранён, ID: 6
2026-04-06 23:35:55 [restartedMain] INFO  c.e.c.service.impl.OrderServiceImpl - 2. Услуги добавлены
2026-04-06 23:35:55 [restartedMain] INFO  c.e.c.service.impl.OrderServiceImpl - 3. Имитируем ошибку...
2026-04-06 23:35:55 [restartedMain] ERROR c.e.c.config.DataInitializer - Ошибка: Ошибка! Всё должно откатиться.
2026-04-06 23:40:16 [File Watcher] INFO  o.s.b.d.a.LocalDevToolsAutoConfiguration$RestartingClassPathChangeChangedEventListener - Restarting due to 2 class path changes (0 additions, 2 deletions, 0 modifications)
2026-04-06 23:40:16 [Thread-5] INFO  o.s.b.w.e.tomcat.GracefulShutdown - Commencing graceful shutdown. Waiting for active requests to complete
2026-04-06 23:40:16 [tomcat-shutdown] INFO  o.a.coyote.http11.Http11NioProtocol - Pausing ProtocolHandler ["http-nio-8080"]
2026-04-06 23:40:16 [tomcat-shutdown] INFO  o.s.b.w.e.tomcat.GracefulShutdown - Graceful shutdown complete
2026-04-06 23:40:16 [Thread-5] INFO  o.a.coyote.http11.Http11NioProtocol - Stopping ProtocolHandler ["http-nio-8080"]
2026-04-06 23:40:16 [Thread-5] INFO  o.s.o.j.LocalContainerEntityManagerFactoryBean - Closing JPA EntityManagerFactory for persistence unit 'default'
2026-04-06 23:40:16 [Thread-5] INFO  com.zaxxer.hikari.HikariDataSource - HikariPool-1 - Shutdown initiated...
2026-04-06 23:40:16 [Thread-5] INFO  com.zaxxer.hikari.HikariDataSource - HikariPool-1 - Shutdown completed.
2026-04-06 23:40:16 [restartedMain] INFO  c.e.carservice.CarServiceApplication - Starting CarServiceApplication using Java 25.0.2 with PID 38208 (D:\Java\carService\target\classes started by Dzmitry in D:\Java\carService)
2026-04-06 23:40:16 [restartedMain] DEBUG c.e.carservice.CarServiceApplication - Running with Spring Boot v3.5.6, Spring v6.2.11
2026-04-06 23:40:16 [restartedMain] INFO  c.e.carservice.CarServiceApplication - The following 1 profile is active: "local"
2026-04-06 23:40:16 [restartedMain] INFO  o.s.d.r.c.RepositoryConfigurationDelegate - Bootstrapping Spring Data JPA repositories in DEFAULT mode.
2026-04-06 23:40:16 [restartedMain] INFO  o.s.d.r.c.RepositoryConfigurationDelegate - Finished Spring Data repository scanning in 35 ms. Found 7 JPA repository interfaces.
2026-04-06 23:40:17 [restartedMain] INFO  o.s.b.w.e.tomcat.TomcatWebServer - Tomcat initialized with port 8080 (http)
2026-04-06 23:40:17 [restartedMain] INFO  o.a.coyote.http11.Http11NioProtocol - Initializing ProtocolHandler ["http-nio-8080"]
2026-04-06 23:40:17 [restartedMain] INFO  o.a.catalina.core.StandardService - Starting service [Tomcat]
2026-04-06 23:40:17 [restartedMain] INFO  o.a.catalina.core.StandardEngine - Starting Servlet engine: [Apache Tomcat/10.1.46]
2026-04-06 23:40:17 [restartedMain] INFO  o.a.c.c.C.[Tomcat].[localhost].[/] - Initializing Spring embedded WebApplicationContext
2026-04-06 23:40:17 [restartedMain] INFO  o.s.b.w.s.c.ServletWebServerApplicationContext - Root WebApplicationContext: initialization completed in 645 ms
2026-04-06 23:40:17 [restartedMain] INFO  o.h.jpa.internal.util.LogHelper - HHH000204: Processing PersistenceUnitInfo [name: default]
2026-04-06 23:40:17 [restartedMain] INFO  o.h.c.i.RegionFactoryInitiator - HHH000026: Second-level cache disabled
2026-04-06 23:40:17 [restartedMain] INFO  o.s.o.j.p.SpringPersistenceUnitInfo - No LoadTimeWeaver setup: ignoring JPA class transformer
2026-04-06 23:40:17 [restartedMain] INFO  com.zaxxer.hikari.HikariDataSource - HikariPool-2 - Starting...
2026-04-06 23:40:17 [restartedMain] INFO  com.zaxxer.hikari.pool.HikariPool - HikariPool-2 - Added connection org.postgresql.jdbc.PgConnection@4d261db2
2026-04-06 23:40:17 [restartedMain] INFO  com.zaxxer.hikari.HikariDataSource - HikariPool-2 - Start completed.
2026-04-06 23:40:17 [restartedMain] INFO  o.hibernate.orm.connections.pooling - HHH10001005: Database info:
	Database JDBC URL [Connecting through datasource 'HikariDataSource (HikariPool-2)']
	Database driver: undefined/unknown
	Database version: 18.3
	Autocommit mode: undefined/unknown
	Isolation level: undefined/unknown
	Minimum pool size: undefined/unknown
	Maximum pool size: undefined/unknown
2026-04-06 23:40:17 [restartedMain] INFO  o.h.e.t.j.p.i.JtaPlatformInitiator - HHH000489: No JTA platform available (set 'hibernate.transaction.jta.platform' to enable JTA platform integration)
2026-04-06 23:40:17 [restartedMain] INFO  o.s.o.j.LocalContainerEntityManagerFactoryBean - Initialized JPA EntityManagerFactory for persistence unit 'default'
2026-04-06 23:40:18 [restartedMain] WARN  o.s.b.a.o.j.JpaBaseConfiguration$JpaWebConfiguration - spring.jpa.open-in-view is enabled by default. Therefore, database queries may be performed during view rendering. Explicitly configure spring.jpa.open-in-view to disable this warning
2026-04-06 23:40:18 [restartedMain] INFO  o.s.b.d.a.OptionalLiveReloadServer - LiveReload server is running on port 35729
2026-04-06 23:40:18 [restartedMain] INFO  o.a.coyote.http11.Http11NioProtocol - Starting ProtocolHandler ["http-nio-8080"]
2026-04-06 23:40:18 [restartedMain] INFO  o.s.b.w.e.tomcat.TomcatWebServer - Tomcat started on port 8080 (http) with context path '/'
2026-04-06 23:40:18 [restartedMain] INFO  c.e.carservice.CarServiceApplication - Started CarServiceApplication in 2.604 seconds (process running for 269.085)
2026-04-06 23:40:18 [restartedMain] INFO  c.e.c.config.DataInitializer - === Создание клиентов ===
2026-04-06 23:40:19 [restartedMain] INFO  c.e.c.config.DataInitializer - === Создание машин ===
2026-04-06 23:40:19 [restartedMain] INFO  c.e.c.config.DataInitializer - === Создание механиков ===
2026-04-06 23:40:19 [restartedMain] INFO  c.e.c.config.DataInitializer - === Создание услуг ===
2026-04-06 23:40:19 [restartedMain] INFO  c.e.c.config.DataInitializer - === Создание запчастей ===
2026-04-06 23:40:19 [restartedMain] INFO  c.e.c.config.DataInitializer - === Создание заказов ===
2026-04-06 23:40:19 [restartedMain] INFO  c.e.c.config.DataInitializer - Клиентов: 4
2026-04-06 23:40:19 [restartedMain] INFO  c.e.c.config.DataInitializer - Машин: 5
2026-04-06 23:40:19 [restartedMain] INFO  c.e.c.config.DataInitializer - Механиков: 4
2026-04-06 23:40:19 [restartedMain] INFO  c.e.c.config.DataInitializer - Услуг: 5
2026-04-06 23:40:19 [restartedMain] INFO  c.e.c.config.DataInitializer - Запчастей: 5
2026-04-06 23:40:19 [restartedMain] INFO  c.e.c.config.DataInitializer - Заказов: 4
2026-04-06 23:40:19 [restartedMain] INFO  c.e.c.service.impl.OrderServiceImpl - === Без оптимизации (N+1) ===
2026-04-06 23:40:19 [restartedMain] INFO  c.e.c.service.impl.OrderServiceImpl - Загружено 4 заказов без оптимизации
2026-04-06 23:40:19 [restartedMain] DEBUG c.e.c.service.impl.OrderServiceImpl - Order 1: client Петров
2026-04-06 23:40:19 [restartedMain] DEBUG c.e.c.service.impl.OrderServiceImpl - Order 2: client Сидорова
2026-04-06 23:40:19 [restartedMain] DEBUG c.e.c.service.impl.OrderServiceImpl - Order 3: client Новикова
2026-04-06 23:40:19 [restartedMain] DEBUG c.e.c.service.impl.OrderServiceImpl - Order 4: client Петров
2026-04-06 23:40:19 [restartedMain] INFO  c.e.c.service.impl.OrderServiceImpl - === Конец N+1 ===
2026-04-06 23:40:19 [restartedMain] INFO  c.e.c.service.impl.OrderServiceImpl - === С оптимизацией (один запрос) ===
2026-04-06 23:40:19 [restartedMain] INFO  c.e.c.service.impl.OrderServiceImpl - Загружено 4 заказов с оптимизацией
2026-04-06 23:40:19 [restartedMain] DEBUG c.e.c.service.impl.OrderServiceImpl - Order 1: client Петров
2026-04-06 23:40:19 [restartedMain] DEBUG c.e.c.service.impl.OrderServiceImpl - Order 2: client Сидорова
2026-04-06 23:40:19 [restartedMain] DEBUG c.e.c.service.impl.OrderServiceImpl - Order 3: client Новикова
2026-04-06 23:40:19 [restartedMain] DEBUG c.e.c.service.impl.OrderServiceImpl - Order 4: client Петров
2026-04-06 23:40:19 [restartedMain] INFO  c.e.c.service.impl.OrderServiceImpl - === Конец оптимизации ===
2026-04-06 23:40:19 [restartedMain] INFO  c.e.c.aspect.ServiceLoggingAspect - Method OrderServiceImpl.demonstrateNplus1Problem() executed in 27 ms
2026-04-06 23:40:19 [restartedMain] INFO  c.e.c.config.DataInitializer - === Используем машину с ID: 1 ===
2026-04-06 23:40:19 [restartedMain] INFO  c.e.c.config.DataInitializer - 
=== ТЕСТ 1: Без @Transactional ===
2026-04-06 23:40:19 [restartedMain] INFO  c.e.c.service.impl.OrderServiceImpl - === СОХРАНЕНИЕ БЕЗ @Transactional ===
2026-04-06 23:40:19 [restartedMain] INFO  c.e.c.service.impl.OrderServiceImpl - 1. Заказ сохранён, ID: 5
2026-04-06 23:40:19 [restartedMain] INFO  c.e.c.service.impl.OrderServiceImpl - 2. Имитируем ошибку...
2026-04-06 23:40:19 [restartedMain] ERROR c.e.c.config.DataInitializer - Ошибка: Ошибка после частичного сохранения! Заказ остался в БД.
2026-04-06 23:40:19 [restartedMain] INFO  c.e.c.config.DataInitializer - 
=== ТЕСТ 2: С @Transactional ===
2026-04-06 23:40:19 [restartedMain] INFO  c.e.c.service.impl.OrderServiceImpl - === СОХРАНЕНИЕ С @Transactional ===
2026-04-06 23:40:19 [restartedMain] INFO  c.e.c.service.impl.OrderServiceImpl - 1. Заказ сохранён, ID: 6
2026-04-06 23:40:19 [restartedMain] INFO  c.e.c.service.impl.OrderServiceImpl - 2. Услуги добавлены
2026-04-06 23:40:19 [restartedMain] INFO  c.e.c.service.impl.OrderServiceImpl - 3. Имитируем ошибку...
2026-04-06 23:40:19 [restartedMain] ERROR c.e.c.config.DataInitializer - Ошибка: Ошибка! Всё должно откатиться.
2026-04-06 23:40:19 [restartedMain] INFO  o.s.b.d.a.ConditionEvaluationDeltaLoggingListener - Condition evaluation unchanged
2026-04-06 23:40:20 [File Watcher] INFO  o.s.b.d.a.LocalDevToolsAutoConfiguration$RestartingClassPathChangeChangedEventListener - Restarting due to 2 class path changes (2 additions, 0 deletions, 0 modifications)
2026-04-06 23:40:20 [Thread-7] INFO  o.s.b.w.e.tomcat.GracefulShutdown - Commencing graceful shutdown. Waiting for active requests to complete
2026-04-06 23:40:20 [tomcat-shutdown] INFO  o.a.coyote.http11.Http11NioProtocol - Pausing ProtocolHandler ["http-nio-8080"]
2026-04-06 23:40:20 [tomcat-shutdown] INFO  o.s.b.w.e.tomcat.GracefulShutdown - Graceful shutdown complete
2026-04-06 23:40:20 [Thread-7] INFO  o.a.coyote.http11.Http11NioProtocol - Stopping ProtocolHandler ["http-nio-8080"]
2026-04-06 23:40:20 [Thread-7] INFO  o.s.o.j.LocalContainerEntityManagerFactoryBean - Closing JPA EntityManagerFactory for persistence unit 'default'
2026-04-06 23:40:20 [Thread-7] INFO  com.zaxxer.hikari.HikariDataSource - HikariPool-2 - Shutdown initiated...
2026-04-06 23:40:20 [Thread-7] INFO  com.zaxxer.hikari.HikariDataSource - HikariPool-2 - Shutdown completed.
2026-04-06 23:40:20 [restartedMain] INFO  c.e.carservice.CarServiceApplication - Starting CarServiceApplication using Java 25.0.2 with PID 38208 (D:\Java\carService\target\classes started by Dzmitry in D:\Java\carService)
2026-04-06 23:40:20 [restartedMain] DEBUG c.e.carservice.CarServiceApplication - Running with Spring Boot v3.5.6, Spring v6.2.11
2026-04-06 23:40:20 [restartedMain] INFO  c.e.carservice.CarServiceApplication - The following 1 profile is active: "local"
2026-04-06 23:40:20 [restartedMain] INFO  o.s.d.r.c.RepositoryConfigurationDelegate - Bootstrapping Spring Data JPA repositories in DEFAULT mode.
2026-04-06 23:40:21 [restartedMain] INFO  o.s.d.r.c.RepositoryConfigurationDelegate - Finished Spring Data repository scanning in 35 ms. Found 7 JPA repository interfaces.
2026-04-06 23:40:21 [restartedMain] INFO  o.s.b.w.e.tomcat.TomcatWebServer - Tomcat initialized with port 8080 (http)
2026-04-06 23:40:21 [restartedMain] INFO  o.a.coyote.http11.Http11NioProtocol - Initializing ProtocolHandler ["http-nio-8080"]
2026-04-06 23:40:21 [restartedMain] INFO  o.a.catalina.core.StandardService - Starting service [Tomcat]
2026-04-06 23:40:21 [restartedMain] INFO  o.a.catalina.core.StandardEngine - Starting Servlet engine: [Apache Tomcat/10.1.46]
2026-04-06 23:40:21 [restartedMain] INFO  o.a.c.c.C.[Tomcat].[localhost].[/] - Initializing Spring embedded WebApplicationContext
2026-04-06 23:40:21 [restartedMain] INFO  o.s.b.w.s.c.ServletWebServerApplicationContext - Root WebApplicationContext: initialization completed in 689 ms
2026-04-06 23:40:21 [restartedMain] INFO  o.h.jpa.internal.util.LogHelper - HHH000204: Processing PersistenceUnitInfo [name: default]
2026-04-06 23:40:21 [restartedMain] INFO  o.h.c.i.RegionFactoryInitiator - HHH000026: Second-level cache disabled
2026-04-06 23:40:21 [restartedMain] INFO  o.s.o.j.p.SpringPersistenceUnitInfo - No LoadTimeWeaver setup: ignoring JPA class transformer
2026-04-06 23:40:21 [restartedMain] INFO  com.zaxxer.hikari.HikariDataSource - HikariPool-3 - Starting...
2026-04-06 23:40:21 [restartedMain] INFO  com.zaxxer.hikari.pool.HikariPool - HikariPool-3 - Added connection org.postgresql.jdbc.PgConnection@3d330eb7
2026-04-06 23:40:21 [restartedMain] INFO  com.zaxxer.hikari.HikariDataSource - HikariPool-3 - Start completed.
2026-04-06 23:40:21 [restartedMain] INFO  o.hibernate.orm.connections.pooling - HHH10001005: Database info:
	Database JDBC URL [Connecting through datasource 'HikariDataSource (HikariPool-3)']
	Database driver: undefined/unknown
	Database version: 18.3
	Autocommit mode: undefined/unknown
	Isolation level: undefined/unknown
	Minimum pool size: undefined/unknown
	Maximum pool size: undefined/unknown
2026-04-06 23:40:21 [restartedMain] INFO  o.h.e.t.j.p.i.JtaPlatformInitiator - HHH000489: No JTA platform available (set 'hibernate.transaction.jta.platform' to enable JTA platform integration)
2026-04-06 23:40:21 [restartedMain] INFO  o.s.o.j.LocalContainerEntityManagerFactoryBean - Initialized JPA EntityManagerFactory for persistence unit 'default'
2026-04-06 23:40:22 [restartedMain] WARN  o.s.b.a.o.j.JpaBaseConfiguration$JpaWebConfiguration - spring.jpa.open-in-view is enabled by default. Therefore, database queries may be performed during view rendering. Explicitly configure spring.jpa.open-in-view to disable this warning
2026-04-06 23:40:22 [restartedMain] INFO  o.s.b.d.a.OptionalLiveReloadServer - LiveReload server is running on port 35729
2026-04-06 23:40:22 [restartedMain] INFO  o.a.coyote.http11.Http11NioProtocol - Starting ProtocolHandler ["http-nio-8080"]
2026-04-06 23:40:22 [restartedMain] INFO  o.s.b.w.e.tomcat.TomcatWebServer - Tomcat started on port 8080 (http) with context path '/'
2026-04-06 23:40:22 [restartedMain] INFO  c.e.carservice.CarServiceApplication - Started CarServiceApplication in 2.069 seconds (process running for 272.696)
2026-04-06 23:40:22 [restartedMain] INFO  c.e.c.config.DataInitializer - === Создание клиентов ===
2026-04-06 23:40:22 [restartedMain] INFO  c.e.c.config.DataInitializer - === Создание машин ===
2026-04-06 23:40:22 [restartedMain] INFO  c.e.c.config.DataInitializer - === Создание механиков ===
2026-04-06 23:40:22 [restartedMain] INFO  c.e.c.config.DataInitializer - === Создание услуг ===
2026-04-06 23:40:22 [restartedMain] INFO  c.e.c.config.DataInitializer - === Создание запчастей ===
2026-04-06 23:40:22 [restartedMain] INFO  c.e.c.config.DataInitializer - === Создание заказов ===
2026-04-06 23:40:22 [restartedMain] INFO  c.e.c.config.DataInitializer - Клиентов: 4
2026-04-06 23:40:22 [restartedMain] INFO  c.e.c.config.DataInitializer - Машин: 5
2026-04-06 23:40:22 [restartedMain] INFO  c.e.c.config.DataInitializer - Механиков: 4
2026-04-06 23:40:22 [restartedMain] INFO  c.e.c.config.DataInitializer - Услуг: 5
2026-04-06 23:40:22 [restartedMain] INFO  c.e.c.config.DataInitializer - Запчастей: 5
2026-04-06 23:40:22 [restartedMain] INFO  c.e.c.config.DataInitializer - Заказов: 4
2026-04-06 23:40:22 [restartedMain] INFO  c.e.c.service.impl.OrderServiceImpl - === Без оптимизации (N+1) ===
2026-04-06 23:40:22 [restartedMain] INFO  c.e.c.service.impl.OrderServiceImpl - Загружено 4 заказов без оптимизации
2026-04-06 23:40:22 [restartedMain] DEBUG c.e.c.service.impl.OrderServiceImpl - Order 1: client Петров
2026-04-06 23:40:22 [restartedMain] DEBUG c.e.c.service.impl.OrderServiceImpl - Order 2: client Сидорова
2026-04-06 23:40:22 [restartedMain] DEBUG c.e.c.service.impl.OrderServiceImpl - Order 3: client Новикова
2026-04-06 23:40:22 [restartedMain] DEBUG c.e.c.service.impl.OrderServiceImpl - Order 4: client Петров
2026-04-06 23:40:22 [restartedMain] INFO  c.e.c.service.impl.OrderServiceImpl - === Конец N+1 ===
2026-04-06 23:40:22 [restartedMain] INFO  c.e.c.service.impl.OrderServiceImpl - === С оптимизацией (один запрос) ===
2026-04-06 23:40:22 [restartedMain] INFO  c.e.c.service.impl.OrderServiceImpl - Загружено 4 заказов с оптимизацией
2026-04-06 23:40:22 [restartedMain] DEBUG c.e.c.service.impl.OrderServiceImpl - Order 1: client Петров
2026-04-06 23:40:22 [restartedMain] DEBUG c.e.c.service.impl.OrderServiceImpl - Order 2: client Сидорова
2026-04-06 23:40:22 [restartedMain] DEBUG c.e.c.service.impl.OrderServiceImpl - Order 3: client Новикова
2026-04-06 23:40:22 [restartedMain] DEBUG c.e.c.service.impl.OrderServiceImpl - Order 4: client Петров
2026-04-06 23:40:22 [restartedMain] INFO  c.e.c.service.impl.OrderServiceImpl - === Конец оптимизации ===
2026-04-06 23:40:22 [restartedMain] INFO  c.e.c.aspect.ServiceLoggingAspect - Method OrderServiceImpl.demonstrateNplus1Problem() executed in 20 ms
2026-04-06 23:40:22 [restartedMain] INFO  c.e.c.config.DataInitializer - === Используем машину с ID: 1 ===
2026-04-06 23:40:22 [restartedMain] INFO  c.e.c.config.DataInitializer - 
=== ТЕСТ 1: Без @Transactional ===
2026-04-06 23:40:22 [restartedMain] INFO  c.e.c.service.impl.OrderServiceImpl - === СОХРАНЕНИЕ БЕЗ @Transactional ===
2026-04-06 23:40:22 [restartedMain] INFO  c.e.c.service.impl.OrderServiceImpl - 1. Заказ сохранён, ID: 5
2026-04-06 23:40:22 [restartedMain] INFO  c.e.c.service.impl.OrderServiceImpl - 2. Имитируем ошибку...
2026-04-06 23:40:22 [restartedMain] ERROR c.e.c.config.DataInitializer - Ошибка: Ошибка после частичного сохранения! Заказ остался в БД.
2026-04-06 23:40:22 [restartedMain] INFO  c.e.c.config.DataInitializer - 
=== ТЕСТ 2: С @Transactional ===
2026-04-06 23:40:22 [restartedMain] INFO  c.e.c.service.impl.OrderServiceImpl - === СОХРАНЕНИЕ С @Transactional ===
2026-04-06 23:40:22 [restartedMain] INFO  c.e.c.service.impl.OrderServiceImpl - 1. Заказ сохранён, ID: 6
2026-04-06 23:40:22 [restartedMain] INFO  c.e.c.service.impl.OrderServiceImpl - 2. Услуги добавлены
2026-04-06 23:40:22 [restartedMain] INFO  c.e.c.service.impl.OrderServiceImpl - 3. Имитируем ошибку...
2026-04-06 23:40:22 [restartedMain] ERROR c.e.c.config.DataInitializer - Ошибка: Ошибка! Всё должно откатиться.
2026-04-06 23:40:22 [restartedMain] INFO  o.s.b.d.a.ConditionEvaluationDeltaLoggingListener - Condition evaluation unchanged
2026-04-06 23:44:22 [File Watcher] INFO  o.s.b.d.a.LocalDevToolsAutoConfiguration$RestartingClassPathChangeChangedEventListener - Restarting due to 2 class path changes (0 additions, 2 deletions, 0 modifications)
2026-04-06 23:44:22 [Thread-11] INFO  o.s.b.w.e.tomcat.GracefulShutdown - Commencing graceful shutdown. Waiting for active requests to complete
2026-04-06 23:44:22 [tomcat-shutdown] INFO  o.a.coyote.http11.Http11NioProtocol - Pausing ProtocolHandler ["http-nio-8080"]
2026-04-06 23:44:22 [tomcat-shutdown] INFO  o.s.b.w.e.tomcat.GracefulShutdown - Graceful shutdown complete
2026-04-06 23:44:22 [Thread-11] INFO  o.a.coyote.http11.Http11NioProtocol - Stopping ProtocolHandler ["http-nio-8080"]
2026-04-06 23:44:22 [Thread-11] INFO  o.s.o.j.LocalContainerEntityManagerFactoryBean - Closing JPA EntityManagerFactory for persistence unit 'default'
2026-04-06 23:44:22 [Thread-11] INFO  com.zaxxer.hikari.HikariDataSource - HikariPool-3 - Shutdown initiated...
2026-04-06 23:44:22 [Thread-11] INFO  com.zaxxer.hikari.HikariDataSource - HikariPool-3 - Shutdown completed.
2026-04-06 23:44:23 [restartedMain] INFO  c.e.carservice.CarServiceApplication - Starting CarServiceApplication using Java 25.0.2 with PID 38208 (D:\Java\carService\target\classes started by Dzmitry in D:\Java\carService)
2026-04-06 23:44:23 [restartedMain] DEBUG c.e.carservice.CarServiceApplication - Running with Spring Boot v3.5.6, Spring v6.2.11
2026-04-06 23:44:23 [restartedMain] INFO  c.e.carservice.CarServiceApplication - The following 1 profile is active: "local"
2026-04-06 23:44:23 [restartedMain] INFO  o.s.d.r.c.RepositoryConfigurationDelegate - Bootstrapping Spring Data JPA repositories in DEFAULT mode.
2026-04-06 23:44:23 [restartedMain] INFO  o.s.d.r.c.RepositoryConfigurationDelegate - Finished Spring Data repository scanning in 33 ms. Found 7 JPA repository interfaces.
2026-04-06 23:44:23 [restartedMain] INFO  o.s.b.w.e.tomcat.TomcatWebServer - Tomcat initialized with port 8080 (http)
2026-04-06 23:44:23 [restartedMain] INFO  o.a.coyote.http11.Http11NioProtocol - Initializing ProtocolHandler ["http-nio-8080"]
2026-04-06 23:44:23 [restartedMain] INFO  o.a.catalina.core.StandardService - Starting service [Tomcat]
2026-04-06 23:44:23 [restartedMain] INFO  o.a.catalina.core.StandardEngine - Starting Servlet engine: [Apache Tomcat/10.1.46]
2026-04-06 23:44:23 [restartedMain] INFO  o.a.c.c.C.[Tomcat].[localhost].[/] - Initializing Spring embedded WebApplicationContext
2026-04-06 23:44:23 [restartedMain] INFO  o.s.b.w.s.c.ServletWebServerApplicationContext - Root WebApplicationContext: initialization completed in 609 ms
2026-04-06 23:44:23 [restartedMain] INFO  o.h.jpa.internal.util.LogHelper - HHH000204: Processing PersistenceUnitInfo [name: default]
2026-04-06 23:44:23 [restartedMain] INFO  o.h.c.i.RegionFactoryInitiator - HHH000026: Second-level cache disabled
2026-04-06 23:44:23 [restartedMain] INFO  o.s.o.j.p.SpringPersistenceUnitInfo - No LoadTimeWeaver setup: ignoring JPA class transformer
2026-04-06 23:44:23 [restartedMain] INFO  com.zaxxer.hikari.HikariDataSource - HikariPool-4 - Starting...
2026-04-06 23:44:23 [restartedMain] INFO  com.zaxxer.hikari.pool.HikariPool - HikariPool-4 - Added connection org.postgresql.jdbc.PgConnection@1bc77af4
2026-04-06 23:44:23 [restartedMain] INFO  com.zaxxer.hikari.HikariDataSource - HikariPool-4 - Start completed.
2026-04-06 23:44:23 [restartedMain] INFO  o.hibernate.orm.connections.pooling - HHH10001005: Database info:
	Database JDBC URL [Connecting through datasource 'HikariDataSource (HikariPool-4)']
	Database driver: undefined/unknown
	Database version: 18.3
	Autocommit mode: undefined/unknown
	Isolation level: undefined/unknown
	Minimum pool size: undefined/unknown
	Maximum pool size: undefined/unknown
2026-04-06 23:44:24 [restartedMain] INFO  o.h.e.t.j.p.i.JtaPlatformInitiator - HHH000489: No JTA platform available (set 'hibernate.transaction.jta.platform' to enable JTA platform integration)
2026-04-06 23:44:24 [restartedMain] INFO  o.s.o.j.LocalContainerEntityManagerFactoryBean - Initialized JPA EntityManagerFactory for persistence unit 'default'
2026-04-06 23:44:24 [restartedMain] WARN  o.s.b.a.o.j.JpaBaseConfiguration$JpaWebConfiguration - spring.jpa.open-in-view is enabled by default. Therefore, database queries may be performed during view rendering. Explicitly configure spring.jpa.open-in-view to disable this warning
2026-04-06 23:44:25 [restartedMain] INFO  o.s.b.d.a.OptionalLiveReloadServer - LiveReload server is running on port 35729
2026-04-06 23:44:25 [restartedMain] INFO  o.a.coyote.http11.Http11NioProtocol - Starting ProtocolHandler ["http-nio-8080"]
2026-04-06 23:44:25 [restartedMain] INFO  o.s.b.w.e.tomcat.TomcatWebServer - Tomcat started on port 8080 (http) with context path '/'
2026-04-06 23:44:25 [restartedMain] INFO  c.e.carservice.CarServiceApplication - Started CarServiceApplication in 2.217 seconds (process running for 515.31)
2026-04-06 23:44:25 [restartedMain] INFO  c.e.c.config.DataInitializer - === Создание клиентов ===
2026-04-06 23:44:25 [restartedMain] INFO  c.e.c.config.DataInitializer - === Создание машин ===
2026-04-06 23:44:25 [restartedMain] INFO  c.e.c.config.DataInitializer - === Создание механиков ===
2026-04-06 23:44:25 [restartedMain] INFO  c.e.c.config.DataInitializer - === Создание услуг ===
2026-04-06 23:44:25 [restartedMain] INFO  c.e.c.config.DataInitializer - === Создание запчастей ===
2026-04-06 23:44:25 [restartedMain] INFO  c.e.c.config.DataInitializer - === Создание заказов ===
2026-04-06 23:44:25 [restartedMain] INFO  c.e.c.config.DataInitializer - Клиентов: 4
2026-04-06 23:44:25 [restartedMain] INFO  c.e.c.config.DataInitializer - Машин: 5
2026-04-06 23:44:25 [restartedMain] INFO  c.e.c.config.DataInitializer - Механиков: 4
2026-04-06 23:44:25 [restartedMain] INFO  c.e.c.config.DataInitializer - Услуг: 5
2026-04-06 23:44:25 [restartedMain] INFO  c.e.c.config.DataInitializer - Запчастей: 5
2026-04-06 23:44:25 [restartedMain] INFO  c.e.c.config.DataInitializer - Заказов: 4
2026-04-06 23:44:25 [restartedMain] INFO  c.e.c.service.impl.OrderServiceImpl - === Без оптимизации (N+1) ===
2026-04-06 23:44:25 [restartedMain] INFO  c.e.c.service.impl.OrderServiceImpl - Загружено 4 заказов без оптимизации
2026-04-06 23:44:25 [restartedMain] DEBUG c.e.c.service.impl.OrderServiceImpl - Order 1: client Петров
2026-04-06 23:44:25 [restartedMain] DEBUG c.e.c.service.impl.OrderServiceImpl - Order 2: client Сидорова
2026-04-06 23:44:25 [restartedMain] DEBUG c.e.c.service.impl.OrderServiceImpl - Order 3: client Новикова
2026-04-06 23:44:25 [restartedMain] DEBUG c.e.c.service.impl.OrderServiceImpl - Order 4: client Петров
2026-04-06 23:44:25 [restartedMain] INFO  c.e.c.service.impl.OrderServiceImpl - === Конец N+1 ===
2026-04-06 23:44:25 [restartedMain] INFO  c.e.c.service.impl.OrderServiceImpl - === С оптимизацией (один запрос) ===
2026-04-06 23:44:25 [restartedMain] INFO  c.e.c.service.impl.OrderServiceImpl - Загружено 4 заказов с оптимизацией
2026-04-06 23:44:25 [restartedMain] DEBUG c.e.c.service.impl.OrderServiceImpl - Order 1: client Петров
2026-04-06 23:44:25 [restartedMain] DEBUG c.e.c.service.impl.OrderServiceImpl - Order 2: client Сидорова
2026-04-06 23:44:25 [restartedMain] DEBUG c.e.c.service.impl.OrderServiceImpl - Order 3: client Новикова
2026-04-06 23:44:25 [restartedMain] DEBUG c.e.c.service.impl.OrderServiceImpl - Order 4: client Петров
2026-04-06 23:44:25 [restartedMain] INFO  c.e.c.service.impl.OrderServiceImpl - === Конец оптимизации ===
2026-04-06 23:44:25 [restartedMain] INFO  c.e.c.aspect.ServiceLoggingAspect - Method OrderServiceImpl.demonstrateNplus1Problem() executed in 16 ms
2026-04-06 23:44:25 [restartedMain] INFO  c.e.c.config.DataInitializer - === Используем машину с ID: 1 ===
2026-04-06 23:44:25 [restartedMain] INFO  c.e.c.config.DataInitializer - 
=== ТЕСТ 1: Без @Transactional ===
2026-04-06 23:44:25 [restartedMain] INFO  c.e.c.service.impl.OrderServiceImpl - === СОХРАНЕНИЕ БЕЗ @Transactional ===
2026-04-06 23:44:25 [restartedMain] INFO  c.e.c.service.impl.OrderServiceImpl - 1. Заказ сохранён, ID: 5
2026-04-06 23:44:25 [restartedMain] INFO  c.e.c.service.impl.OrderServiceImpl - 2. Имитируем ошибку...
2026-04-06 23:44:25 [restartedMain] ERROR c.e.c.config.DataInitializer - Ошибка: Ошибка после частичного сохранения! Заказ остался в БД.
2026-04-06 23:44:25 [restartedMain] INFO  c.e.c.config.DataInitializer - 
=== ТЕСТ 2: С @Transactional ===
2026-04-06 23:44:25 [restartedMain] INFO  c.e.c.service.impl.OrderServiceImpl - === СОХРАНЕНИЕ С @Transactional ===
2026-04-06 23:44:25 [restartedMain] INFO  c.e.c.service.impl.OrderServiceImpl - 1. Заказ сохранён, ID: 6
2026-04-06 23:44:25 [restartedMain] INFO  c.e.c.service.impl.OrderServiceImpl - 2. Услуги добавлены
2026-04-06 23:44:25 [restartedMain] INFO  c.e.c.service.impl.OrderServiceImpl - 3. Имитируем ошибку...
2026-04-06 23:44:25 [restartedMain] ERROR c.e.c.config.DataInitializer - Ошибка: Ошибка! Всё должно откатиться.
2026-04-06 23:44:25 [restartedMain] INFO  o.s.b.d.a.ConditionEvaluationDeltaLoggingListener - Condition evaluation unchanged
2026-04-06 23:44:26 [File Watcher] INFO  o.s.b.d.a.LocalDevToolsAutoConfiguration$RestartingClassPathChangeChangedEventListener - Restarting due to 2 class path changes (2 additions, 0 deletions, 0 modifications)
2026-04-06 23:44:26 [Thread-15] INFO  o.s.b.w.e.tomcat.GracefulShutdown - Commencing graceful shutdown. Waiting for active requests to complete
2026-04-06 23:44:26 [tomcat-shutdown] INFO  o.a.coyote.http11.Http11NioProtocol - Pausing ProtocolHandler ["http-nio-8080"]
2026-04-06 23:44:26 [tomcat-shutdown] INFO  o.s.b.w.e.tomcat.GracefulShutdown - Graceful shutdown complete
2026-04-06 23:44:26 [Thread-15] INFO  o.a.coyote.http11.Http11NioProtocol - Stopping ProtocolHandler ["http-nio-8080"]
2026-04-06 23:44:26 [Thread-15] INFO  o.s.o.j.LocalContainerEntityManagerFactoryBean - Closing JPA EntityManagerFactory for persistence unit 'default'
2026-04-06 23:44:26 [Thread-15] INFO  com.zaxxer.hikari.HikariDataSource - HikariPool-4 - Shutdown initiated...
2026-04-06 23:44:26 [Thread-15] INFO  com.zaxxer.hikari.HikariDataSource - HikariPool-4 - Shutdown completed.
2026-04-06 23:44:26 [restartedMain] INFO  c.e.carservice.CarServiceApplication - Starting CarServiceApplication using Java 25.0.2 with PID 38208 (D:\Java\carService\target\classes started by Dzmitry in D:\Java\carService)
2026-04-06 23:44:26 [restartedMain] DEBUG c.e.carservice.CarServiceApplication - Running with Spring Boot v3.5.6, Spring v6.2.11
2026-04-06 23:44:26 [restartedMain] INFO  c.e.carservice.CarServiceApplication - The following 1 profile is active: "local"
2026-04-06 23:44:27 [restartedMain] INFO  o.s.d.r.c.RepositoryConfigurationDelegate - Bootstrapping Spring Data JPA repositories in DEFAULT mode.
2026-04-06 23:44:27 [restartedMain] INFO  o.s.d.r.c.RepositoryConfigurationDelegate - Finished Spring Data repository scanning in 30 ms. Found 7 JPA repository interfaces.
2026-04-06 23:44:27 [restartedMain] INFO  o.s.b.w.e.tomcat.TomcatWebServer - Tomcat initialized with port 8080 (http)
2026-04-06 23:44:27 [restartedMain] INFO  o.a.coyote.http11.Http11NioProtocol - Initializing ProtocolHandler ["http-nio-8080"]
2026-04-06 23:44:27 [restartedMain] INFO  o.a.catalina.core.StandardService - Starting service [Tomcat]
2026-04-06 23:44:27 [restartedMain] INFO  o.a.catalina.core.StandardEngine - Starting Servlet engine: [Apache Tomcat/10.1.46]
2026-04-06 23:44:27 [restartedMain] INFO  o.a.c.c.C.[Tomcat].[localhost].[/] - Initializing Spring embedded WebApplicationContext
2026-04-06 23:44:27 [restartedMain] INFO  o.s.b.w.s.c.ServletWebServerApplicationContext - Root WebApplicationContext: initialization completed in 617 ms
2026-04-06 23:44:27 [restartedMain] INFO  o.h.jpa.internal.util.LogHelper - HHH000204: Processing PersistenceUnitInfo [name: default]
2026-04-06 23:44:27 [restartedMain] INFO  o.h.c.i.RegionFactoryInitiator - HHH000026: Second-level cache disabled
2026-04-06 23:44:27 [restartedMain] INFO  o.s.o.j.p.SpringPersistenceUnitInfo - No LoadTimeWeaver setup: ignoring JPA class transformer
2026-04-06 23:44:27 [restartedMain] INFO  com.zaxxer.hikari.HikariDataSource - HikariPool-5 - Starting...
2026-04-06 23:44:27 [restartedMain] INFO  com.zaxxer.hikari.pool.HikariPool - HikariPool-5 - Added connection org.postgresql.jdbc.PgConnection@3ef97640
2026-04-06 23:44:27 [restartedMain] INFO  com.zaxxer.hikari.HikariDataSource - HikariPool-5 - Start completed.
2026-04-06 23:44:27 [restartedMain] INFO  o.hibernate.orm.connections.pooling - HHH10001005: Database info:
	Database JDBC URL [Connecting through datasource 'HikariDataSource (HikariPool-5)']
	Database driver: undefined/unknown
	Database version: 18.3
	Autocommit mode: undefined/unknown
	Isolation level: undefined/unknown
	Minimum pool size: undefined/unknown
	Maximum pool size: undefined/unknown
2026-04-06 23:44:27 [restartedMain] INFO  o.h.e.t.j.p.i.JtaPlatformInitiator - HHH000489: No JTA platform available (set 'hibernate.transaction.jta.platform' to enable JTA platform integration)
2026-04-06 23:44:27 [restartedMain] INFO  o.s.o.j.LocalContainerEntityManagerFactoryBean - Initialized JPA EntityManagerFactory for persistence unit 'default'
2026-04-06 23:44:28 [restartedMain] WARN  o.s.b.a.o.j.JpaBaseConfiguration$JpaWebConfiguration - spring.jpa.open-in-view is enabled by default. Therefore, database queries may be performed during view rendering. Explicitly configure spring.jpa.open-in-view to disable this warning
2026-04-06 23:44:28 [restartedMain] INFO  o.s.b.d.a.OptionalLiveReloadServer - LiveReload server is running on port 35729
2026-04-06 23:44:28 [restartedMain] INFO  o.a.coyote.http11.Http11NioProtocol - Starting ProtocolHandler ["http-nio-8080"]
2026-04-06 23:44:28 [restartedMain] INFO  o.s.b.w.e.tomcat.TomcatWebServer - Tomcat started on port 8080 (http) with context path '/'
2026-04-06 23:44:28 [restartedMain] INFO  c.e.carservice.CarServiceApplication - Started CarServiceApplication in 1.882 seconds (process running for 518.77)
2026-04-06 23:44:28 [restartedMain] INFO  c.e.c.config.DataInitializer - === Создание клиентов ===
2026-04-06 23:44:28 [restartedMain] INFO  c.e.c.config.DataInitializer - === Создание машин ===
2026-04-06 23:44:28 [restartedMain] INFO  c.e.c.config.DataInitializer - === Создание механиков ===
2026-04-06 23:44:28 [restartedMain] INFO  c.e.c.config.DataInitializer - === Создание услуг ===
2026-04-06 23:44:28 [restartedMain] INFO  c.e.c.config.DataInitializer - === Создание запчастей ===
2026-04-06 23:44:28 [restartedMain] INFO  c.e.c.config.DataInitializer - === Создание заказов ===
2026-04-06 23:44:28 [restartedMain] INFO  c.e.c.config.DataInitializer - Клиентов: 4
2026-04-06 23:44:28 [restartedMain] INFO  c.e.c.config.DataInitializer - Машин: 5
2026-04-06 23:44:28 [restartedMain] INFO  c.e.c.config.DataInitializer - Механиков: 4
2026-04-06 23:44:28 [restartedMain] INFO  c.e.c.config.DataInitializer - Услуг: 5
2026-04-06 23:44:28 [restartedMain] INFO  c.e.c.config.DataInitializer - Запчастей: 5
2026-04-06 23:44:28 [restartedMain] INFO  c.e.c.config.DataInitializer - Заказов: 4
2026-04-06 23:44:28 [restartedMain] INFO  c.e.c.service.impl.OrderServiceImpl - === Без оптимизации (N+1) ===
2026-04-06 23:44:28 [restartedMain] INFO  c.e.c.service.impl.OrderServiceImpl - Загружено 4 заказов без оптимизации
2026-04-06 23:44:28 [restartedMain] DEBUG c.e.c.service.impl.OrderServiceImpl - Order 1: client Петров
2026-04-06 23:44:28 [restartedMain] DEBUG c.e.c.service.impl.OrderServiceImpl - Order 2: client Сидорова
2026-04-06 23:44:28 [restartedMain] DEBUG c.e.c.service.impl.OrderServiceImpl - Order 3: client Новикова
2026-04-06 23:44:28 [restartedMain] DEBUG c.e.c.service.impl.OrderServiceImpl - Order 4: client Петров
2026-04-06 23:44:28 [restartedMain] INFO  c.e.c.service.impl.OrderServiceImpl - === Конец N+1 ===
2026-04-06 23:44:28 [restartedMain] INFO  c.e.c.service.impl.OrderServiceImpl - === С оптимизацией (один запрос) ===
2026-04-06 23:44:28 [restartedMain] INFO  c.e.c.service.impl.OrderServiceImpl - Загружено 4 заказов с оптимизацией
2026-04-06 23:44:28 [restartedMain] DEBUG c.e.c.service.impl.OrderServiceImpl - Order 1: client Петров
2026-04-06 23:44:28 [restartedMain] DEBUG c.e.c.service.impl.OrderServiceImpl - Order 2: client Сидорова
2026-04-06 23:44:28 [restartedMain] DEBUG c.e.c.service.impl.OrderServiceImpl - Order 3: client Новикова
2026-04-06 23:44:28 [restartedMain] DEBUG c.e.c.service.impl.OrderServiceImpl - Order 4: client Петров
2026-04-06 23:44:28 [restartedMain] INFO  c.e.c.service.impl.OrderServiceImpl - === Конец оптимизации ===
2026-04-06 23:44:28 [restartedMain] INFO  c.e.c.aspect.ServiceLoggingAspect - Method OrderServiceImpl.demonstrateNplus1Problem() executed in 25 ms
2026-04-06 23:44:28 [restartedMain] INFO  c.e.c.config.DataInitializer - === Используем машину с ID: 1 ===
2026-04-06 23:44:28 [restartedMain] INFO  c.e.c.config.DataInitializer - 
=== ТЕСТ 1: Без @Transactional ===
2026-04-06 23:44:28 [restartedMain] INFO  c.e.c.service.impl.OrderServiceImpl - === СОХРАНЕНИЕ БЕЗ @Transactional ===
2026-04-06 23:44:28 [restartedMain] INFO  c.e.c.service.impl.OrderServiceImpl - 1. Заказ сохранён, ID: 5
2026-04-06 23:44:28 [restartedMain] INFO  c.e.c.service.impl.OrderServiceImpl - 2. Имитируем ошибку...
2026-04-06 23:44:28 [restartedMain] ERROR c.e.c.config.DataInitializer - Ошибка: Ошибка после частичного сохранения! Заказ остался в БД.
2026-04-06 23:44:28 [restartedMain] INFO  c.e.c.config.DataInitializer - 
=== ТЕСТ 2: С @Transactional ===
2026-04-06 23:44:28 [restartedMain] INFO  c.e.c.service.impl.OrderServiceImpl - === СОХРАНЕНИЕ С @Transactional ===
2026-04-06 23:44:28 [restartedMain] INFO  c.e.c.service.impl.OrderServiceImpl - 1. Заказ сохранён, ID: 6
2026-04-06 23:44:28 [restartedMain] INFO  c.e.c.service.impl.OrderServiceImpl - 2. Услуги добавлены
2026-04-06 23:44:28 [restartedMain] INFO  c.e.c.service.impl.OrderServiceImpl - 3. Имитируем ошибку...
2026-04-06 23:44:28 [restartedMain] ERROR c.e.c.config.DataInitializer - Ошибка: Ошибка! Всё должно откатиться.
2026-04-06 23:44:28 [restartedMain] INFO  o.s.b.d.a.ConditionEvaluationDeltaLoggingListener - Condition evaluation unchanged
2026-04-06 23:52:50 [HikariPool-5:housekeeper] WARN  com.zaxxer.hikari.pool.HikariPool - HikariPool-5 - Thread starvation or clock leap detected (housekeeper delta=2m53s232ms627µs800ns).
